Number,Title,State,Author,Assignee,Labels,Created,Updated,Closed,URL,Description
32,Release: Final Deployment and Production Validation,open,sophia-dao,,"infrastructure, testing, blocked, security, release",2026-10-05T18:35:23Z,2026-10-05T18:35:37Z,,https://github.com/sophia-dao/cloud_computing_proj/issues/32,"## Goal

Deploy and validate the final version of the Recipe Suggestion application.

This issue is the final release gate for the project.

At this stage, major application features and infrastructure should already be implemented. The purpose of this issue is to:

- deploy the final approved application version
- verify the production AWS environment
- apply required database migrations
- validate frontend/backend integration
- verify authentication and authorization
- verify security configuration
- verify monitoring
- execute final smoke tests
- confirm documentation matches the deployed system
- record the final release version

Do not use this issue to introduce major new features.

## Where to Work

This task may involve:

```text
backend/
frontend/
.github/workflows/
docs/
```

Relevant documentation includes:

```text
README.md
backend/README.md
frontend/README.md

docs/system-design.md
docs/aws-architecture.md
docs/database-design.md
docs/api-design.md
docs/security-design.md
docs/performance-testing.md
docs/testing.md
docs/deployment.md
```

## Tasks

### Pre-Deployment

- [ ] Confirm intended release branch/commit
- [ ] Confirm required Pull Requests have been merged
- [ ] Verify CI passes
- [ ] Verify backend tests pass
- [ ] Verify frontend lint/build passes
- [ ] Verify backend Docker image builds
- [ ] Review unresolved high-priority bugs
- [ ] Review unresolved security findings
- [ ] Confirm production configuration is ready
- [ ] Confirm required AWS resources exist

### Backend Release

- [ ] Build the final backend Docker image
- [ ] Tag the image with a traceable version
- [ ] Push the final image to ECR
- [ ] Deploy the final backend version
- [ ] Apply required Django migrations
- [ ] Verify backend starts successfully
- [ ] Verify ALB health checks pass
- [ ] Verify all expected backend targets become healthy

### Frontend Release

- [ ] Build the final React production application
- [ ] Verify production API configuration
- [ ] Deploy frontend assets to S3
- [ ] Update/invalidate CloudFront where necessary
- [ ] Verify frontend loads through CloudFront
- [ ] Verify client-side routes work on direct navigation/refresh

### Database

- [ ] Verify Django connects to the production RDS database
- [ ] Verify required migrations are applied
- [ ] Verify expected database tables exist
- [ ] Verify persistent application data works
- [ ] Verify RDS is not publicly accessible

### Authentication

- [ ] Verify Guest access
- [ ] Verify Registered User authentication
- [ ] Verify Admin authentication
- [ ] Verify protected APIs reject unauthenticated requests
- [ ] Verify user ownership restrictions
- [ ] Verify Admin-only functionality is protected

### Application Smoke Testing

- [ ] Test Ingredient search
- [ ] Test Ingredient selection
- [ ] Test Recipe search
- [ ] Test Recipe Detail
- [ ] Test `AVAILABLE_ONLY`
- [ ] Test `PARTIAL_MATCH`
- [ ] Test Registered User inventory
- [ ] Test profile/preferences where implemented
- [ ] Test saved recipes
- [ ] Test representative Admin functionality

### AWS Validation

- [ ] Verify CloudFront
- [ ] Verify frontend S3
- [ ] Verify ALB
- [ ] Verify EC2 backend
- [ ] Verify ECR
- [ ] Verify RDS
- [ ] Verify media S3 where implemented
- [ ] Verify Cognito
- [ ] Verify Secrets Manager
- [ ] Verify CloudWatch
- [ ] Verify Auto Scaling where implemented

### Security Validation

- [ ] Verify public frontend uses HTTPS
- [ ] Verify public API uses HTTPS
- [ ] Verify EC2 application port is appropriately restricted
- [ ] Verify RDS is private
- [ ] Verify database access is restricted to the backend
- [ ] Verify production `DEBUG=False`
- [ ] Verify production CORS configuration
- [ ] Verify CSRF configuration where applicable
- [ ] Verify no production secrets are committed
- [ ] Verify no secrets are exposed in frontend bundles
- [ ] Verify no sensitive values appear in normal application logs

### Monitoring

- [ ] Verify backend logs reach CloudWatch
- [ ] Verify EC2 metrics
- [ ] Verify ALB metrics
- [ ] Verify RDS metrics
- [ ] Verify Auto Scaling metrics where applicable
- [ ] Verify CloudWatch dashboard
- [ ] Verify configured alarms are active

### Documentation

- [ ] Verify documentation matches deployed architecture
- [ ] Verify API documentation matches deployed endpoints
- [ ] Verify database documentation matches final models
- [ ] Verify security documentation matches final configuration
- [ ] Verify scalability results contain actual measurements
- [ ] Verify deployment instructions are reproducible
- [ ] Verify future features are not presented as implemented

## Final Production Architecture

Verify the final implementation against the documented architecture.

Conceptually:

```text
                           USERS
                             │
                           HTTPS
                             │
                 ┌───────────┴───────────┐
                 ▼                       ▼
             CloudFront                Cognito
                 │
                 ▼
            S3 Frontend
                 │
                 │ HTTPS API
                 ▼
                ALB
                 │
          ┌──────┴──────┐
          ▼             ▼
       EC2 #1         EC2 #2
       Django         Django
          │             │
          └──────┬──────┘
                 │
          ┌──────┴──────┐
          ▼             ▼
         RDS            S3
     PostgreSQL        Media


ECR ───────────────→ Backend Images

Secrets Manager ───→ Production Secrets

CloudWatch ────────→ Logs / Metrics / Alarms
```

Adjust this diagram to match what was actually deployed.

Do not create resources merely to make the diagram match earlier plans.

The documentation should match reality.

## Release Version

Record the exact application version being evaluated.

At minimum, record:

```text
Git commit:
Backend image tag:
Frontend build/version:
Deployment date:
```

This allows the final deployment to be traced back to source code.

Preferred relationship:

```text
Git Commit
    │
    ▼
CI/CD
    │
    ├── Backend Image
    │
    └── Frontend Build
    │
    ▼
Production Release
```

## Backend Validation

Run the appropriate backend checks before final deployment.

```bash
cd backend

python manage.py check
python manage.py test
```

For production configuration, also review:

```bash
python manage.py check --deploy
```

Do not ignore deployment warnings automatically.

Review whether each warning applies to the final architecture.

## Frontend Validation

Run:

```bash
cd frontend

npm run lint
npm run build
```

Run any additional automated tests defined by the project.

Verify that the production build uses the correct backend API configuration.

## Database Migrations

Before applying production migrations:

```text
Code
  │
  ▼
Migration Files
  │
  ▼
Review
  │
  ▼
Production Migration
```

Do not run destructive database operations casually.

After deployment, verify migration status.

For example:

```bash
python manage.py showmigrations
```

The exact production execution method should follow the established deployment architecture.

## Health Verification

After backend deployment:

```text
ALB
 │
 ├── Target #1 → Healthy
 │
 └── Target #2 → Healthy
```

Do not consider the deployment successful merely because:

```text
Docker image pushed to ECR
```

The running application must actually become healthy.

## Final Smoke Test

Perform a short final test using the deployed application.

### Guest

```text
Open Frontend
     ↓
Search Ingredients
     ↓
Select Ingredients
     ↓
Request Recommendation
     ↓
Open Recipe
```

### Registered User

```text
Sign In
   ↓
Inventory
   ↓
Recommendations
   ↓
Recipe
   ↓
Save Recipe
   ↓
Profile
```

### Admin

```text
Sign In
   ↓
Admin Functionality
   ↓
Normal User Functionality
```

Use the final implemented functionality rather than testing planned features that were postponed.

## Recommendation Validation

Verify both required recommendation modes:

```text
AVAILABLE_ONLY
```

and:

```text
PARTIAL_MATCH
```

Confirm that the frontend and backend agree on:

```text
ingredient IDs
recipe IDs
match information
missing ingredients
response structure
```

## Canonical Ingredient Validation

Verify the final system still follows:

```text
                  Ingredient
                  /        \
                 ▼          ▼
             Inventory    Recipes
                  \        /
                   ▼      ▼
                Recommendations
```

Inventory and Recipes should not have introduced independent competing Ingredient models.

## Persistence Test

Perform at least one persistence check.

Example:

```text
User
  ↓
Add Inventory Item
  ↓
RDS
  ↓
Restart/redeploy backend
  ↓
Sign In
  ↓
Inventory Item Still Exists
```

This demonstrates that application state is not tied to an individual EC2 instance.

## Multiple-Instance Validation

If multiple backend instances are deployed, verify:

```text
              ALB
            /     \
           ▼       ▼
        EC2 #1   EC2 #2
```

Both should:

- run the intended application version
- become healthy
- use the same RDS database
- use the same persistent media architecture
- enforce the same authentication/authorization rules
- obtain production configuration securely

Users should not receive inconsistent application state based on which instance serves a request.

## Auto Scaling Validation

Where Auto Scaling is implemented, verify:

```text
Minimum Capacity
Desired Capacity
Maximum Capacity
Scaling Policy
Launch Template
Target Group
Health Checks
```

Do not intentionally generate another large load test if #26 already produced sufficient evidence.

The purpose here is final configuration verification.

## Security Review

Recheck the most important boundaries:

```text
Internet
   │
   ▼
ALB
   │
   ▼
EC2
   │
   ▼
RDS
```

Expected:

```text
Internet → ALB       ✓
ALB → EC2            ✓
EC2 → RDS            ✓

Internet → EC2 app   ✗
Internet → RDS       ✗
Frontend → RDS       ✗
```

Administrative access should also remain restricted.

## Secrets Review

Confirm:

```text
Git
✗ production secrets

Docker image
✗ production secrets

React bundle
✗ backend secrets

Secrets Manager
✓ sensitive production configuration
```

Do not expose secret values while collecting final evidence.

## CloudWatch Validation

Generate representative application traffic.

Then verify that the appropriate metrics/logs update.

For example:

```text
Request
   │
   ▼
ALB
   │
   ▼
Django
```

should produce observable operational data in the appropriate monitoring systems.

Confirm the dashboard remains useful for explaining system behavior during the final presentation.

## Final Scalability Evidence

Do not rerun scalability tests unnecessarily if #26 already produced valid results.

Instead verify that:

```text
docs/performance-testing.md
```

contains the final measured:

- throughput
- average latency
- p95 latency
- error rate
- infrastructure metrics
- one-vs-multiple-instance comparison where performed

and corresponding graphs/tables.

These statistics should correspond to actual tests.

## Final Security Evidence

Verify:

```text
docs/security-design.md
```

contains the results from #29.

Useful evidence may include:

```text
Authentication tests
Authorization tests
User ownership tests
HTTPS validation
RDS isolation
Security-group validation
Secret-management validation
```

Do not claim tests were performed if they were not.

## Final Integration Evidence

Verify #30's major workflows have been executed against the final application version.

If the final deployment differs substantially from the version previously tested, rerun the affected tests.

## Failure Handling

If a release-blocking problem is discovered:

```text
Final Validation
      │
      ▼
Problem Found
      │
      ▼
Create/Fix Issue
      │
      ▼
PR
      │
      ▼
CI
      │
      ▼
Redeploy
      │
      ▼
Retest
```

Do not silently patch production and leave the repository inconsistent with the deployed application.

## Release-Blocking Problems

Examples include:

```text
Application cannot start
Frontend cannot reach API
Database migrations fail
Authentication is broken
Users can access other users' private data
Admin authorization is broken
Production secrets are exposed
RDS is publicly accessible
Major required workflow does not work
```

These should be resolved before declaring the final release complete.

Minor known limitations may be documented instead where appropriate.

## Evidence Collection

Collect useful final evidence for the report/presentation.

Examples:

```text
Final application
Architecture
AWS deployment
CloudWatch dashboard
Scalability graphs
Security configuration
Successful CI/CD pipeline
```

Review screenshots carefully before including them.

Do not expose:

- passwords
- secret values
- authentication tokens
- private keys
- AWS credentials

## Cost Review

Before considering the project complete, review active AWS resources.

Document which resources are required for the demo/evaluation.

After the course/demo is complete, resources that are no longer needed should be stopped or removed appropriately to avoid unnecessary charges.

Do not destroy required project infrastructure before final evaluation.

## Important

This issue is a **release gate**, not another feature-development sprint.

If a nonessential new feature is proposed at this point, prefer moving it to future work rather than destabilizing the final application.

The priority is:

```text
Correct
   +
Secure
   +
Tested
   +
Documented
   +
Deployable
```

not:

```text
Maximum number of features
```

### Do NOT

- Add major new features during final validation
- Deploy code that failed CI
- Ignore failing tests
- Ignore failed migrations
- Ignore unhealthy ALB targets
- Mark untested workflows as passing
- Fabricate scalability statistics
- Claim unimplemented infrastructure exists
- Expose RDS
- Expose production secrets
- Disable security controls to make the demo work
- Manually patch production without updating source control
- Delete required AWS resources before evaluation
- Present future features as completed
- Push final fixes directly to `main`

## Acceptance Criteria

### Release

- [ ] Final Git commit is identified
- [ ] CI passes
- [ ] Final backend image is versioned
- [ ] Final frontend build is identified
- [ ] Final production deployment is traceable to source code

### Backend

- [ ] Backend starts successfully
- [ ] Django checks pass
- [ ] Backend tests pass
- [ ] Required migrations are applied
- [ ] ALB reports healthy backend target(s)

### Frontend

- [ ] Frontend production build succeeds
- [ ] Frontend is accessible through CloudFront
- [ ] Frontend communicates with the production API
- [ ] Client-side routes work
- [ ] No major browser console/network errors remain

### Application

- [ ] Guest core workflow passes
- [ ] Registered User core workflow passes
- [ ] Admin core workflow passes
- [ ] `AVAILABLE_ONLY` works
- [ ] `PARTIAL_MATCH` works
- [ ] Canonical Ingredient architecture remains intact
- [ ] Persistent data survives backend replacement/restart

### Security

- [ ] HTTPS is enabled for public application traffic
- [ ] Authentication works
- [ ] Authorization works
- [ ] User ownership isolation works
- [ ] RDS is not public
- [ ] Backend network exposure is appropriately restricted
- [ ] Production secrets are externally managed
- [ ] No known release-blocking security issue remains

### Infrastructure

- [ ] ECR works
- [ ] EC2 backend works
- [ ] ALB works
- [ ] RDS works
- [ ] S3 works where applicable
- [ ] CloudFront works
- [ ] Cognito works
- [ ] Secrets Manager works
- [ ] CloudWatch works
- [ ] Auto Scaling works where implemented

### Testing

- [ ] Integration/E2E testing is complete
- [ ] Security testing is complete
- [ ] Scalability testing is complete
- [ ] Actual test results are documented
- [ ] Release-blocking failures have been resolved and retested

### Documentation

- [ ] README is current
- [ ] System design is current
- [ ] AWS architecture is current
- [ ] Database design is current
- [ ] API documentation is current
- [ ] Security documentation is current
- [ ] Performance/scalability documentation is current
- [ ] Deployment documentation is current
- [ ] Documentation reflects actual implementation

## Before Closing This Issue

Perform one final production walkthrough:

```text
Guest
   ↓
Registered User
   ↓
Admin
   ↓
AWS Infrastructure
   ↓
Security
   ↓
Monitoring
   ↓
Documentation
```

Record:

```text
Final Git commit:
Backend image tag:
Frontend version:
Deployment date:
Known limitations:
```

Confirm there are no unresolved release-blocking problems.

Once this checklist is complete, the application is ready for final evaluation/demo.

## Suggested Branch

`release/final-validation`"
31,Documentation: Final System Design and Architecture,open,sophia-dao,,"documentation, scalability, security",2026-10-05T18:32:28Z,2026-10-05T18:32:28Z,,https://github.com/sophia-dao/cloud_computing_proj/issues/31,"## Goal

Create and finalize the technical documentation for the Recipe Suggestion application.

The documentation should explain:

- overall system architecture
- frontend architecture
- backend architecture
- database design
- API design
- AWS deployment architecture
- authentication and authorization
- security design
- scalability design
- monitoring
- measured scalability results
- deployment process

The documentation should reflect the system that was actually implemented.

Do not document planned components as completed if they were not implemented.

## Where to Work

Primary documentation should be stored under:

```text
docs/
```

Expected documentation may include:

```text
docs/
├── system-design.md
├── aws-architecture.md
├── database-design.md
├── api-design.md
├── security-design.md
├── performance-testing.md
├── testing.md
└── deployment.md
```

Existing documentation should be updated rather than duplicated unnecessarily.

Also review:

```text
README.md
backend/README.md
frontend/README.md
CONTRIBUTING.md
```

## Tasks

### Main README

- [ ] Update project overview
- [ ] Describe the problem being solved
- [ ] Describe major application features
- [ ] Document the technology stack
- [ ] Link to detailed documentation
- [ ] Include basic local setup instructions
- [ ] Include high-level architecture diagram

### System Design

- [ ] Document overall architecture
- [ ] Document frontend/backend separation
- [ ] Document major application modules
- [ ] Document major data flows
- [ ] Document Guest, Registered User, and Admin roles
- [ ] Document recommendation modes
- [ ] Document canonical Ingredient architecture

### Database Design

- [ ] Finalize database/model documentation
- [ ] Document important relationships
- [ ] Document canonical Ingredient relationships
- [ ] Document user-owned resources
- [ ] Include final ER diagram where useful
- [ ] Ensure documentation matches implemented models

### API Design

- [ ] Document major API endpoints
- [ ] Document authentication requirements
- [ ] Document important request/response structures
- [ ] Document recommendation API behavior
- [ ] Document common error behavior
- [ ] Ensure API documentation matches implementation

### AWS Architecture

- [ ] Document frontend hosting
- [ ] Document backend deployment
- [ ] Document ECR
- [ ] Document EC2
- [ ] Document ALB
- [ ] Document Auto Scaling
- [ ] Document RDS
- [ ] Document S3
- [ ] Document CloudFront
- [ ] Document Cognito
- [ ] Document Secrets Manager
- [ ] Document CloudWatch
- [ ] Include final AWS architecture diagram

### Security Design

- [ ] Document authentication
- [ ] Document authorization
- [ ] Document user-data isolation
- [ ] Document HTTPS
- [ ] Document security groups
- [ ] Document IAM
- [ ] Document secret management
- [ ] Document RDS isolation
- [ ] Document CORS/CSRF configuration
- [ ] Document security testing performed
- [ ] Document known limitations

### Scalability

- [ ] Explain horizontal backend scaling
- [ ] Explain stateless backend design
- [ ] Explain ALB traffic distribution
- [ ] Explain Auto Scaling behavior
- [ ] Explain RDS persistence
- [ ] Explain S3 media persistence
- [ ] Explain CloudFront/S3 frontend delivery
- [ ] Include actual scalability statistics
- [ ] Include performance graphs/tables
- [ ] Document observed bottlenecks
- [ ] Document test limitations

### Monitoring

- [ ] Document CloudWatch architecture
- [ ] Document important metrics
- [ ] Document logging
- [ ] Document alarms
- [ ] Explain how monitoring supported scalability analysis

### Deployment

- [ ] Document backend deployment
- [ ] Document frontend deployment
- [ ] Document environment configuration
- [ ] Document database migrations
- [ ] Document CI/CD workflow
- [ ] Document rollback procedure
- [ ] Document final deployment verification

## Final Architecture

The documentation should include a diagram representing the final implemented system.

Conceptually:

```text
                           USERS
                             │
                           HTTPS
                             │
                 ┌───────────┴───────────┐
                 │                       │
                 ▼                       ▼
             CloudFront                Cognito
                 │
                 ▼
            S3 Frontend
                 │
                 │ HTTPS API
                 ▼
                ALB
                 │
          ┌──────┴──────┐
          ▼             ▼
       EC2 #1         EC2 #2
       Django         Django
          │             │
          └──────┬──────┘
                 │
          ┌──────┴──────┐
          ▼             ▼
         RDS            S3
     PostgreSQL        Media


ECR ───────────────→ Backend Images

Secrets Manager ───→ Backend Configuration

CloudWatch ────────→ Logs / Metrics / Alarms
```

Adjust this diagram to reflect the actual final implementation.

Do not show resources that were not actually deployed as though they were part of the completed system.

## Application Architecture

Document the major logical components.

```text
React Frontend
      │
      ▼
Django REST API
      │
      ├── Users
      ├── Ingredients
      ├── Recipes
      ├── Inventory
      ├── Recommendations
      └── Saved Recipes
```

Explain the responsibility of each component briefly.

## Canonical Ingredient Design

Document the shared Ingredient architecture clearly.

```text
                 Ingredient
                /    |     \
               /     |      \
              ▼      ▼       ▼
         Inventory Recipes Recommendations
```

Explain why the system uses one canonical ingredient representation rather than allowing each module to create its own ingredient model.

This is an important architectural decision and should be visible in the final design.

## User Roles

Document the final supported roles.

```text
Guest
│
├── Select temporary ingredients
├── Request recommendations
└── View recipes


Registered User
│
├── All Guest functionality
├── Persistent inventory
├── Saved recipes
├── Profile
└── Preferences / allergies


Admin
│
├── Registered User functionality
└── Administrative functionality
```

Adjust this based on the actual final implementation.

Do not document later features such as Reviews or Shopping Lists as completed if they were intentionally postponed.

## Recommendation Modes

Document:

```text
AVAILABLE_ONLY
```

and:

```text
PARTIAL_MATCH
```

Explain the input and expected behavior of each mode.

Include the actual matching logic used by the implemented Recommendation service.

## Security Architecture

Security documentation should show defense in depth.

```text
HTTPS
   │
   ▼
Authentication
   │
   ▼
Authorization
   │
   ▼
Application Validation
   │
   ▼
Network Security
   │
   ▼
IAM / Secret Management
```

Explain that no individual layer provides complete security.

## Network Security

Include the security-group architecture.

```text
Internet
   │
   ▼
ALB Security Group
   │
   ▼
EC2 Security Group
   │
   ▼
RDS Security Group
```

Document which traffic is permitted between tiers.

Do not include actual secret values or sensitive credentials.

## Scalability Design

Explain how different tiers scale.

### Frontend

```text
CloudFront
    │
    ▼
S3
```

Static frontend delivery is separated from backend compute.

### Backend

```text
            ALB
          /     \
         ▼       ▼
      EC2 #1   EC2 #2
```

Backend capacity can scale horizontally.

### Database

```text
EC2 Instances
      │
      ▼
     RDS
```

Persistent relational data does not live on individual backend instances.

### Media

```text
EC2 Instances
      │
      ▼
      S3
```

Application media does not depend on EC2 instance storage.

## Scalability Evidence

Architecture alone is not sufficient.

Include the actual results produced by the scalability-testing issue.

For example:

```text
Users | EC2 | Req/s | Avg ms | p95 ms | Error %
--------------------------------------------------
...   | ... |  ...  |  ...   |  ...   |   ...
```

The actual table must contain measured values.

Include graphs where useful, such as:

```text
Concurrent Users
       vs.
Requests per Second
```

and:

```text
Concurrent Users
       vs.
p95 Response Time
```

Compare configurations such as:

```text
1 EC2
vs.
2 EC2
```

where those tests were actually performed.

## Scalability Analysis

Do not simply insert graphs.

Explain what they mean.

For example:

```text
At increasing load:
- throughput changed by ...
- p95 latency changed by ...
- EC2 CPU changed by ...
- database utilization changed by ...
```

Then identify the likely bottleneck using the measured CloudWatch data.

Do not claim that scaling improved performance unless the measurements demonstrate it.

## Security Evidence

Include evidence from the security-testing issue.

For example:

```text
Control/Test                    Result
---------------------------------------
HTTPS frontend                  PASS
HTTPS API                       PASS
RDS public access disabled      PASS
User ownership isolation        PASS
Admin authorization             PASS
Secret scan                     PASS
```

Only report tests that were actually performed.

## Monitoring

Explain how CloudWatch provides observability.

```text
EC2 ──┐
ALB ──┤
RDS ──┼──→ CloudWatch
ASG ──┘
        │
        ├── Metrics
        ├── Logs
        ├── Dashboard
        └── Alarms
```

Identify the metrics actually used during scalability testing.

## Design Decisions

Document important design decisions and why they were made.

Examples include:

```text
Why Django?

Why React?

Why PostgreSQL/RDS?

Why EC2?

Why ALB?

Why Auto Scaling?

Why S3?

Why CloudFront?

Why Cognito?

Why one canonical Ingredient model?

Why separate frontend and backend deployments?
```

Keep explanations tied to project requirements.

Avoid generic statements such as:

```text
""AWS was selected because AWS is the best cloud.""
```

Instead explain what each technology provides to this specific system.

## Limitations

Document known limitations.

Possible examples:

```text
Small class-project test environment
Limited performance-test duration
Limited dataset size
No multi-region deployment
No database read replicas
No advanced recommendation ML
No full disaster-recovery environment
```

Only list limitations that actually apply.

A limitations section makes the engineering evaluation more credible.

## Future Work

Features intentionally postponed can be documented here.

For example:

```text
Reviews
Shopping Lists
Advanced ingredient normalization
AI ingredient recognition
More advanced recommendation algorithms
Mobile application
```

These should be clearly labeled as future work rather than implemented functionality.

## Statistics

Any quantitative claim should be supported.

Avoid:

```text
""The system can easily support thousands of users.""
```

unless testing demonstrates that.

Prefer:

```text
""During our controlled test with X concurrent users,
the system achieved Y requests/second with a p95
response time of Z ms.""
```

That directly addresses the professor's requirement for scalability **with statistics**.

## Screenshots

Where useful, include screenshots of:

```text
Application
AWS architecture/resources
CloudWatch dashboard
Auto Scaling behavior
Load-test results
Security configuration
```

Before including screenshots, verify they do not expose:

- AWS account IDs unnecessarily
- credentials
- tokens
- passwords
- secret values
- private keys

## Documentation Consistency

Before finalizing, compare:

```text
Documentation
      ↕
Actual Code
      ↕
Actual AWS Deployment
```

These should agree.

For example, do not document:

```text
2 EC2 Auto Scaling instances
```

if the final implementation uses one manually deployed EC2 instance.

Instead explain what was actually implemented and, if relevant, what was designed but not completed.

## Important

The final documentation should distinguish between:

```text
Implemented
```

and:

```text
Planned / Future Work
```

This is especially important for the final presentation and professor evaluation.

### Do NOT

- Invent scalability statistics
- Claim unimplemented AWS services were deployed
- Claim security tests were performed when they were not
- Include secret values
- Include passwords
- Include authentication tokens
- Include private keys
- Document outdated API contracts
- Document outdated database models
- Present future features as completed
- Claim the system is infinitely scalable
- Claim the system is completely secure
- Copy generic AWS descriptions without connecting them to this project
- Ignore limitations or negative test results
- Duplicate documentation unnecessarily
- Push major documentation changes directly to `main`

## Acceptance Criteria

### Architecture

- [ ] Final system architecture is documented
- [ ] Architecture diagram matches implementation
- [ ] Application components are documented
- [ ] AWS components are documented
- [ ] Major data flows are documented

### Application Design

- [ ] User roles are documented
- [ ] Canonical Ingredient design is documented
- [ ] Recommendation modes are documented
- [ ] Database relationships are documented
- [ ] API design matches implementation

### Security

- [ ] Security architecture is documented
- [ ] Authentication/authorization are documented
- [ ] Network security is documented
- [ ] Secret management is documented
- [ ] Security-testing results are included
- [ ] Known security limitations are documented

### Scalability

- [ ] Scalability architecture is documented
- [ ] Actual test methodology is documented
- [ ] Measured statistics are included
- [ ] Performance graphs/tables are included
- [ ] Results are analyzed
- [ ] Bottlenecks/limitations are discussed

### Operations

- [ ] Deployment process is documented
- [ ] Monitoring is documented
- [ ] CI/CD is documented
- [ ] Rollback procedure is documented

### Accuracy

- [ ] Documentation matches the final code
- [ ] Documentation matches deployed AWS resources
- [ ] Unimplemented features are not presented as completed
- [ ] Quantitative claims are supported by measured evidence
- [ ] Sensitive information is not included

## Before Submitting

Review:

```text
README.md

backend/README.md
frontend/README.md

docs/system-design.md
docs/aws-architecture.md
docs/database-design.md
docs/api-design.md
docs/security-design.md
docs/performance-testing.md
docs/testing.md
docs/deployment.md
```

Remove outdated information.

Verify architecture diagrams against the actual AWS deployment.

Verify API documentation against the implemented endpoints.

Verify database documentation against Django models.

Verify scalability statistics against actual test results.

Verify security claims against actual security tests.

Review screenshots for sensitive information.

Then open a Pull Request into `main`.

**Do not push major documentation changes directly to `main`.**

## Suggested Branch

`docs/final-system-design`"
30,Testing: Integration and End-to-End Application Testing,open,sophia-dao,,"backend, frontend, testing",2026-10-05T18:30:45Z,2026-10-05T18:30:45Z,,https://github.com/sophia-dao/cloud_computing_proj/issues/30,"## Goal

Perform integration and end-to-end testing of the Recipe Suggestion application.

Verify that the major frontend and backend components work correctly together and that complete user workflows behave as designed.

Unit tests for individual modules are not sufficient for this issue.

This issue should validate interactions between:

- React frontend
- Django REST API
- Authentication
- Ingredients
- Recipes
- Inventory
- Recommendations
- User profiles/preferences
- Saved recipes
- PostgreSQL/RDS
- S3 media where applicable

The goal is to verify that the application works as a complete system before final deployment.

## Where to Work

Testing may involve:

```text
backend/
frontend/
```

Potential additions include:

```text
backend/tests/
frontend/src/
tests/integration/
tests/e2e/
docs/testing.md
```

Use the project's existing testing structure where possible rather than creating unnecessary duplicate test directories.

Relevant documentation:

- `docs/api-design.md`
- `docs/database-design.md`
- `docs/system-design.md`
- `backend/README.md`
- frontend README
- `CONTRIBUTING.md`

## Tasks

### Integration Testing

- [ ] Verify frontend API services communicate with the Django API
- [ ] Verify API responses match frontend expectations
- [ ] Verify related Django modules work together correctly
- [ ] Verify database relationships behave correctly
- [ ] Verify authentication integrates with protected endpoints
- [ ] Verify user preferences affect relevant application behavior
- [ ] Verify inventory uses canonical Ingredient records
- [ ] Verify recipes use canonical Ingredient records
- [ ] Verify recommendations use the expected ingredient/recipe data
- [ ] Verify saved recipes work for authenticated users

### Guest Workflow

- [ ] Open the application without authentication
- [ ] Search/select ingredients
- [ ] Add/remove temporary ingredients
- [ ] Request recipe recommendations
- [ ] Test `AVAILABLE_ONLY`
- [ ] Test `PARTIAL_MATCH`
- [ ] Open a recipe detail page
- [ ] Verify Guest-only restrictions
- [ ] Verify Guest data behaves as temporary state

### Registered User Workflow

- [ ] Sign in as a Registered User
- [ ] Load the user profile
- [ ] Update preferences where supported
- [ ] Update allergies where supported
- [ ] Add inventory ingredients
- [ ] Remove inventory ingredients
- [ ] Request recommendations using stored inventory
- [ ] Open recipe details
- [ ] Save a recipe
- [ ] View saved recipes
- [ ] Remove a saved recipe
- [ ] Sign out
- [ ] Verify protected data is no longer accessible without authentication

### Admin Workflow

- [ ] Sign in with Admin privileges
- [ ] Verify Admin can access intended administrative functionality
- [ ] Verify Admin can still use normal Registered User functionality
- [ ] Verify Admin-only operations are unavailable to normal users

### Recipe / Ingredient Integration

- [ ] Verify Recipe ingredients reference canonical `Ingredient` records
- [ ] Verify Inventory items reference canonical `Ingredient` records
- [ ] Verify the same canonical ingredient can be used by both modules
- [ ] Verify ingredient search returns canonical IDs
- [ ] Verify duplicate parallel ingredient models are not introduced

### Recommendation Integration

- [ ] Verify recommendation input uses canonical ingredients
- [ ] Verify `AVAILABLE_ONLY` behavior
- [ ] Verify `PARTIAL_MATCH` behavior
- [ ] Verify match information is returned correctly
- [ ] Verify frontend renders recommendation results
- [ ] Verify recipe links navigate to the correct Recipe Detail page
- [ ] Verify invalid/empty recommendation inputs are handled appropriately

### Error Handling

- [ ] Test invalid resource IDs
- [ ] Test unavailable recipes
- [ ] Test failed API requests
- [ ] Test unauthenticated protected requests
- [ ] Test unauthorized requests
- [ ] Test empty search results
- [ ] Test empty inventory
- [ ] Verify frontend displays reasonable error/empty states
- [ ] Verify backend does not expose sensitive debug information

### Production Integration

When the AWS environment is available:

- [ ] Test the deployed CloudFront frontend
- [ ] Test API calls through the ALB
- [ ] Verify Django communicates with RDS
- [ ] Verify media loads from S3 where applicable
- [ ] Verify authentication works in the deployed environment
- [ ] Verify HTTPS frontend/backend communication
- [ ] Verify CORS configuration
- [ ] Verify representative workflows through the production architecture

## System Flow

The complete deployed request flow should resemble:

```text
User
 │
 ▼
CloudFront
 │
 ▼
React
 │
 │ HTTPS API Request
 ▼
ALB
 │
 ▼
Django
 │
 ├────────→ Cognito
 │
 ├────────→ RDS
 │
 └────────→ S3
```

End-to-end testing should verify the application through this architecture rather than testing only isolated components.

## Guest User Flow

A core Guest flow should be tested:

```text
Open Application
      │
      ▼
Search Ingredients
      │
      ▼
Select Ingredients
      │
      ▼
Temporary Ingredient State
      │
      ▼
Request Recommendations
      │
      ├── AVAILABLE_ONLY
      │
      └── PARTIAL_MATCH
      │
      ▼
Recommendation Results
      │
      ▼
Recipe Detail
```

A Guest should not need to create an account for this basic flow.

However, Guest users should not gain access to Registered User-only persistent functionality.

## Registered User Flow

Test the persistent-user workflow:

```text
Sign In
   │
   ▼
Dashboard
   │
   ├── Inventory
   ├── Profile
   ├── Preferences
   └── Saved Recipes
   │
   ▼
Recommendations
   │
   ▼
Recipe Detail
```

Verify persistence.

For example:

```text
User adds Ingredient to Inventory
        │
        ▼
Sign out / new session
        │
        ▼
Sign in
        │
        ▼
Ingredient still exists
```

This distinguishes Registered User behavior from temporary Guest behavior.

## Canonical Ingredient Integration

This is one of the most important cross-module tests.

The architecture should remain:

```text
                  Ingredient
                  /        \
                 /          \
                ▼            ▼
           Inventory       Recipes
                \            /
                 \          /
                  ▼        ▼
                Recommendations
```

Not:

```text
InventoryIngredient

RecipeIngredientName

RecommendationIngredient

GuestIngredientModel
```

as independent definitions of the same real ingredient.

Test that IDs passed between APIs consistently refer to the shared canonical `Ingredient`.

## Recommendation Modes

Both required modes should be tested.

### AVAILABLE_ONLY

Conceptually:

```text
User Ingredients:
chicken
rice
onion

Recipe requires:
chicken
rice

Result:
Eligible
```

A recipe requiring unavailable ingredients should not incorrectly behave as a complete available-only match.

### PARTIAL_MATCH

Conceptually:

```text
User Ingredients:
chicken
rice

Recipe requires:
chicken
rice
onion

Result:
Partial match

Missing:
onion
```

Verify the API and frontend agree on the representation of matching/missing ingredients.

## Preferences and Allergies

Where implemented, verify saved preferences/allergies are correctly integrated with relevant recipe/recommendation behavior.

Conceptually:

```text
User Profile
     │
     ├── Preferences
     └── Allergies
            │
            ▼
      Recommendation
```

Do not assume that a preference filter works simply because it can be saved to the database.

Test the actual resulting behavior.

## API Contract

Integration testing should verify the frontend and backend agree on:

```text
URL
HTTP method
request body
response body
status codes
IDs
pagination
error format
```

For example:

```text
Frontend expects:

recipe.id
recipe.name
recipe.ingredients

Backend returns:

recipe.recipe_id
recipe.title
recipe.items
```

would be an integration failure even if both modules individually pass their own tests.

## Authentication Integration

The deployed flow should be:

```text
User
  │
  ▼
Authentication
  │
  ▼
Frontend obtains authenticated state/token
  │
  ▼
API Request
  │
  ▼
Django verifies authentication
  │
  ▼
Authorization
```

Do not consider React route protection sufficient.

Protected API endpoints must enforce authentication on the backend.

## User Data Isolation

Use at least two test users.

For example:

```text
User A
├── Inventory A
└── Saved Recipes A

User B
├── Inventory B
└── Saved Recipes B
```

Verify:

```text
User A cannot read/write User B private data.

User B cannot read/write User A private data.
```

This overlaps intentionally with #29 because it is both a security and integration requirement.

## Error States

Test expected failures, not only successful workflows.

Examples:

```text
No ingredients selected
No recommendations found
Recipe does not exist
Network/API failure
Unauthorized request
Expired/invalid authentication
Empty inventory
Empty saved recipes
```

The frontend should remain usable and provide an appropriate state rather than crashing.

## Browser Refresh / Routing

Test direct navigation and refresh for routes such as:

```text
/
/recipes/<id>
/dashboard
/profile
```

This is particularly important after CloudFront deployment because React client-side routing must work with the static hosting configuration.

## Database Persistence

Verify persistent data survives application runtime replacement.

For example:

```text
Create Inventory Item
       │
       ▼
RDS
       │
       ▼
Restart Django container
       │
       ▼
Retrieve Inventory
       │
       ▼
Item still exists
```

Persistent application data must not depend on an EC2 instance or container filesystem.

## Media Integration

Where recipe images/media are implemented:

```text
Recipe
   │
   ▼
Media Reference
   │
   ▼
S3
```

Verify media remains available regardless of which backend instance handles the request.

## Multiple Backend Instances

Where Auto Scaling/multiple targets are available, repeat representative workflows with multiple healthy backend instances.

The user should not observe different application state depending on which EC2 instance receives the request.

```text
Request #1 → EC2 #1
Request #2 → EC2 #2

Same persistent application state
```

## Test Data

Create predictable test data where necessary.

Examples:

```text
Test Ingredients
Test Recipes
Test Users
Test Inventory
```

Do not rely on random production data to determine whether tests pass.

Test data should be removable/resettable where practical.

## Automated vs. Manual Testing

Automate repeatable integration tests where practical.

Some full deployment validation may remain manual.

Document both.

Example:

```text
Automated
├── API integration
├── permissions
├── model relationships
└── common error cases

Manual / E2E
├── CloudFront navigation
├── complete browser flow
├── visual error states
└── deployed infrastructure validation
```

The goal is not to automate every click.

The goal is to have repeatable evidence that the important workflows work.

## Test Matrix

Document the major flows.

For example:

```text
Flow                          Guest   User   Admin
-------------------------------------------------
Ingredient Search               ✓      ✓      ✓
Recommendations                 ✓      ✓      ✓
Recipe Detail                   ✓      ✓      ✓
Persistent Inventory            ✗      ✓      ✓
Saved Recipes                   ✗      ✓      ✓
Profile                         ✗      ✓      ✓
Admin Operations                ✗      ✗      ✓
```

Adjust this table to match the final implemented application.

## Security

Integration tests must preserve production security.

Do not:

- disable authentication
- disable authorization
- disable CSRF globally
- expose RDS
- expose secrets
- weaken security groups

simply to make end-to-end testing easier.

If integration testing reveals a security configuration problem, fix the underlying configuration.

## Evidence

Record actual results.

A simple final test record might look like:

```text
Test                          Expected          Result
--------------------------------------------------------
Guest recommendations         Works             PASS
Guest persistent inventory    Denied            PASS
User inventory persistence    Persists          PASS
User A → User B inventory     Denied            PASS
Recipe detail                 Loads             PASS
AVAILABLE_ONLY                Correct matches   PASS
PARTIAL_MATCH                 Correct matches   PASS
CloudFront refresh            Loads app         PASS
```

Do not mark tests as passing before executing them.

## Important

Unit testing asks:

```text
Does this component work?
```

Integration testing asks:

```text
Do these components work together?
```

End-to-end testing asks:

```text
Can the user complete the real workflow?
```

We need all three.

### Do NOT

- Test only individual modules
- Test only successful paths
- Ignore Guest behavior
- Ignore Admin behavior
- Ignore user ownership/isolation
- Create duplicate Ingredient models to simplify integration
- Change API contracts silently
- Disable security controls for testing
- Use the health endpoint as proof the application works
- Depend only on localhost testing for final validation
- Mark unexecuted tests as passing
- Use uncontrolled production data
- Ignore browser refresh/routing behavior
- Modify unrelated functionality
- Push testing changes directly to `main`

## Acceptance Criteria

### Guest

- [ ] Guest can search/select ingredients
- [ ] Guest can request recommendations
- [ ] Both recommendation modes work
- [ ] Guest can view recipe details
- [ ] Guest restrictions are enforced
- [ ] Guest temporary state behaves correctly

### Registered User

- [ ] Authentication works
- [ ] Inventory CRUD works through the complete stack
- [ ] Inventory persists
- [ ] Profile/preferences work where implemented
- [ ] Recommendations integrate with user data
- [ ] Saved recipes work
- [ ] Sign-out removes access to protected functionality

### Admin

- [ ] Admin authentication works
- [ ] Admin-only functionality is protected
- [ ] Normal users cannot access Admin-only functionality
- [ ] Admin retains normal user functionality

### Integration

- [ ] Frontend/backend API contracts match
- [ ] Canonical Ingredient is shared across relevant modules
- [ ] Recipe relationships work correctly
- [ ] Recommendation results integrate with Recipe Detail
- [ ] Authentication integrates with protected APIs
- [ ] User-owned data remains isolated

### Deployment

- [ ] CloudFront frontend works
- [ ] API works through the ALB
- [ ] RDS persistence works
- [ ] S3 media works where implemented
- [ ] HTTPS works
- [ ] CORS works
- [ ] React routes survive direct navigation/refresh

### Error Handling

- [ ] Invalid IDs are handled
- [ ] Unauthorized requests are handled
- [ ] Empty results are handled
- [ ] API failures do not crash the frontend
- [ ] Production errors do not expose debug information

### Evidence

- [ ] Test matrix is documented
- [ ] Actual test results are recorded
- [ ] Failed tests become bugs/fixes
- [ ] Fixed failures are retested
- [ ] Important workflows pass before final release

## Before Submitting

Run existing backend tests:

```bash
cd backend
python manage.py check
python manage.py test
```

Run frontend checks:

```bash
cd frontend
npm run lint
npm run build
```

Then execute the integration/E2E test matrix.

At minimum test:

```text
Guest
Registered User
Admin

Ingredients
Recipes
Inventory
Recommendations
Saved Recipes
Profile

Authentication
Authorization
Persistence
Error Handling
```

When AWS deployment is available, repeat the important flows through:

```text
CloudFront
    ↓
React
    ↓
ALB
    ↓
Django
    ↓
RDS / S3
```

Record actual results.

Fix failures and retest.

Update:

```text
docs/testing.md
```

or the project's equivalent testing documentation.

Then open a Pull Request into `main`.

**Do not push integration-test changes directly to `main`.**

## Suggested Branch

`testing/integration-e2e`"
29,Security: Security Testing and Application Hardening,open,sophia-dao,,"backend, frontend, testing, security",2026-10-05T18:24:35Z,2026-10-05T18:24:35Z,,https://github.com/sophia-dao/cloud_computing_proj/issues/29,"## Goal

Perform a structured security review of the application and deployed AWS architecture.

Verify that the security controls implemented throughout the project work as intended and identify configuration or application-level weaknesses before the final release.

The review should cover:

- Authentication
- Authorization
- API access control
- User data isolation
- Input validation
- CORS and CSRF
- HTTPS
- AWS network security
- IAM permissions
- Secret management
- Logging
- Dependency security

This issue should produce documented evidence that the system was reviewed rather than simply claiming that the architecture is secure.

## Where to Work

Security testing may affect both:

```text
backend/
frontend/
```

Potential documentation changes include:

```text
docs/security-design.md
docs/system-design.md
docs/deployment.md
```

If security-specific tests are added, place them alongside the appropriate backend/frontend test suites.

Do not create a completely separate implementation of application functionality just for security testing.

## Tasks

### Authentication

- [ ] Verify protected endpoints reject unauthenticated requests
- [ ] Verify valid authenticated users can access intended functionality
- [ ] Verify invalid/expired authentication credentials are rejected
- [ ] Verify authentication failures do not expose sensitive information
- [ ] Verify authentication is enforced by the backend rather than only React

### Authorization

- [ ] Verify users cannot access another user's private resources
- [ ] Verify users cannot modify another user's inventory
- [ ] Verify users cannot modify another user's profile/preferences
- [ ] Verify users cannot modify another user's saved data
- [ ] Verify normal users cannot access Admin-only operations
- [ ] Verify authorization checks occur on the backend

### Guest Access

- [ ] Verify Guest users can access intended public functionality
- [ ] Verify Guest users cannot access Registered User-only functionality
- [ ] Verify Guest users cannot access Admin functionality
- [ ] Verify temporary Guest data does not accidentally provide access to persistent user data

### API Input Validation

- [ ] Test missing required fields
- [ ] Test malformed input
- [ ] Test invalid IDs
- [ ] Test excessively long values where relevant
- [ ] Test invalid enum/options values
- [ ] Test unsupported request methods
- [ ] Verify invalid requests return appropriate errors
- [ ] Verify invalid input does not cause unhandled server errors

### Ingredient / Recipe Data

- [ ] Verify canonical Ingredient constraints remain enforced
- [ ] Verify duplicate canonical ingredients are rejected appropriately
- [ ] Verify Recipe relationships cannot reference invalid objects
- [ ] Verify API validation prevents malformed relationship data

### CORS

- [ ] Verify the deployed frontend origin is permitted
- [ ] Verify unnecessary origins are not permitted
- [ ] Verify production does not rely on unrestricted CORS without justification

### CSRF

Where applicable:

- [ ] Verify CSRF protection is configured correctly
- [ ] Verify trusted origins match the deployed application
- [ ] Verify CSRF protection was not globally disabled merely to make frontend integration work

### HTTPS

- [ ] Verify production frontend uses HTTPS
- [ ] Verify production API uses HTTPS
- [ ] Verify HTTP redirects appropriately where configured
- [ ] Verify authentication information is not intentionally transmitted over plain HTTP
- [ ] Verify no mixed-content problems exist

### AWS Network Security

- [ ] Review ALB security group
- [ ] Review EC2 security group
- [ ] Review RDS security group
- [ ] Verify backend application ports are not unnecessarily public
- [ ] Verify RDS is not publicly accessible
- [ ] Verify PostgreSQL is not open to `0.0.0.0/0`
- [ ] Verify administrative access is restricted

### IAM

- [ ] Review backend EC2 IAM role
- [ ] Review CI/CD deployment permissions
- [ ] Review S3 permissions
- [ ] Review ECR permissions
- [ ] Review Secrets Manager permissions
- [ ] Verify roles follow least privilege where practical
- [ ] Verify application components do not use `AdministratorAccess`

### Secrets

- [ ] Verify production secrets are not committed to Git
- [ ] Verify production secrets are not embedded in Docker images
- [ ] Verify backend secrets are not present in the React bundle
- [ ] Verify secrets are not exposed through API responses
- [ ] Verify secrets are not intentionally written to logs
- [ ] Verify AWS credentials are not hardcoded

### Logging

- [ ] Review CloudWatch logs for sensitive information
- [ ] Verify passwords are not logged
- [ ] Verify authentication tokens are not logged
- [ ] Verify secret values are not logged
- [ ] Verify application errors provide useful operational information without exposing sensitive configuration

### Dependency Review

- [ ] Review Python dependencies for known security issues
- [ ] Review npm dependencies for known security issues
- [ ] Investigate relevant high-severity findings
- [ ] Update vulnerable dependencies where appropriate and compatible
- [ ] Document accepted/unresolved findings

### Django Deployment Review

- [ ] Run Django deployment security checks
- [ ] Review all relevant warnings
- [ ] Verify `DEBUG=False`
- [ ] Verify production `ALLOWED_HOSTS`
- [ ] Verify secure-cookie settings where applicable
- [ ] Verify HTTPS/proxy settings
- [ ] Verify production CORS/CSRF configuration

## Security Model

The application uses multiple security layers.

```text
                       User
                        │
                      HTTPS
                        │
              ┌─────────┴─────────┐
              ▼                   ▼
          CloudFront             ALB
              │                   │
              ▼                   ▼
          Frontend              Django
                                  │
                      ┌───────────┼───────────┐
                      ▼           ▼           ▼
                  Cognito        RDS          S3
```

Additional controls include:

```text
IAM
    → AWS service authorization

Security Groups
    → Network isolation

Secrets Manager
    → Sensitive configuration

Django
    → API authorization + validation

CloudWatch
    → Monitoring and audit evidence
```

Security testing should verify these layers rather than evaluating only the React interface.

## Authentication vs. Authorization

These must be tested separately.

Authentication asks:

```text
Who are you?
```

Authorization asks:

```text
Are you allowed to do this?
```

For example:

```text
User A logs in successfully.

User A requests:
User B's private inventory.

Authentication:
✓ User A is valid

Authorization:
✗ User A must not receive User B's inventory
```

A system is not secure merely because login works.

## Object Ownership

User-owned resources must enforce ownership on the backend.

Examples include:

```text
Inventory
Profile
Preferences
Saved Recipes
Shopping Lists (if implemented later)
```

Test scenarios such as:

```text
User A owns resource 123.

User B sends:

GET /api/.../123/
PUT /api/.../123/
DELETE /api/.../123/
```

The backend should reject operations User B is not authorized to perform.

Do not rely on React hiding buttons.

## Admin Security

Admin privileges must be enforced server-side.

Incorrect:

```text
React:
if admin:
    show admin button
```

This is useful for UI behavior but is not authorization.

Required:

```text
Request
   ↓
Django
   ↓
Check authenticated role/permission
   ↓
Allow / Deny
```

Attempt Admin requests using a normal Registered User account during testing.

## Input Validation

Test APIs with invalid data intentionally.

Examples:

```text
Missing fields
Invalid IDs
Incorrect data types
Unknown values
Very long strings
Malformed request bodies
```

Expected behavior should be controlled errors such as appropriate `4xx` responses.

Avoid:

```text
Invalid request
      ↓
Unhandled exception
      ↓
500 + sensitive error details
```

## Injection Protection

Use Django ORM and serializers appropriately.

Avoid manually constructing SQL using user-provided values.

Where search/filter inputs are supported, test unusual input and verify it does not alter query structure or cause unsafe behavior.

Do not implement custom SQL escaping as a replacement for safe database APIs.

## Error Handling

Production errors should not reveal:

```text
Database credentials
File paths unnecessarily
Environment variables
Secret values
Internal configuration
Debug tracebacks
```

Useful errors should still be returned to clients where appropriate.

Example:

```json
{
  ""detail"": ""Recipe not found.""
}
```

rather than exposing internal server information.

## Frontend Security

Remember:

```text
React = client-controlled environment
```

Users can inspect and modify frontend JavaScript and manually call APIs.

Therefore:

```text
Frontend validation
        +
Backend validation
```

is required.

Frontend validation improves usability.

Backend validation enforces security.

## Secret Scan

Review the repository for accidentally committed secrets.

Check for patterns related to:

```text
AWS_ACCESS_KEY_ID
AWS_SECRET_ACCESS_KEY
DJANGO_SECRET_KEY
DB_PASSWORD
private keys
tokens
```

If a real credential has ever been committed, removing it from the current file does not make that credential safe again.

Rotate exposed credentials.

## Docker Image Review

Verify the production Docker image does not contain:

```text
.env
AWS credentials
database passwords
private keys
development secrets
```

The Docker image should contain application code and dependencies, not production secrets.

## Dependency Security

Use the appropriate ecosystem tools to inspect dependencies.

For Python, use an appropriate dependency vulnerability scanner.

For frontend dependencies, review the project's npm security results where applicable.

Do not blindly apply major dependency upgrades without testing compatibility.

Prioritize meaningful/high-severity findings.

## Security Testing Evidence

Document the tests performed.

Example:

```text
Test                         Expected          Result
------------------------------------------------------
Guest → private inventory    Denied            PASS
User A → User B inventory    Denied            PASS
User → admin endpoint        Denied            PASS
Public → RDS                 Blocked           PASS
HTTP → frontend              Redirect HTTPS    PASS
Invalid recipe ID            4xx               PASS
```

Use actual results.

Do not mark tests PASS without performing them.

## Severity

If issues are discovered, classify them approximately:

```text
Critical
High
Medium
Low
Informational
```

Prioritize security problems that could expose:

- credentials
- private user data
- administrative functionality
- database access
- AWS infrastructure

## Security Findings

For each meaningful issue, document:

```text
Finding
Severity
Affected component
Expected behavior
Actual behavior
Resolution
Retest result
```

Example:

```text
Finding:
Users could retrieve another user's inventory.

Severity:
High

Resolution:
Added ownership filtering.

Retest:
PASS
```

This can provide strong evidence for the final report.

## Scalability Security

Security must continue working with multiple backend instances.

Test/verify that:

```text
ALB
 ├── EC2 #1
 └── EC2 #2
```

does not change:

```text
Authentication
Authorization
Ownership validation
Secret access
Network boundaries
```

New Auto Scaling instances should automatically receive the intended:

```text
IAM role
Security group
Production configuration
```

without manual security configuration.

## Important

The goal is not to claim:

```text
""The system is 100% secure.""
```

No meaningful review can prove that.

The goal is to demonstrate:

```text
Threats considered
       +
Controls implemented
       +
Tests performed
       +
Findings corrected
       =
Evidence of secure system design
```

This is much stronger for the professor's security criterion.

### Do NOT

- Disable authentication to make tests easier
- Disable authorization to make tests easier
- Disable CSRF globally to fix integration
- Enable unrestricted CORS unnecessarily
- Make RDS public for testing
- Open PostgreSQL to `0.0.0.0/0`
- Open backend ports publicly unnecessarily
- Commit test credentials
- Put real credentials in documentation
- Print authentication tokens
- Test infrastructure you do not own or have authorization to test
- Perform destructive security testing against unrelated systems
- Claim the application is completely secure
- Mark tests as passing without executing them
- Ignore high-severity dependency findings without review
- Modify unrelated functionality
- Push security fixes directly to `main`

## Acceptance Criteria

### Authentication

- [ ] Protected endpoints reject unauthenticated access
- [ ] Invalid credentials are rejected
- [ ] Authentication is enforced server-side

### Authorization

- [ ] User-owned resources enforce ownership
- [ ] Users cannot modify another user's private resources
- [ ] Guest restrictions are enforced
- [ ] Admin permissions are enforced by the backend

### Application Security

- [ ] Invalid API input is handled safely
- [ ] Production errors do not expose sensitive configuration
- [ ] Backend performs authoritative validation
- [ ] Relevant dependency vulnerabilities have been reviewed

### Infrastructure

- [ ] Public traffic uses HTTPS
- [ ] Backend application port is appropriately restricted
- [ ] RDS is not publicly accessible
- [ ] Database access is restricted to the backend tier
- [ ] Administrative access is restricted

### Secrets / IAM

- [ ] Production secrets are not committed
- [ ] Production secrets are not embedded in Docker images
- [ ] Frontend contains no backend secrets
- [ ] CloudWatch logs do not intentionally expose secrets
- [ ] IAM permissions have been reviewed for least privilege

### Evidence

- [ ] Security test checklist is documented
- [ ] Actual test results are recorded
- [ ] Meaningful findings are documented
- [ ] High-priority findings are resolved
- [ ] Resolved findings are retested
- [ ] Remaining known limitations are documented

## Before Submitting

Run backend tests:

```bash
cd backend

python manage.py check
python manage.py check --deploy
python manage.py test
```

Run applicable frontend checks:

```bash
cd frontend

npm run lint
npm run build
```

Perform the security test checklist against the deployed environment.

Review:

```text
Authentication
Authorization
Ownership
Input Validation
HTTPS
Security Groups
IAM
Secrets
Logs
Dependencies
```

Record actual results in the security documentation.

Fix discovered security problems and retest them.

Update:

```text
docs/security-design.md
```

and other relevant documentation.

Then open a Pull Request into `main`.

**Do not push security fixes directly to `main`.**

## Suggested Branch

`security/testing-hardening`"
28,Security: Configure HTTPS and Production Network Security,open,sophia-dao,,"backend, frontend, infrastructure, blocked, security",2026-10-05T18:20:48Z,2026-10-05T18:23:05Z,,https://github.com/sophia-dao/cloud_computing_proj/issues/28,"## Goal

Secure the deployed application's production network architecture.

All public application traffic should use HTTPS, backend resources should expose only the network access they require, and communication between AWS components should follow clearly defined security boundaries.

This issue focuses on:

- HTTPS
- TLS certificates
- ALB security
- EC2 network exposure
- RDS isolation
- security-group relationships
- production Django HTTPS settings

The intended architecture is:

```text
                         Internet
                            │
                          HTTPS
                            │
             ┌──────────────┴──────────────┐
             ▼                             ▼
        CloudFront                        ALB
             │                             │
             ▼                             ▼
      S3 Frontend                     EC2 / Django
                                           │
                                           ▼
                                          RDS
```

Public traffic must not require direct access to EC2 or RDS.

## Where to Work

This task primarily involves AWS infrastructure and Django production configuration.

Potential repository changes include:

- `backend/config/settings.py`
- deployment configuration
- `.env.example`
- `docs/aws-architecture.md`
- `docs/deployment.md`
- `docs/security-design.md` if created

Relevant documentation:

- `backend/README.md`
- `docs/system-design.md`
- `docs/aws-architecture.md`
- `CONTRIBUTING.md`

## Tasks

### HTTPS / TLS

- [ ] Determine the production frontend and backend endpoint strategy
- [ ] Configure an AWS Certificate Manager certificate where required
- [ ] Configure HTTPS for the public backend endpoint
- [ ] Configure the ALB HTTPS listener
- [ ] Forward HTTPS requests to the backend target group
- [ ] Redirect HTTP to HTTPS where appropriate
- [ ] Verify HTTPS works without certificate errors
- [ ] Verify the frontend uses HTTPS
- [ ] Verify frontend API requests use HTTPS
- [ ] Document certificate and HTTPS configuration

### ALB Security

- [ ] Review ALB security-group rules
- [ ] Allow only required public application ports
- [ ] Ensure backend traffic is routed through the ALB
- [ ] Verify health checks continue working
- [ ] Verify unnecessary ports are not exposed

### EC2 Security

- [ ] Review backend EC2 security-group rules
- [ ] Restrict the Django/Gunicorn application port to the ALB security group
- [ ] Remove unnecessary direct public backend access
- [ ] Review administrative access
- [ ] Restrict SSH if SSH remains enabled
- [ ] Prefer non-public administrative access where practical

### RDS Security

- [ ] Verify RDS is not publicly accessible
- [ ] Restrict PostgreSQL access to the backend security group
- [ ] Verify port `5432` is not open to the Internet
- [ ] Verify frontend infrastructure cannot directly access RDS

### Django Production Security

- [ ] Verify `DEBUG=False`
- [ ] Configure secure proxy/HTTPS behavior correctly
- [ ] Configure secure cookies where applicable
- [ ] Configure trusted origins where required
- [ ] Verify production `ALLOWED_HOSTS`
- [ ] Run Django deployment security checks
- [ ] Review remaining deployment warnings

## Public Traffic

The intended public paths are:

```text
User
 │
 │ HTTPS
 ▼
CloudFront
 │
 ▼
React Frontend
```

and:

```text
React / Client
      │
      │ HTTPS
      ▼
     ALB
      │
      ▼
    Django
```

Avoid:

```text
Internet
   │
   ├────────→ EC2:8000
   │
   └────────→ RDS:5432
```

EC2 and RDS should not act as arbitrary public application entry points.

## HTTPS Architecture

The backend public entry point should terminate TLS through the intended AWS edge/load-balancing layer.

Conceptually:

```text
Browser
   │
   │ HTTPS
   ▼
  ALB
   │
   ▼
Django
```

The frontend should also be served securely:

```text
Browser
   │
   │ HTTPS
   ▼
CloudFront
   │
   ▼
Frontend S3
```

This avoids mixed-content problems such as:

```text
HTTPS Frontend
      │
      X
      ▼
HTTP API
```

## HTTP Redirect

Where HTTP is exposed for convenience, configure it to redirect to HTTPS.

Conceptually:

```text
HTTP :80
   │
   ▼
301 Redirect
   │
   ▼
HTTPS :443
```

Do not maintain HTTP as the normal production communication path.

## AWS Certificate Manager

Use AWS Certificate Manager where appropriate for TLS certificates.

Conceptually:

```text
ACM Certificate
      │
      ▼
ALB HTTPS Listener
      │
      ▼
Target Group
```

If a custom domain is not yet available, document what is achievable with the AWS-provided endpoints and what remains dependent on domain configuration.

Do not commit private TLS keys to Git.

## Security Group Architecture

Security groups should establish clear network boundaries.

```text
Internet
   │
   ▼
ALB Security Group
   │
   ▼
Backend Security Group
   │
   ▼
Database Security Group
```

### ALB Security Group

Expected public access:

```text
HTTPS / TCP 443
Source: Internet
```

If HTTP is used only for redirect:

```text
HTTP / TCP 80
Source: Internet
```

### Backend Security Group

Application traffic should come from:

```text
Source:
ALB Security Group
```

rather than:

```text
Source:
0.0.0.0/0
```

### Database Security Group

PostgreSQL traffic should come from:

```text
Source:
Backend Security Group
```

rather than:

```text
Source:
0.0.0.0/0
```

## Security Group Chaining

The intended model is:

```text
Internet
   │
   ▼
[ ALB SG ]
   │
   ▼
[ EC2 SG ]
   │
   ▼
[ RDS SG ]
```

Each layer trusts only the previous layer for the required traffic.

This provides a clear security boundary that can be explained in the final system-design report.

## EC2 Administrative Access

Do not expose SSH broadly.

Avoid:

```text
TCP 22
0.0.0.0/0
```

If SSH is required, restrict the source appropriately.

Where practical, AWS Systems Manager Session Manager can be used for administrative access without exposing SSH publicly.

Administrative access and application traffic should be treated as separate concerns.

## RDS Isolation

RDS must remain isolated from public users.

Correct:

```text
User
  │
  X
  ▼
 RDS
```

Application access:

```text
Django
  │
  ✓
  ▼
 RDS
```

The database should never need to accept direct connections from React or CloudFront.

## Django HTTPS Configuration

Because Django runs behind a proxy/load balancer, production configuration must correctly recognize secure requests.

Review settings such as those related to:

```text
SECURE_PROXY_SSL_HEADER
SESSION_COOKIE_SECURE
CSRF_COOKIE_SECURE
CSRF_TRUSTED_ORIGINS
```

Configure only what is appropriate for the final architecture.

Do not blindly copy security settings without understanding how the ALB forwards requests.

## Authentication Tokens

Authentication credentials/tokens must be transmitted only over secure connections in production.

Avoid:

```text
Authentication Token
        │
        ▼
Plain HTTP
```

Use:

```text
Authentication Token
        │
        ▼
HTTPS
```

HTTPS protects data in transit but does not replace application authentication or authorization.

## CORS

Production CORS should permit the intended frontend origin rather than arbitrary websites.

Conceptually:

```text
CloudFront Frontend
        │
        ✓
        ▼
     Django API
```

Do not use unrestricted CORS as the final solution unless the API is intentionally designed for arbitrary origins.

## CSRF

Where Django CSRF protection applies, trusted origins should correspond to the actual deployed application.

Do not globally disable CSRF merely because the frontend and backend are deployed separately.

## Security Headers

Review Django's applicable production security settings and headers.

Use:

```bash
python manage.py check --deploy
```

as one part of the review.

Do not treat this command as proof that the entire AWS architecture is secure.

Network configuration, IAM, authentication, authorization, and application behavior must also be reviewed.

## Scalability

Security controls must continue working when backend capacity changes.

Incorrect:

```text
ALB
 ↓
EC2 #1 ✓

New EC2 #2
 ↓
Manual firewall setup required
```

Prefer:

```text
Auto Scaling
     │
     ▼
New EC2
     │
     ▼
Backend Security Group
     │
     ▼
Automatically accepts ALB traffic
```

Security groups should therefore be associated with backend roles/tiers rather than individual hardcoded IP addresses.

This allows secure horizontal scaling.

## Security Verification

The final architecture should demonstrate:

```text
Publicly reachable:
✓ CloudFront
✓ ALB HTTPS

Not generally publicly reachable:
✗ Django application port
✗ PostgreSQL
```

Administrative interfaces should also be restricted appropriately.

## Security Evidence

For the final report, capture evidence such as:

```text
HTTPS frontend
HTTPS API
ALB listener configuration
Security-group relationships
RDS public-access setting
Django deployment security check
```

Do not include:

- passwords
- secret values
- private keys
- authentication tokens
- sensitive AWS account information

in screenshots or documentation.

## Cost Awareness

HTTPS and network security should use the infrastructure already required by the application where practical.

Do not create unnecessary load balancers or duplicate resources simply to demonstrate security.

## Important

Different security mechanisms solve different problems:

```text
HTTPS
└── Protects data in transit

Security Groups
└── Restrict network access

Cognito
└── Authentication

Django Permissions
└── Authorization

Secrets Manager
└── Protects sensitive configuration

IAM
└── Controls AWS resource access
```

A secure design uses these layers together.

### Do NOT

- Leave the Django application port publicly open unnecessarily
- Expose RDS publicly
- Allow PostgreSQL from `0.0.0.0/0`
- Leave SSH open to `0.0.0.0/0`
- Use HTTP as the intended production API transport
- Send authentication tokens over plain HTTP
- Disable CSRF simply to fix frontend integration
- Allow unrestricted production CORS unnecessarily
- Commit TLS private keys
- Commit certificates containing sensitive private material
- Hardcode individual Auto Scaling instance IP addresses
- Give the frontend direct database access
- Treat HTTPS as a replacement for authentication
- Treat security groups as a replacement for authorization
- Ignore `check --deploy` warnings without reviewing them
- Modify unrelated application features
- Push security configuration directly to `main`

## Acceptance Criteria

### HTTPS

- [ ] Public frontend is served using HTTPS
- [ ] Public backend API is accessed using HTTPS
- [ ] HTTP redirects to HTTPS where appropriate
- [ ] Certificate configuration is valid
- [ ] Frontend does not generate mixed-content API requests

### ALB

- [ ] HTTPS listener is configured
- [ ] Requests route correctly to the backend target group
- [ ] ALB security group exposes only required public ports
- [ ] Health checks continue working

### EC2

- [ ] Backend application port is restricted to the intended ALB security group
- [ ] Direct public backend access is removed where unnecessary
- [ ] Administrative access is restricted
- [ ] Auto-scaled instances inherit the intended network security configuration

### RDS

- [ ] RDS is not publicly accessible
- [ ] PostgreSQL access is restricted to the backend tier
- [ ] Port 5432 is not open to `0.0.0.0/0`
- [ ] Frontend infrastructure has no direct database access

### Django

- [ ] `DEBUG=False`
- [ ] `ALLOWED_HOSTS` is configured appropriately
- [ ] HTTPS/proxy settings are configured appropriately
- [ ] Secure cookie settings are enabled where applicable
- [ ] CSRF trusted origins are configured where applicable
- [ ] Production CORS is appropriately restricted
- [ ] `python manage.py check --deploy` has been reviewed

### Documentation

- [ ] HTTPS architecture is documented
- [ ] Security-group relationships are documented
- [ ] Public/private resource boundaries are documented
- [ ] Administrative access strategy is documented
- [ ] Updated architecture diagram reflects production network security

## Before Submitting

Verify:

```text
Browser
  ↓
HTTPS
  ↓
CloudFront
```

and:

```text
Frontend
  ↓
HTTPS
  ↓
ALB
  ↓
EC2
```

Verify direct Internet access is not available to:

```text
EC2 application port
RDS PostgreSQL port
```

Review security groups.

Run:

```bash
cd backend
python manage.py check
python manage.py check --deploy
```

Review the output rather than simply suppressing warnings.

Verify normal application functionality still works through the secure public endpoints.

Update:

```text
docs/aws-architecture.md
docs/deployment.md
docs/security-design.md
```

where appropriate.

Then open a Pull Request into `main`.

**Do not push security changes directly to `main`.**

## Suggested Branch

`security/https-network`

## Related Work

This issue should remain compatible with:

- #19 Infrastructure: Configure Amazon RDS PostgreSQL
- #21 Infrastructure: Configure EC2 Auto Scaling
- #24 Infrastructure: Configure AWS Secrets Management and Production Configuration"
27,DevOps: Configure CI/CD Pipeline,open,sophia-dao,,"infrastructure, testing, security",2026-10-05T18:17:22Z,2026-10-05T18:18:21Z,,https://github.com/sophia-dao/cloud_computing_proj/issues/27,"## Goal

Create a CI/CD pipeline for the project using GitHub Actions.

The pipeline should automatically validate changes before they are merged and automate production builds/deployment where appropriate.

The pipeline should support both:

- Django backend
- React frontend

The intended workflow is:

```text
Developer
    │
    ▼
Feature Branch
    │
    ▼
Pull Request
    │
    ▼
GitHub Actions
    │
    ├── Backend Tests
    ├── Frontend Checks
    └── Build Validation
    │
    ▼
Code Review
    │
    ▼
main
    │
    ├── Backend Deployment
    │
    └── Frontend Deployment
```

CI failures should prevent broken code from being treated as deployment-ready.

## Where to Work

GitHub Actions workflows should be stored in:

```text
.github/workflows/
```

Potential files include:

```text
.github/workflows/ci.yml
.github/workflows/backend-deploy.yml
.github/workflows/frontend-deploy.yml
```

The exact workflow organization may be adjusted if a simpler structure is preferred.

Other affected files may include:

- `backend/requirements.txt`
- `frontend/package.json`
- Docker configuration
- `docs/deployment.md`
- `CONTRIBUTING.md`

## Tasks

### Continuous Integration

- [ ] Create GitHub Actions CI workflow
- [ ] Trigger CI for Pull Requests
- [ ] Trigger CI for relevant pushes
- [ ] Install backend dependencies
- [ ] Run Django system checks
- [ ] Run backend tests
- [ ] Install frontend dependencies
- [ ] Run frontend linting
- [ ] Run frontend tests if available
- [ ] Verify frontend production build succeeds
- [ ] Verify backend Docker image can build
- [ ] Fail the workflow when required checks fail

### Backend Deployment

- [ ] Trigger production backend deployment only from the intended branch/workflow
- [ ] Build the backend Docker image
- [ ] Tag the image with a traceable version
- [ ] Authenticate securely with AWS
- [ ] Push the backend image to Amazon ECR
- [ ] Deploy/update the backend infrastructure using the new image
- [ ] Verify backend health after deployment
- [ ] Document rollback/redeployment procedure

### Frontend Deployment

- [ ] Build the React production application
- [ ] Use the production API configuration
- [ ] Upload production assets to the frontend S3 bucket
- [ ] Update/invalidate CloudFront where required
- [ ] Verify the deployed frontend is reachable
- [ ] Document frontend deployment behavior

### Security

- [ ] Configure AWS authentication securely
- [ ] Do not commit AWS credentials
- [ ] Do not expose production secrets in workflow logs
- [ ] Restrict deployment permissions to required resources
- [ ] Separate CI validation from production deployment permissions

## Pull Request Workflow

For Pull Requests:

```text
Feature Branch
      │
      ▼
Pull Request
      │
      ▼
GitHub Actions
      │
      ├── Backend Check
      ├── Backend Tests
      ├── Docker Build Check
      ├── Frontend Lint
      └── Frontend Build
      │
      ▼
Pass / Fail
```

A Pull Request should **not automatically deploy to production**.

PR workflows exist to validate proposed changes.

## Backend CI

Backend validation should include at minimum:

```bash
cd backend

python manage.py check
python manage.py test
```

The CI environment should use appropriate test configuration.

Do not require access to the production RDS database simply to execute normal backend tests.

## Frontend CI

Frontend validation should include the project's established commands.

Conceptually:

```bash
cd frontend

npm ci
npm run lint
npm run build
```

If automated frontend tests are added:

```bash
npm test
```

or the project's equivalent command should also be included.

Use the commands actually defined in `package.json`.

## Docker Validation

CI should verify that the backend Docker image still builds.

Conceptually:

```text
Backend Source
      │
      ▼
Docker Build
      │
      ├── Success → continue
      │
      └── Failure → CI fails
```

This prevents application changes from reaching `main` while breaking the deployment image.

## Production Backend Deployment

After approved changes reach `main`:

```text
main
 │
 ▼
GitHub Actions
 │
 ▼
Build Docker Image
 │
 ▼
Amazon ECR
 │
 ▼
EC2 / Auto Scaling
 │
 ▼
Django
```

The exact deployment mechanism should match the final EC2/Auto Scaling architecture.

## Image Versioning

Do not rely exclusively on:

```text
latest
```

for identifying production versions.

Prefer a traceable image tag.

For example:

```text
recipe-backend:<git-commit>
```

Conceptually:

```text
Git Commit
   abc123
      │
      ▼
Docker Image
recipe-backend:abc123
      │
      ▼
Production
```

This makes it possible to determine which application version is deployed.

## Frontend Deployment

Frontend deployment should follow:

```text
main
 │
 ▼
GitHub Actions
 │
 ▼
npm build
 │
 ▼
S3
 │
 ▼
CloudFront
```

The workflow should use the production backend API configuration.

Do not hardcode an individual EC2 address during the build.

## AWS Authentication

CI/CD must not require committed AWS access keys.

Prefer secure short-lived AWS authentication where supported, such as GitHub Actions using AWS IAM federation/OIDC.

Conceptually:

```text
GitHub Actions
      │
      ▼
AWS Identity / IAM Role
      │
      ▼
Authorized AWS Resources
```

Avoid:

```text
GitHub Repository
      │
      ▼
Permanent AWS Access Key
      │
      ▼
AWS
```

## Least Privilege

The deployment identity should receive only the permissions required by the pipeline.

For example:

```text
Backend Deployment
├── Push image to required ECR repository
└── Perform required deployment operation

Frontend Deployment
├── Update required frontend S3 bucket
└── Perform required CloudFront invalidation
```

Do not grant:

```text
AdministratorAccess
```

simply because it makes the workflow easier to configure.

## GitHub Secrets

If a sensitive value must be supplied to GitHub Actions, use the appropriate GitHub secret mechanism.

However, application runtime secrets should remain in the AWS production secret-management architecture whenever possible.

Conceptually:

```text
GitHub Actions
     │
     └── Deployment authorization

AWS Secrets Manager
     │
     └── Application runtime secrets
```

Do not copy all production application secrets into GitHub unnecessarily.

## Workflow Logs

CI/CD logs must not expose:

- AWS credentials
- database passwords
- Django secret keys
- authentication tokens
- Secrets Manager values

Do not intentionally print environment variables containing sensitive information.

## Deployment Safety

Production deployment should occur only after CI succeeds.

Preferred:

```text
Pull Request
     │
     ▼
CI passes
     │
     ▼
Review
     │
     ▼
Merge into main
     │
     ▼
Deployment
```

Avoid:

```text
Feature branch push
       │
       ▼
Production deployment
```

## Failed Deployment

A failed deployment must be visible.

The workflow should clearly report:

```text
Success
```

or:

```text
Failure
```

where possible.

Do not report deployment success simply because the Docker image was pushed successfully.

The application should also pass an appropriate post-deployment health verification.

## Backend Health Verification

After backend deployment:

```text
New Backend Version
        │
        ▼
Deployment
        │
        ▼
ALB Health Check
        │
        ▼
Healthy
```

Where practical, perform a simple application health request after deployment.

If the new backend does not become healthy, the deployment should be treated as unsuccessful.

## Rollback

Document how the team can return to a previously working backend version.

Because Docker images are versioned:

```text
Current:
recipe-backend:def456

Problem detected
       ↓

Redeploy:
recipe-backend:abc123
```

Do not delete previous working image versions immediately after every deployment.

The project does not need a complex enterprise rollback system, but the recovery procedure should be documented.

## Branch Protection

Where repository permissions allow, configure `main` so changes normally arrive through Pull Requests.

Recommended checks include:

```text
Backend Tests
Frontend Checks
Build Validation
```

Required checks should pass before merge.

This complements the project's existing rule:

```text
Do not push feature implementation directly to main.
```

## Security Requirements

CI/CD must preserve the security architecture established elsewhere in the project.

Do not:

- weaken security groups during deployment
- expose RDS
- expose secrets
- bypass authentication
- place production secrets in Docker images
- grant broad AWS permissions unnecessarily

Automation should make the existing secure deployment reproducible, not bypass it.

## Scalability Requirements

CI/CD must support the horizontally scalable backend architecture.

The deployment process should not require manually updating individual EC2 instances.

Avoid:

```text
SSH EC2 #1
update code

SSH EC2 #2
update code
```

Prefer:

```text
Build New Image
      │
      ▼
     ECR
      │
      ▼
Update Backend Deployment
      │
      ▼
Equivalent EC2 Instances
```

This ensures scaled instances run consistent application versions.

## Reproducibility

A deployment should be traceable to:

```text
Git Commit
    ↓
CI Result
    ↓
Docker Image
    ↓
Deployment
```

This improves both maintainability and the quality of the final system-design explanation.

## Cost Awareness

CI/CD should not create unnecessary AWS resources for every Pull Request.

PR validation can generally perform:

```text
tests
lint
build
Docker build validation
```

without deploying a new production environment.

Production AWS deployment should happen only when intended.

## Important

CI and CD are related but serve different purposes.

```text
CI
────────────
Check
Test
Lint
Build
Validate


CD
────────────
Package
Publish
Deploy
Verify
```

A Pull Request should primarily execute CI.

Deployment should occur only through the intended production workflow.

### Do NOT

- Deploy every feature branch to production
- Deploy failed CI builds
- Commit AWS credentials
- Commit GitHub secrets
- Print secrets in workflow logs
- Put runtime secrets in Docker images
- Give GitHub Actions `AdministratorAccess`
- Depend on manual SSH deployment to every EC2 instance
- Use only `latest` with no traceable image version
- Hardcode EC2 IP addresses
- Bypass Pull Request review
- Treat successful ECR push as proof of successful deployment
- Delete all previous deployable image versions immediately
- Modify unrelated application functionality
- Push CI/CD implementation directly to `main`

## Acceptance Criteria

### CI

- [ ] Pull Requests automatically trigger CI
- [ ] Django checks run
- [ ] Backend tests run
- [ ] Frontend linting runs
- [ ] Frontend production build is validated
- [ ] Backend Docker build is validated
- [ ] Required failures cause CI to fail

### Backend CD

- [ ] Approved production workflow can build the backend image
- [ ] Backend image receives a traceable version
- [ ] Image can be pushed to ECR
- [ ] Production backend can be updated using the new image
- [ ] Backend health is verified after deployment
- [ ] Previous application version can be identified for rollback

### Frontend CD

- [ ] Production React application can be built automatically
- [ ] Build can be deployed to the frontend S3 bucket
- [ ] CloudFront can serve the new deployment
- [ ] Cache invalidation/update behavior is handled where necessary
- [ ] Production frontend API configuration is correct

### Security

- [ ] AWS credentials are not committed
- [ ] CI/CD uses secure AWS authentication
- [ ] Deployment IAM permissions follow least privilege
- [ ] Production runtime secrets remain outside application builds
- [ ] Workflow logs do not intentionally expose sensitive information

### Scalability

- [ ] Deployment does not depend on manually updating individual EC2 instances
- [ ] Scaled backend instances can run the same versioned image
- [ ] Backend version can be traced to a Git commit
- [ ] Pipeline is compatible with the Auto Scaling architecture

### Documentation

- [ ] CI workflow is documented
- [ ] Backend deployment workflow is documented
- [ ] Frontend deployment workflow is documented
- [ ] AWS authentication approach is documented
- [ ] Rollback procedure is documented

## Before Submitting

Open a test Pull Request and verify:

```text
PR
 ↓
Backend Tests
Frontend Checks
Docker Build
 ↓
PASS
```

Intentionally introduce a harmless test failure where practical and verify CI correctly reports failure.

After restoring the valid code, verify the pipeline passes.

When AWS deployment infrastructure is available, verify:

```text
main
  │
  ├── Backend → ECR → Deployment → Healthy
  │
  └── Frontend → S3 → CloudFront
```

Verify the deployed backend image can be traced to its Git commit.

Review workflow permissions and ensure they are not unnecessarily broad.

Update:

```text
docs/deployment.md
CONTRIBUTING.md
```

as appropriate.

Then open a Pull Request into `main`.

**Do not push CI/CD implementation directly to `main`.**

## Suggested Branch

`devops/ci-cd`"
26,Testing: Load Testing and Scalability Evaluation,open,sophia-dao,,"testing, blocked, scalability, performance",2026-10-05T18:15:26Z,2026-10-05T18:17:43Z,,https://github.com/sophia-dao/cloud_computing_proj/issues/26,"## Goal

Evaluate the scalability and performance of the deployed application using controlled load testing and measurable statistics.

The project must demonstrate scalability using actual measurements rather than architecture claims alone.

Testing should evaluate how the backend behaves as request load increases and compare different backend capacities where possible.

The results will be used as evidence in the final system design report and presentation.

## Where to Work

This task primarily involves testing, AWS monitoring, and documentation.

Potential repository additions include:

- `tests/load/` — load-testing scripts
- `docs/performance-testing.md` — test methodology and results
- `docs/system-design.md` — scalability conclusions
- `docs/aws-architecture.md` — tested infrastructure configuration

Create these files/directories if needed.

This task builds on the deployed and monitored AWS architecture.

## Tasks

### Load Testing Setup

- [ ] Select a load-testing tool
- [ ] Create reproducible load-test scripts
- [ ] Define representative API test scenarios
- [ ] Define concurrency/load levels
- [ ] Define test duration
- [ ] Define warm-up behavior if required
- [ ] Record infrastructure configuration used for every test
- [ ] Verify tests target the ALB/stable API endpoint rather than individual EC2 instances

### Baseline Testing

- [ ] Establish a low-load baseline
- [ ] Test the application with one backend instance
- [ ] Record throughput
- [ ] Record average response time
- [ ] Record p95 response time
- [ ] Record error rate
- [ ] Record EC2 CPU utilization
- [ ] Record relevant RDS metrics
- [ ] Record ALB metrics

### Scaling Testing

- [ ] Increase request concurrency in controlled steps
- [ ] Determine how performance changes as load increases
- [ ] Identify when response latency begins degrading
- [ ] Identify when errors begin increasing, if applicable
- [ ] Record infrastructure utilization at each load level

### Horizontal Scaling Comparison

- [ ] Run a controlled test with one backend instance
- [ ] Run the equivalent test with multiple backend instances
- [ ] Keep other test conditions as consistent as practical
- [ ] Compare throughput
- [ ] Compare average latency
- [ ] Compare p95 latency
- [ ] Compare error rate
- [ ] Compare EC2 utilization
- [ ] Compare database utilization

### Auto Scaling Test

Where practical:

- [ ] Begin with minimum backend capacity
- [ ] Generate sustained application load
- [ ] Observe the scaling metric
- [ ] Verify Auto Scaling launches additional capacity
- [ ] Verify the new instance becomes healthy
- [ ] Verify the ALB begins routing traffic to it
- [ ] Record scaling-event timing
- [ ] Record application performance before and after scaling

### Results

- [ ] Store raw test results where practical
- [ ] Create comparison tables
- [ ] Create performance graphs
- [ ] Document test methodology
- [ ] Document limitations
- [ ] Identify observed bottlenecks
- [ ] Write evidence-based scalability conclusions

## Load-Testing Tool

Use an appropriate reproducible load-testing tool.

Examples include:

```text
Locust
k6
```

For this project, a scriptable tool is preferred because the same workload should be repeatable.

Do not rely on manually refreshing pages in a browser as scalability testing.

## Test Through the Real Architecture

Tests should target:

```text
Load Generator
      │
      ▼
     ALB
      │
      ▼
EC2 Backend(s)
      │
      ▼
     RDS
```

Do not benchmark:

```text
localhost
```

and use those results as proof of AWS scalability.

Local testing may be useful during development, but final scalability evidence should come from the deployed architecture.

## Representative Workloads

Do not test only the health endpoint.

The health endpoint performs almost no application work and would produce misleading results.

Select representative application endpoints.

Examples may include:

```text
Ingredient Search
Recipe Search
Recipe Detail
Recommendations
```

If authentication is available, additional scenarios may include:

```text
Inventory Retrieval
Saved Recipes
Profile Retrieval
```

Choose endpoints that represent realistic application usage.

## Read vs. Write Workloads

Where practical, distinguish between read-heavy and write operations.

Example:

```text
Read-heavy:
GET ingredient search
GET recipe search
GET recipe detail

More computational:
POST recommendation request

Write:
POST/PUT inventory
Save recipe
Update profile
```

Do not perform destructive or uncontrolled writes against important production data.

Use dedicated test data where necessary.

## Test Levels

Use several controlled load levels.

For example:

```text
25 concurrent users
50 concurrent users
100 concurrent users
250 concurrent users
```

These are starting examples, not required final values.

Adjust the levels based on:

- EC2 size
- RDS size
- application behavior
- AWS cost
- observed performance

Do not generate unnecessarily extreme traffic simply to make the system fail.

## Metrics

At minimum, collect:

```text
Concurrent Users
Requests per Second
Average Response Time
p95 Response Time
Error Rate
```

Infrastructure metrics should include:

```text
EC2 CPU Utilization
Backend Instance Count
ALB Target Response Time
ALB Healthy Host Count
RDS CPU Utilization
RDS Database Connections
```

Additional metrics may be collected where useful.

## Why p95 Matters

Average latency alone can hide slow requests.

For example:

```text
Average:
180 ms

p95:
850 ms
```

This means most requests may be reasonably fast while a significant tail of requests is much slower.

Therefore, report both:

```text
Average latency
p95 latency
```

rather than only the average.

## One-Instance Test

Establish a controlled configuration:

```text
ALB
 │
 ▼
EC2 #1
 │
 ▼
RDS
```

Record the exact infrastructure configuration.

Example:

```text
Backend instances: 1
EC2 type: <actual type>
RDS type: <actual type>
Backend image: <version>
Test duration: <actual duration>
```

Then execute each defined load level.

## Multi-Instance Test

Repeat equivalent tests with:

```text
              ALB
            /     \
           ▼       ▼
        EC2 #1   EC2 #2
            \     /
              RDS
```

Keep the following as consistent as practical:

```text
API endpoints
Test duration
Test data
Load level
EC2 instance type
RDS configuration
Backend version
```

This gives us a meaningful comparison.

## Results Table

Create a table similar to:

```text
Users | EC2 | Req/s | Avg ms | p95 ms | Error % | Avg CPU
-----------------------------------------------------------
25    |  1  |       |        |        |         |
50    |  1  |       |        |        |         |
100   |  1  |       |        |        |         |
250   |  1  |       |        |        |         |

25    |  2  |       |        |        |         |
50    |  2  |       |        |        |         |
100   |  2  |       |        |        |         |
250   |  2  |       |        |        |         |
```

Populate this table only with actual measurements.

## Graphs

Create useful graphs from the measured results.

Recommended graphs:

```text
Concurrent Users
       vs.
p95 Response Time
```

```text
Concurrent Users
       vs.
Requests / Second
```

```text
Concurrent Users
       vs.
Error Rate
```

For the horizontal scaling comparison, show:

```text
1 EC2
vs.
2 EC2
```

on the same comparison where appropriate.

## Auto Scaling Evaluation

If Auto Scaling is implemented, perform a separate dynamic test.

Conceptually:

```text
1 Instance
    │
    ▼
Load increases
    │
    ▼
Scaling threshold reached
    │
    ▼
ASG launches EC2 #2
    │
    ▼
Health check passes
    │
    ▼
ALB distributes traffic
```

Record a timeline such as:

```text
Time | Load | CPU | Instances | p95 | Event
----------------------------------------------
0m   |      |     |     1     |     |
2m   |      |     |     1     |     |
4m   |      |     |     1     |     | Scale triggered
6m   |      |     |     2     |     | Instance starting
8m   |      |     |     2     |     | Target healthy
```

Use actual measurements.

## Bottleneck Analysis

Do not simply report that the application became slower.

Try to determine why.

Example:

```text
Latency increases
      │
      ├── EC2 CPU = 95%
      └── RDS CPU = 30%

Likely bottleneck:
Backend compute
```

Another example:

```text
Latency increases
      │
      ├── EC2 CPU = 40%
      ├── RDS CPU = 95%
      └── DB latency increases

Likely bottleneck:
Database
```

These conclusions should be based on observed metrics.

## Scalability Interpretation

A scalable architecture does not mean:

```text
Response time never increases.
```

Instead, evaluate whether adding resources allows the application to support additional load while maintaining acceptable performance.

For example:

```text
1 EC2:
Performance degrades significantly at X load

2 EC2:
Comparable degradation occurs at a higher load
```

That is useful scalability evidence.

Do not force the results to show that scaling improved performance.

If it does not improve performance, investigate why.

Possible reasons may include:

```text
Database bottleneck
Inefficient queries
Application-level bottleneck
Insufficient test duration
Scaling delay
External dependency
```

Unexpected results are still valid engineering results.

## Recommendation Endpoint

The Recommendation API should receive particular attention because it may be one of the more computational/database-intensive endpoints.

Test it independently where practical.

Compare it with simpler endpoints such as Ingredient Search or Recipe Detail.

This can help identify whether recommendation logic becomes a bottleneck.

## Query Performance

If load testing identifies database-heavy endpoints, investigate Django query behavior.

Look for:

```text
N+1 queries
Missing indexes
Repeated queries
Loading unnecessary objects
Unbounded result sets
```

Optimization should be evidence-driven.

Do not prematurely add caching or architectural complexity without identifying the bottleneck first.

## Security Requirements

Load testing must not weaken production security.

Do not:

- disable authentication simply to make tests easier
- expose RDS publicly
- expose backend ports publicly
- commit test credentials
- put authentication tokens into Git
- bypass authorization checks

Where authenticated tests are required, use dedicated test accounts and secure test configuration.

## Test Data

Use controlled test data.

Do not generate thousands of permanent user accounts, inventory records, or saved recipes in the real application without a cleanup strategy.

Where write testing is necessary:

```text
Create Test Data
      ↓
Run Test
      ↓
Collect Results
      ↓
Clean Up Test Data
```

## Reproducibility

Another team member should be able to repeat the test.

Document:

```text
Test tool
Test script
Backend version
Infrastructure configuration
Test data
Load levels
Test duration
Relevant environment assumptions
```

This is important because otherwise the performance statistics cannot be meaningfully verified.

## Cost / Safety

Load tests intentionally generate traffic and may trigger Auto Scaling.

Before testing:

- verify Auto Scaling maximum capacity
- verify AWS budget/cost expectations
- verify test duration
- verify target environment

Do not accidentally run uncontrolled load tests for hours.

Do not target systems that the team does not own or have permission to test.

## Final Scalability Evidence

The final report should be able to show:

```text
Architecture
     +
Controlled Experiment
     +
Measured Statistics
     +
CloudWatch Metrics
     +
Analysis
     =
Scalability Evidence
```

This directly addresses the scalability requirement.

## Important

Do not start with a conclusion such as:

```text
""Our architecture scales perfectly.""
```

Start with measurements.

Then conclude what those measurements actually demonstrate.

### Do NOT

- Fabricate performance numbers
- Use localhost results as final cloud scalability evidence
- Test only `/api/health/`
- Change multiple infrastructure variables between comparison tests
- Compare different backend versions without documenting it
- Disable authentication/authorization for testing
- Commit test credentials
- Expose infrastructure publicly to simplify load testing
- Run uncontrolled load tests
- Generate excessive AWS cost
- Assume adding EC2 instances automatically improves performance
- Hide negative results
- Claim the application is infinitely scalable
- Optimize without identifying a measured bottleneck
- Push test implementation directly to `main`

## Acceptance Criteria

### Test Environment

- [ ] Load-testing tool is selected
- [ ] Test scripts are stored/documented
- [ ] Tests target the deployed backend through the ALB
- [ ] Representative application endpoints are tested
- [ ] Infrastructure configuration is recorded
- [ ] Test methodology is reproducible

### Metrics

- [ ] Requests per second are recorded
- [ ] Average latency is recorded
- [ ] p95 latency is recorded
- [ ] Error rate is recorded
- [ ] EC2 CPU utilization is recorded
- [ ] Backend instance count is recorded
- [ ] Relevant ALB metrics are recorded
- [ ] Relevant RDS metrics are recorded

### Scalability

- [ ] Multiple load levels are tested
- [ ] Single-instance performance is measured
- [ ] Multi-instance performance is measured where available
- [ ] Equivalent workloads are used for comparison
- [ ] Horizontal-scaling results are analyzed
- [ ] Auto Scaling behavior is evaluated where available
- [ ] Bottlenecks are identified where supported by evidence

### Results

- [ ] Raw or summarized test results are preserved
- [ ] Results table is created
- [ ] At least one useful scalability graph is created
- [ ] Test limitations are documented
- [ ] Results are interpreted rather than merely listed
- [ ] No fabricated statistics are used

### Security

- [ ] Tests do not bypass application authorization
- [ ] Test credentials are not committed
- [ ] Infrastructure security is not weakened for testing
- [ ] Load testing targets only authorized project infrastructure

### Documentation

- [ ] `docs/performance-testing.md` documents the methodology
- [ ] Infrastructure configuration is documented
- [ ] Test scenarios are documented
- [ ] Results are documented
- [ ] Scalability conclusions are supported by measured evidence

## Before Submitting

Verify the load tests can be reproduced.

Run the selected workloads against the deployed environment.

Collect both:

```text
Load Test Results
+
CloudWatch Metrics
```

Create the required tables and graphs.

Review the results with the team before making scalability claims.

Update:

```text
docs/performance-testing.md
docs/system-design.md
```

with measured results and conclusions.

Then open a Pull Request into `main`.

**Do not push testing changes directly to `main`.**

## Suggested Branch

`testing/scalability`"
25,"Infrastructure: Configure CloudWatch Logging, Metrics, and Monitoring",open,sophia-dao,,"backend, MVP, infrastructure, blocked",2026-10-05T18:11:16Z,2026-10-05T18:36:55Z,,https://github.com/sophia-dao/cloud_computing_proj/issues/25,"## Goal

Configure Amazon CloudWatch to provide centralized logging and infrastructure monitoring for the deployed application.

The system should provide visibility into:

- Django backend behavior
- EC2 resource utilization
- Application Load Balancer performance
- Auto Scaling activity
- RDS performance
- application errors

CloudWatch metrics collected here will later support the project's scalability and performance testing.

The goal is to be able to answer questions such as:

```text
How much traffic is the application receiving?

How quickly is the backend responding?

How heavily utilized are the EC2 instances?

Is the database becoming a bottleneck?

Are requests failing?

Did adding backend instances improve performance?
```

Actual scalability experiments and load generation should be handled in a later dedicated issue.

## Where to Work

This task primarily involves AWS infrastructure and backend logging configuration.

Potential repository changes include:

- `backend/config/settings.py`
- backend logging configuration
- deployment/startup configuration
- `docs/aws-architecture.md`
- `docs/deployment.md`
- `docs/performance-testing.md` if created

Relevant documentation:

- `backend/README.md`
- `docs/system-design.md`
- `docs/aws-architecture.md`
- `CONTRIBUTING.md`

## Tasks

### CloudWatch Logs

- [ ] Create/configure a CloudWatch log group for the Django backend
- [ ] Send deployed backend logs to CloudWatch
- [ ] Verify application startup logs are available
- [ ] Verify Django application errors are visible
- [ ] Configure an appropriate log retention period
- [ ] Ensure sensitive information is not written to logs
- [ ] Document the logging configuration

### EC2 Monitoring

- [ ] Verify EC2 metrics are available in CloudWatch
- [ ] Monitor CPU utilization
- [ ] Monitor relevant instance health/status metrics
- [ ] Configure additional memory monitoring if required for scalability testing
- [ ] Document which EC2 metrics will be used during performance tests

### Application Load Balancer

- [ ] Monitor ALB request count
- [ ] Monitor target response time
- [ ] Monitor healthy target count
- [ ] Monitor unhealthy target count
- [ ] Monitor backend 4xx/5xx behavior where appropriate
- [ ] Verify ALB metrics are available in CloudWatch

### Auto Scaling

- [ ] Monitor desired instance capacity
- [ ] Monitor in-service instance count
- [ ] Verify scaling events can be observed
- [ ] Verify changes in backend capacity can be correlated with load
- [ ] Document relevant Auto Scaling metrics

### RDS

- [ ] Monitor RDS CPU utilization
- [ ] Monitor database connections
- [ ] Monitor available storage
- [ ] Monitor relevant read/write latency or I/O metrics
- [ ] Verify database metrics are available during load testing
- [ ] Document the RDS metrics selected for scalability analysis

### Dashboard

- [ ] Create a CloudWatch dashboard for the deployed application
- [ ] Include key EC2 metrics
- [ ] Include key ALB metrics
- [ ] Include key RDS metrics
- [ ] Include Auto Scaling capacity where available
- [ ] Organize the dashboard so system behavior can be observed during load testing

### Alarms

- [ ] Configure a small set of useful CloudWatch alarms
- [ ] Configure an EC2 high-utilization alarm
- [ ] Configure an unhealthy backend/target alarm where appropriate
- [ ] Configure a backend/server-error alarm where appropriate
- [ ] Document alarm thresholds and reasoning

## Architecture

CloudWatch should provide visibility across the deployed system.

```text
                        Users
                          │
                          ▼
                         ALB
                          │
                  ┌───────┴───────┐
                  ▼               ▼
                EC2 #1          EC2 #2
                Django          Django
                  │               │
                  └───────┬───────┘
                          ▼
                         RDS


            ───── Monitoring / Logs ─────

                         │
                         ▼
                    CloudWatch
                         │
            ┌────────────┼────────────┐
            ▼            ▼            ▼
           Logs        Metrics     Dashboard
                                      │
                                      ▼
                                    Alarms
```

CloudWatch does not sit in the application request path.

It observes system behavior.

## Backend Logging

Production Django logs should be accessible without requiring developers to manually inspect each EC2 instance.

Avoid:

```text
Developer
   ↓
SSH into EC2 #1
   ↓
Read local log

SSH into EC2 #2
   ↓
Read another log
```

Prefer:

```text
EC2 #1 ──┐
         │
EC2 #2 ──┼──→ CloudWatch Logs
         │
EC2 #N ──┘
```

This becomes especially important when Auto Scaling creates or replaces backend instances.

## Logging Requirements

Logs should contain enough information to diagnose application behavior.

Useful information may include:

```text
Timestamp
Log level
Application/component
Request/error context where appropriate
Exception information
```

Do not intentionally log sensitive information.

Avoid logging:

```text
Authorization headers
Cognito tokens
Passwords
Database credentials
DJANGO_SECRET_KEY
AWS credentials
Secrets Manager values
```

## Log Levels

Production logging should use meaningful levels.

For example:

```text
DEBUG
INFO
WARNING
ERROR
CRITICAL
```

Do not enable excessively verbose debug logging in production without a specific reason.

Normal application behavior should not generate large quantities of unnecessary logs.

## Log Retention

CloudWatch logs should have an explicit retention strategy.

Do not leave logs growing indefinitely without considering cost and project requirements.

Choose a reasonable retention period for the class project and document it.

The exact retention period may be adjusted later based on project needs.

## EC2 Metrics

At minimum, monitor:

```text
CPUUtilization
StatusCheckFailed
```

For scalability testing, memory utilization is also useful.

If memory metrics are required, configure the appropriate monitoring mechanism, such as the CloudWatch Agent.

The project should record which metrics are standard AWS metrics and which require additional configuration.

## ALB Metrics

Useful ALB/target metrics include:

```text
RequestCount
TargetResponseTime
HealthyHostCount
UnHealthyHostCount
HTTPCode_Target_2XX_Count
HTTPCode_Target_4XX_Count
HTTPCode_Target_5XX_Count
```

These help answer:

```text
How many requests reached the application?

How quickly did targets respond?

Were targets healthy?

Did backend errors increase under load?
```

## Auto Scaling Metrics

When Auto Scaling is available, monitor the capacity of the backend tier.

Useful measurements include:

```text
GroupDesiredCapacity
GroupInServiceInstances
GroupTotalInstances
```

During a scaling test, this allows us to observe:

```text
Load increases
      ↓
CPU/load increases
      ↓
Scaling policy activates
      ↓
Desired capacity increases
      ↓
New instance starts
      ↓
Healthy host count increases
```

## RDS Metrics

Useful RDS measurements include:

```text
CPUUtilization
DatabaseConnections
FreeStorageSpace
ReadLatency
WriteLatency
ReadIOPS
WriteIOPS
```

Not every metric must appear on the main dashboard.

Select metrics that help explain application performance.

For example:

```text
API latency increases
        │
        ├── EC2 CPU low
        │
        └── RDS CPU/latency high

Possible bottleneck:
database tier
```

This is much stronger evidence than simply saying ""the application became slow.""

## CloudWatch Dashboard

Create a project dashboard that makes the application's behavior easy to observe.

A useful conceptual layout is:

```text
+----------------------------------------+
|           APPLICATION TRAFFIC          |
| Request Count | Target Response Time   |
+----------------------------------------+

+----------------------------------------+
|             BACKEND COMPUTE            |
| EC2 CPU | Instance Count | Health      |
+----------------------------------------+

+----------------------------------------+
|                DATABASE                |
| RDS CPU | Connections | Latency        |
+----------------------------------------+

+----------------------------------------+
|                ERRORS                  |
| 4xx | 5xx | Unhealthy Targets          |
+----------------------------------------+
```

The exact dashboard layout may differ.

The important requirement is that relevant system behavior can be observed together during testing.

## Alarms

Configure a small number of meaningful alarms.

Possible examples:

```text
High EC2 CPU

Unhealthy ALB Target

High Backend 5xx Error Rate
```

Thresholds should be documented.

Do not create dozens of alarms simply to increase the apparent complexity of the architecture.

## Security Requirements

### Sensitive Logs

CloudWatch must not become a repository for application secrets.

Do not log:

- passwords
- AWS access keys
- database credentials
- Django secret keys
- complete authentication tokens
- Secrets Manager payloads

### IAM

EC2 should use its IAM role to send/access the required monitoring resources.

Grant only required CloudWatch/logging permissions.

Avoid:

```text
cloudwatch:*
logs:*
Resource: *
```

where narrower permissions are practical.

### User Information

Avoid logging unnecessary private user information.

Logs should contain operational information needed to diagnose the system rather than copies of entire user requests or profiles.

## Scalability Requirements

Monitoring must allow us to compare different backend configurations.

For example:

```text
Test A
──────
1 EC2

100 concurrent users

Requests/sec:       measured
Average latency:    measured
p95 latency:        measured
Error rate:         measured
EC2 CPU:            measured
RDS CPU:            measured
```

Then:

```text
Test B
──────
2 EC2

100 concurrent users

Requests/sec:       measured
Average latency:    measured
p95 latency:        measured
Error rate:         measured
EC2 CPU:            measured
RDS CPU:            measured
```

CloudWatch provides infrastructure measurements while the later load-testing tool provides client/request measurements.

Together they allow us to explain **why** performance changed.

## Scalability Statistics

The professor specifically requires scalability supported by statistics.

Therefore, later tests should produce data such as:

```text
Users | Instances | Req/s | Avg | p95 | Error % | CPU
-------------------------------------------------------
50    |     1     |  ...  | ... | ... |   ...   | ...
100   |     1     |  ...  | ... | ... |   ...   | ...
250   |     1     |  ...  | ... | ... |   ...   | ...

50    |     2     |  ...  | ... | ... |   ...   | ...
100   |     2     |  ...  | ... | ... |   ...   | ...
250   |     2     |  ...  | ... | ... |   ...   | ...
```

Do not fabricate these numbers.

They must come from actual tests.

## Monitoring Auto Scaling

CloudWatch should also allow us to capture a scaling timeline.

Example:

```text
Time    CPU    Instances    p95
--------------------------------
0 min   20%       1         ...
2 min   55%       1         ...
4 min   75%       1         ...
6 min   80%       1         ...
8 min   65%       2         ...
10 min  45%       2         ...
```

This can become excellent evidence for the final report.

Again, all actual values must come from measured results.

## Failure Monitoring

The system should make backend failure observable.

Example:

```text
EC2 #1 healthy
EC2 #2 healthy

       ↓

EC2 #1 fails

       ↓

HealthyHostCount decreases

       ↓

ALB stops routing to EC2 #1

       ↓

ASG replaces instance

       ↓

HealthyHostCount returns
```

CloudWatch metrics/logs should allow this sequence to be demonstrated where practical.

## Performance Baseline

Once monitoring exists, record a simple baseline before full scalability testing.

Document:

```text
Date
Backend Image Version
EC2 Instance Type
Number of EC2 Instances
RDS Instance Class
Test Endpoint
```

This prevents performance results from becoming meaningless because infrastructure configuration changed without being recorded.

## Cost Awareness

CloudWatch can generate additional costs through:

- log ingestion
- log storage
- custom metrics
- dashboards
- alarms

Keep monitoring appropriate for a class project.

Do not enable excessive high-frequency custom metrics or verbose logging without a reason.

Configure log retention rather than keeping unnecessary logs indefinitely.

## Important

Monitoring is different from load testing.

```text
CloudWatch
     ↓
Observes the system

Load Testing Tool
     ↓
Generates controlled traffic
```

We need both.

CloudWatch tells us:

```text
What happened inside AWS?
```

The load-testing tool tells us:

```text
What performance did the client experience?
```

The later scalability-testing issue will combine both.

### Do NOT

- Log passwords
- Log AWS credentials
- Log database credentials
- Log Django secret keys
- Log complete authentication tokens
- Log Secrets Manager contents
- Enable excessive production debug logging
- Keep logs indefinitely without a retention decision
- Give EC2 unnecessary CloudWatch administrative permissions
- Create meaningless alarms simply for complexity
- Treat CloudWatch as the load generator
- Claim scalability based only on CPU graphs
- Invent performance statistics
- Change infrastructure during a comparison test without documenting it
- Modify unrelated application functionality
- Push infrastructure changes directly to `main`

## Acceptance Criteria

### Logging

- [ ] Backend production logs are available through CloudWatch
- [ ] Logs from multiple backend instances can be centrally accessed
- [ ] Application errors are observable
- [ ] Log retention is configured
- [ ] Sensitive values are not intentionally logged

### EC2

- [ ] EC2 CPU utilization can be monitored
- [ ] Instance health/status is observable
- [ ] Memory monitoring is configured if required for final scalability testing
- [ ] EC2 instance configuration can be identified during tests

### ALB

- [ ] Request count is observable
- [ ] Target response time is observable
- [ ] Healthy target count is observable
- [ ] Unhealthy target count is observable
- [ ] Relevant HTTP error metrics are observable

### RDS

- [ ] RDS CPU utilization is observable
- [ ] Database connections are observable
- [ ] Relevant database latency/storage metrics are observable
- [ ] Database configuration can be identified during testing

### Auto Scaling

- [ ] Desired capacity can be observed
- [ ] In-service instance count can be observed
- [ ] Scaling events can be correlated with application load

### Dashboard

- [ ] CloudWatch dashboard exists
- [ ] Dashboard contains useful application traffic metrics
- [ ] Dashboard contains backend compute metrics
- [ ] Dashboard contains database metrics
- [ ] Dashboard contains backend health/error information

### Alarms

- [ ] At least one meaningful infrastructure alarm exists
- [ ] Alarm threshold/reasoning is documented
- [ ] Alarm configuration does not expose sensitive information

### Security

- [ ] IAM permissions follow least privilege
- [ ] Secrets are not intentionally written to logs
- [ ] Authentication tokens are not intentionally written to logs
- [ ] Production debug logging is not unnecessarily enabled

### Scalability

- [ ] Monitoring can distinguish one-instance and multi-instance configurations
- [ ] Infrastructure metrics can be collected during load tests
- [ ] Backend instance count can be correlated with performance
- [ ] RDS behavior can be correlated with API performance
- [ ] Monitoring architecture supports the final statistical scalability analysis

## Before Submitting

Verify backend logs appear in CloudWatch.

Generate several normal API requests and verify the relevant ALB/application metrics update.

Generate a controlled application error and verify it can be diagnosed through logging without exposing sensitive information.

Verify EC2 metrics.

Verify RDS metrics when RDS is available.

Verify Auto Scaling metrics when the Auto Scaling Group is available.

Review logs and ensure no credentials, passwords, secret values, or authentication tokens are exposed.

Take screenshots or record the dashboard configuration where useful for the project report.

Update:

```text
docs/aws-architecture.md
docs/deployment.md
```

and performance-testing documentation where appropriate.

Then open a Pull Request into `main`.

**Do not push infrastructure changes directly to `main`.**

## Suggested Branch

`infrastructure/cloudwatch-monitoring`"
24,Infrastructure: Configure AWS Secrets Management and Production Configuration,open,sophia-dao,,"backend, MVP, infrastructure, blocked, security",2026-10-05T18:09:28Z,2026-10-05T18:09:28Z,,https://github.com/sophia-dao/cloud_computing_proj/issues/24,"## Goal

Implement secure production configuration management for the Django backend.

Sensitive production values must not be stored in:

- Git
- Docker images
- frontend code
- Launch Templates
- EC2 user-data scripts
- committed `.env` files

AWS-managed secret storage should be used for sensitive configuration, while normal non-sensitive configuration should remain environment-based.

The intended architecture is:

```text
AWS Secrets Manager
        │
        │ IAM-authorized access
        ▼
       EC2
        │
        ▼
 Django Container
        │
        ├── RDS
        ├── S3
        └── Other AWS Services
```

## Where to Work

This task affects AWS infrastructure and backend production configuration.

Potential repository changes include:

- `backend/config/settings.py`
- `.env.example`
- deployment/startup configuration
- `docs/aws-architecture.md`
- `docs/deployment.md`
- `backend/README.md`

Relevant documentation:

- `backend/README.md`
- `docs/system-design.md`
- `docs/aws-architecture.md`
- `CONTRIBUTING.md`

## Tasks

### Secrets Management

- [ ] Identify production values that are actually secrets
- [ ] Create appropriate secret(s) in AWS Secrets Manager
- [ ] Store production database credentials securely
- [ ] Store the Django secret key securely
- [ ] Configure EC2 IAM permission to retrieve only required secrets
- [ ] Make required secrets available to the Django runtime
- [ ] Verify Django starts successfully using managed secrets
- [ ] Verify secrets are not required inside the Docker image
- [ ] Verify secrets are not committed to Git
- [ ] Document secret-management architecture without documenting secret values

### Production Configuration

- [ ] Separate sensitive configuration from non-sensitive configuration
- [ ] Configure `DEBUG=False`
- [ ] Configure `ALLOWED_HOSTS`
- [ ] Configure production database settings
- [ ] Configure production S3 settings where applicable
- [ ] Configure Cognito settings where applicable
- [ ] Configure production CORS/CSRF settings where applicable
- [ ] Document required configuration variables
- [ ] Keep local development configuration simple and documented

## Secret vs. Configuration

Not every environment variable is a secret.

For example:

```text
Sensitive
─────────
DJANGO_SECRET_KEY
DB_PASSWORD
private credentials

Non-sensitive configuration
───────────────────────────
DJANGO_DEBUG
DB_PORT
AWS_REGION
S3 bucket name
Cognito user pool ID
API configuration
```

Treat values according to their sensitivity rather than putting everything into one category.

## Development

Local development may continue using an ignored `.env` file:

```text
Developer
    │
    ▼
.env
    │
    ▼
Django
```

The `.env` file must remain excluded from Git.

`.env.example` should contain only placeholders:

```env
DJANGO_SECRET_KEY=
DJANGO_DEBUG=True

DB_NAME=
DB_USER=
DB_PASSWORD=
DB_HOST=
DB_PORT=5432
```

Do not place real credentials in `.env.example`.

## Production

Production should not depend on a manually maintained `.env` file committed or copied around by developers.

Conceptually:

```text
              AWS
               │
      ┌────────┴────────┐
      │                 │
      ▼                 ▼
Secrets Manager    Configuration
      │                 │
      └────────┬────────┘
               ▼
              EC2
               │
               ▼
             Django
```

The exact mechanism used to expose configuration to the container should be documented.

## AWS Secrets Manager

Secrets Manager should contain values that require confidential storage.

Examples:

```text
Django Secret Key

Database:
├── username
├── password
├── host where appropriate
├── port where appropriate
└── database name where appropriate
```

Do not create unnecessary separate secrets for every individual environment variable if a logical grouping is easier to manage securely.

## IAM

The backend EC2 role should receive permission to retrieve only the secret resources required by the application.

Conceptually:

```text
EC2 Backend Role
       │
       ▼
GetSecretValue
       │
       ▼
Project Backend Secret
```

Avoid:

```text
secretsmanager:*
Resource: *
```

when narrower permissions are sufficient.

## No Static AWS Credentials

The application should rely on the EC2 IAM role for AWS service authentication.

Correct:

```text
Django
  ↓
EC2 IAM Role
  ↓
AWS Service
```

Avoid:

```text
Django
  ↓
AWS_ACCESS_KEY_ID
AWS_SECRET_ACCESS_KEY
  ↓
AWS Service
```

Long-lived AWS credentials should not be distributed to backend instances simply so the application can access AWS services.

## Django Production Security

Production Django configuration must use:

```text
DEBUG=False
```

Production errors must not expose:

- stack traces
- environment variables
- database credentials
- secret values
- internal Django configuration

Run:

```bash
python manage.py check --deploy
```

and review applicable Django deployment warnings.

Do not blindly suppress warnings simply to make the command quiet.

## CORS

Production CORS should permit the intended frontend origin.

Conceptually:

```text
CloudFront Frontend
        │
        ▼
       ALB
        │
        ▼
      Django
```

Avoid unrestricted production configuration such as:

```text
Allow every origin
```

when the frontend origin is known.

Development may use different configuration where necessary.

## CSRF

Where Django endpoints rely on CSRF protection, production trusted-origin configuration should reflect the actual application domains.

Do not disable security protections globally simply to fix integration problems.

## Logging

Secrets must not appear in normal logs.

Do not log:

```text
DB_PASSWORD
DJANGO_SECRET_KEY
authorization tokens
AWS credentials
complete secret payloads
```

Error handling should provide enough information for debugging without leaking sensitive configuration.

## Secret Rotation

The architecture should allow a secret to be changed without rebuilding the Docker image.

Desired:

```text
Change Secret
     ↓
Update/restart application runtime
     ↓
Application uses new value
```

Not:

```text
Change Secret
     ↓
Edit Dockerfile
     ↓
Rebuild application
```

Full automatic rotation is not required unless the team chooses to implement it.

The important requirement is that application binaries/images do not contain the secret.

## Docker

The same Docker image should work across environments.

```text
                   Same Image
                  /          \
                 ▼            ▼
           Development     Production
                │              │
          Local Config     AWS Config
```

Do not create:

```text
backend-with-dev-password
backend-with-prod-password
```

Configuration belongs outside the image.

## Auto Scaling

This architecture must support new EC2 instances created by the Auto Scaling Group.

A new instance should be capable of obtaining its required configuration through its IAM role.

Conceptually:

```text
Auto Scaling Group
       │
       ▼
    New EC2
       │
       ▼
    IAM Role
       │
       ▼
Secrets Manager
       │
       ▼
Django starts
```

No developer should need to manually SSH into each new instance and paste production passwords.

This is important for horizontal scalability.

## Security Requirements

### Least Privilege

Different AWS components should receive only the permissions they require.

For example:

```text
Backend EC2 Role
├── Pull backend image from ECR
├── Access required media S3 resources
└── Read required application secret

Frontend
└── No backend AWS credentials

RDS
└── Network access restricted to backend
```

### Source Control

Before deployment, verify that Git does not contain:

- production `.env`
- AWS credentials
- database passwords
- Django secret keys
- private keys
- sensitive Cognito credentials

If a real credential was previously committed, simply deleting it from the latest file is not sufficient security remediation.

The credential should be considered exposed and rotated.

## Scalability Requirements

Secret management must not depend on one manually configured EC2 instance.

Incorrect:

```text
EC2 #1
└── manually created secret file

EC2 #2
└── missing configuration
```

Correct:

```text
             Secrets Manager
                /        \
               ▼          ▼
            EC2 #1      EC2 #2
```

Equivalent backend instances should receive equivalent required production configuration.

This supports:

```text
Auto Scaling
     ↓
New Instance
     ↓
Secure Configuration
     ↓
Backend Ready
```

without manual intervention.

## Important

Secrets and configuration are different from application code.

```text
ECR
└── Application image

Secrets Manager
└── Sensitive configuration

Environment/configuration
└── Non-sensitive deployment settings

RDS
└── Persistent relational data

S3
└── Persistent object/media data
```

Keep these responsibilities separate.

### Do NOT

- Commit production `.env` files
- Commit database passwords
- Commit Django secret keys
- Commit AWS access keys
- Put secrets in React
- Put secrets in Docker images
- Put secrets directly in Launch Templates
- Put plaintext secrets in EC2 user-data scripts
- Give EC2 `secretsmanager:*` on all resources unnecessarily
- Give EC2 `AdministratorAccess`
- Log secret values
- Expose secret values through API responses
- Disable Django security features merely to fix deployment problems
- Use unrestricted CORS unnecessarily in production
- Require manual secret setup on every Auto Scaling instance
- Push infrastructure changes directly to `main`

## Acceptance Criteria

### Secrets

- [ ] Production Django secret key is externally managed
- [ ] Production database credentials are externally managed
- [ ] Required secrets are available to Django at runtime
- [ ] Docker image contains no production secrets
- [ ] Git contains no production secrets
- [ ] React contains no backend secrets

### IAM

- [ ] Backend EC2 uses an IAM role
- [ ] Backend can retrieve required secret(s)
- [ ] Secret access is restricted to required resources
- [ ] Long-lived AWS credentials are not required on EC2

### Django

- [ ] Production runs with `DEBUG=False`
- [ ] `ALLOWED_HOSTS` is production-configured
- [ ] Production CORS is appropriately restricted
- [ ] CSRF trusted origins are configured where required
- [ ] `python manage.py check --deploy` is reviewed
- [ ] Application logs do not expose sensitive configuration

### Deployment

- [ ] Same Docker image can receive environment-specific configuration
- [ ] Secrets can change without rebuilding the image
- [ ] New backend instances can obtain required configuration
- [ ] Configuration supports the Auto Scaling architecture

### Documentation

- [ ] Required production configuration is documented
- [ ] Sensitive vs. non-sensitive configuration is documented
- [ ] Secrets Manager architecture is documented
- [ ] IAM requirements are documented
- [ ] No actual secret values appear in documentation

## Before Submitting

Verify the production-configured backend can start without secrets embedded in its Docker image.

Run:

```bash
python manage.py check
python manage.py check --deploy
```

Review the Docker image/configuration and repository for accidentally included secrets.

Verify:

```text
EC2
 ↓
IAM Role
 ↓
Secrets Manager
 ↓
Django
```

Verify a secret can be changed externally without modifying application source code or rebuilding the Docker image.

Update:

```text
docs/aws-architecture.md
docs/deployment.md
```

as appropriate.

Then open a Pull Request into `main`.

**Do not push infrastructure changes directly to `main`.**

## Suggested Branch

`infrastructure/secrets-config`"
23,Infrastructure: Deploy React Frontend with Amazon S3 and CloudFront,open,sophia-dao,,"frontend, infrastructure, blocked, scalability",2026-09-30T22:42:31Z,2026-09-30T22:45:15Z,,https://github.com/sophia-dao/cloud_computing_proj/issues/23,"## Goal

Deploy the React frontend using Amazon S3 and Amazon CloudFront.

The production frontend should be built into static assets, stored in S3, and delivered to users through CloudFront.

The frontend should remain independently deployable and scalable from the Django backend.

The intended architecture is:

```text
Users
  │
  ▼
CloudFront
  │
  ▼
S3
  │
  ▼
React Frontend
  │
  │ API Requests
  ▼
ALB
  │
  ▼
Django Backend
```

## Where to Work

Frontend code is located in:

`frontend/`

Potential files/configuration involved:

- `frontend/package.json`
- `frontend/src/`
- `frontend/.env.example`
- frontend build configuration
- shared API client configuration
- `docs/aws-architecture.md`
- `docs/deployment.md`

Relevant documentation:

- frontend README, if present
- `docs/system-design.md`
- `docs/aws-architecture.md`
- `CONTRIBUTING.md`

## Tasks

### Frontend Build

- [ ] Verify the React production build succeeds
- [ ] Verify generated assets are suitable for static hosting
- [ ] Configure the production backend API URL through environment configuration
- [ ] Ensure frontend source code does not contain hardcoded EC2 addresses
- [ ] Ensure no secrets are included in the frontend build

### Amazon S3

- [ ] Create an S3 bucket for the production frontend
- [ ] Upload the production React build to S3
- [ ] Configure bucket permissions appropriately
- [ ] Enable S3 Block Public Access where compatible with the CloudFront architecture
- [ ] Prevent direct public bucket access where practical
- [ ] Document frontend bucket configuration

### Amazon CloudFront

- [ ] Create a CloudFront distribution
- [ ] Configure the frontend S3 bucket as the origin
- [ ] Configure secure CloudFront access to the S3 origin
- [ ] Configure the default root object
- [ ] Configure HTTPS for user-facing frontend traffic
- [ ] Configure appropriate caching behavior
- [ ] Configure SPA routing/error behavior where required
- [ ] Verify the React application loads through CloudFront
- [ ] Verify static assets load correctly
- [ ] Verify browser refresh on frontend routes works correctly

### Backend Integration

- [ ] Configure the frontend to use the deployed backend API endpoint
- [ ] Verify API requests reach the backend through the ALB
- [ ] Configure backend CORS for the deployed frontend origin where required
- [ ] Verify frontend/backend communication works in production

## Architecture

The frontend and backend should be deployed independently.

```text
                    Users
                      │
                      ▼
                  CloudFront
                      │
                      ▼
                     S3
                React Frontend
                      │
                      │ HTTPS API
                      ▼
                     ALB
                      │
                ┌─────┴─────┐
                ▼           ▼
              EC2 #1      EC2 #2
              Django      Django
                │           │
                └─────┬─────┘
                      ▼
                     RDS
```

Application media may use a separate S3 media configuration:

```text
Frontend Assets
      ↓
Frontend S3 + CloudFront

Application Media
      ↓
Media S3
```

Do not mix these responsibilities unnecessarily.

## Why CloudFront

Do not serve the production React application from Django or EC2.

Avoid:

```text
User
 ↓
EC2
 ↓
Django
 ↓
React static files
```

Prefer:

```text
User
 ↓
CloudFront
 ↓
S3
```

This prevents frontend static-file delivery from consuming Django/EC2 application capacity.

It also allows the frontend and backend tiers to scale independently.

## Frontend API Configuration

The backend API location must be environment-configurable.

Conceptually:

```env
VITE_API_BASE_URL=
```

Use the actual environment-variable naming convention established by the frontend.

The production value should point to the stable backend entry point rather than an individual EC2 instance.

Correct:

```text
React
  ↓
ALB / Stable API Endpoint
```

Avoid:

```text
React
  ↓
EC2 #1 Public IP
```

This is required for horizontal backend scaling.

## S3 Origin Security

The frontend bucket should not need to be broadly public if CloudFront is responsible for delivering the application.

Preferred architecture:

```text
Internet
   │
   ▼
CloudFront
   │
   ▼
Private S3 Origin
```

Configure CloudFront-to-S3 access using the appropriate AWS mechanism.

Direct anonymous S3 access should not be enabled merely to make deployment easier.

## HTTPS

Users should access the production frontend using HTTPS:

```text
Browser
   │
   │ HTTPS
   ▼
CloudFront
```

CloudFront's provided distribution domain can be used initially.

A custom domain and ACM certificate may be configured separately if required.

The frontend should communicate with the production API securely as well.

Avoid a final architecture where:

```text
HTTPS Frontend
      ↓
HTTP Public API
```

## SPA Routing

React applications may contain client-side routes such as:

```text
/
/recipes
/recipes/123
/inventory
/profile
```

Refreshing a client-side route must not result in an unusable S3/CloudFront error page.

Configure CloudFront/S3 behavior as appropriate for the project's React routing strategy.

Do not blindly redirect every backend/API error to `index.html`; this configuration applies to the frontend distribution only.

## Caching

CloudFront should cache static frontend assets appropriately.

Typical build assets such as:

```text
assets/app-<hash>.js
assets/app-<hash>.css
```

can benefit from caching because their filenames change when their content changes.

Be more careful with the main HTML entry point because it determines which asset versions users load.

The exact caching policy should be documented.

## Deployment Updates

Frontend deployment should follow:

```text
Frontend Source
      │
      ▼
npm build
      │
      ▼
Production Assets
      │
      ▼
S3
      │
      ▼
CloudFront
```

When a new frontend version is deployed, ensure users can receive the updated application.

CloudFront invalidation may be used where necessary.

Do not routinely invalidate every cached object unnecessarily if the build already uses content-hashed assets.

## Security Requirements

### Frontend Secrets

Anything shipped in the React bundle must be considered visible to the user.

Therefore, do not place actual secrets in frontend environment variables.

Do not include:

- AWS secret access keys
- database credentials
- Django secret keys
- private Cognito secrets
- server-side credentials

in the React application.

Frontend environment variables are configuration, **not secure secret storage**.

### AWS Access

The browser must not require AWS credentials to retrieve the normal frontend application.

Deployment credentials should remain separate from the application.

### S3

- Keep Block Public Access enabled where compatible with the chosen CloudFront origin design.
- Allow CloudFront to access the required frontend objects.
- Avoid unnecessary public S3 access.

### API Security

CloudFront/S3 security does not replace backend security.

The backend must continue enforcing:

- authentication
- authorization
- ownership
- input validation

React route protection is not authoritative access control.

## CORS

The Django backend may need to explicitly allow requests from the deployed frontend origin.

Conceptually:

```text
https://<frontend-domain>
          │
          ▼
       Django API
```

Do not solve CORS problems by unnecessarily allowing every origin in production.

Avoid:

```text
Allow all origins
```

when the production frontend origin is known.

## Scalability Requirements

Frontend static delivery should not depend on the number of backend EC2 instances.

```text
                    CloudFront
                        │
                        ▼
                       S3
                        │
                        ▼
                     React
                        │
                        ▼
                       ALB
                    /       \
                 EC2 #1    EC2 #2
```

Frontend scaling and backend scaling are therefore separate concerns.

### Frontend Tier

```text
CloudFront + S3
```

handles static application delivery.

### Backend Tier

```text
ALB + Auto Scaling + EC2
```

handles API computation.

### Data Tier

```text
RDS
```

handles relational persistence.

### Media Tier

```text
S3
```

handles application media.

This separation should be documented as part of the system design.

## Performance

CloudFront reduces the need for every user to retrieve static frontend resources directly from the S3 origin.

Useful CloudFront metrics can later include:

```text
Requests
BytesDownloaded
4xxErrorRate
5xxErrorRate
CacheHitRate
```

Frontend delivery metrics should be kept separate from backend API performance metrics when evaluating scalability.

## Scalability Evidence

This issue provides architectural evidence that frontend delivery does not consume backend compute capacity.

Later documentation can show:

```text
Static Request
User → CloudFront → S3

API Request
User → ALB → Django → RDS
```

This separation allows backend load testing to focus on actual API workload instead of static React files.

Do not claim a specific performance improvement without measured results.

## Cost Awareness

S3 and CloudFront usage should remain small for the project, but unnecessary resources should still be avoided.

Do not:

- create multiple unnecessary frontend buckets
- create duplicate distributions without reason
- retain obsolete deployment artifacts indefinitely
- perform unnecessary large invalidations repeatedly

## Important

Frontend S3 and media S3 serve different purposes.

```text
Frontend S3
───────────
index.html
JavaScript
CSS
frontend assets


Media S3
────────
recipe images
uploaded application media
```

Keeping them logically separate makes permissions, caching, and deployment behavior easier to manage.

### Do NOT

- Serve the production React application through Django
- Serve the production React application directly from EC2
- Hardcode an EC2 public IP into React
- Put AWS secret keys in React
- Put database credentials in React
- Put Django secrets in React
- Assume frontend environment variables are secret
- Make S3 broadly public simply to fix CloudFront access
- Disable backend authorization because routes are hidden in React
- Allow all CORS origins unnecessarily in production
- Point production React directly at individual Auto Scaling instances
- Mix frontend deployment files with user-uploaded media unnecessarily
- Claim scalability improvements without measurements
- Modify unrelated frontend functionality
- Push infrastructure changes directly to `main`

## Acceptance Criteria

### Frontend Build

- [ ] Production React build succeeds
- [ ] Production API URL is environment-configurable
- [ ] No EC2 address is hardcoded into application source
- [ ] No server-side secrets are included in the frontend bundle

### S3

- [ ] Frontend S3 bucket exists
- [ ] Production build is stored in the bucket
- [ ] Bucket access is configured appropriately
- [ ] Bucket is not unnecessarily publicly exposed
- [ ] Frontend and application media responsibilities are clearly separated

### CloudFront

- [ ] CloudFront distribution exists
- [ ] S3 is configured as the frontend origin
- [ ] CloudFront can securely retrieve frontend assets
- [ ] Frontend is accessible through CloudFront
- [ ] HTTPS works for frontend access
- [ ] Static assets load successfully
- [ ] SPA routes work correctly when refreshed
- [ ] Caching behavior is documented

### Backend Integration

- [ ] Frontend calls the backend through its stable API endpoint
- [ ] Frontend does not depend on a particular EC2 instance
- [ ] Production CORS configuration permits the intended frontend origin
- [ ] Representative API requests work from the deployed frontend

### Security

- [ ] No AWS secret credentials are included in React
- [ ] No database credentials are included in React
- [ ] No Django secret key is included in React
- [ ] S3 is not unnecessarily public
- [ ] HTTPS is used for public frontend access
- [ ] Backend remains responsible for authorization

### Scalability

- [ ] Frontend static delivery does not depend on Django/EC2
- [ ] Frontend deployment can scale independently of backend compute
- [ ] Backend instance count can change without changing the frontend API configuration
- [ ] Architecture is compatible with backend Auto Scaling
- [ ] CloudFront metrics can later be used as supporting performance evidence

### Documentation

- [ ] Frontend deployment procedure is documented
- [ ] S3 frontend configuration is documented
- [ ] CloudFront configuration is documented
- [ ] Production API configuration is documented
- [ ] CORS requirements are documented
- [ ] Architecture diagram includes S3 + CloudFront frontend delivery

## Before Submitting

Build the frontend:

```bash
cd frontend
npm run build
```

Deploy the generated production assets to the configured S3 frontend bucket.

Verify:

```text
Browser
   ↓
HTTPS
   ↓
CloudFront
   ↓
S3
   ↓
React loads
```

Then verify:

```text
React
  ↓
ALB / stable backend endpoint
  ↓
Django
  ↓
API response
```

Test direct navigation/refresh on representative React routes.

Check the browser console/network panel for:

- failed assets
- CORS failures
- mixed-content errors
- incorrect API URLs

Update:

```text
docs/aws-architecture.md
docs/deployment.md
```

as appropriate.

Then open a Pull Request into `main`.

**Do not push infrastructure changes directly to `main`.**

## Suggested Branch

`infrastructure/frontend-cloudfront`"
22,Infrastructure: Configure Amazon S3 Media Storage,open,sophia-dao,,"backend, infrastructure, blocked, scalability, security",2026-09-30T22:40:07Z,2026-09-30T22:45:26Z,,https://github.com/sophia-dao/cloud_computing_proj/issues/22,"## Goal

Configure Amazon S3 as the shared object storage service for application media such as recipe images.

Django should store media files in S3 rather than relying on the local filesystem of an EC2 instance or Docker container.

This allows multiple backend instances to access the same media resources and prevents media from being lost when an EC2 instance or container is replaced.

## Where to Work

This task affects AWS infrastructure and Django media configuration.

Potential repository changes include:

- `backend/config/settings.py` — media/storage configuration
- `backend/requirements.txt` — required S3/Django storage dependencies
- `.env.example` — storage configuration variables
- `docs/aws-architecture.md`
- `docs/deployment.md`
- `backend/README.md`

Relevant documentation:

- `backend/README.md`
- `docs/system-design.md`
- `docs/aws-architecture.md`
- `docs/database-design.md`
- `CONTRIBUTING.md`

## Tasks

### Amazon S3

- [ ] Create an S3 bucket for application media
- [ ] Choose and document an appropriate bucket name
- [ ] Configure the bucket in the project's AWS region
- [ ] Configure Block Public Access appropriately
- [ ] Configure bucket permissions
- [ ] Configure CORS only if required by the frontend architecture
- [ ] Configure object organization/prefixes where appropriate
- [ ] Document the S3 configuration

### Django

- [ ] Add the required S3 storage integration dependency
- [ ] Configure Django media storage to use S3 in the deployed environment
- [ ] Configure the bucket name through environment-based configuration
- [ ] Configure the AWS region through environment-based configuration
- [ ] Verify media uploads are stored in S3
- [ ] Verify stored media can be retrieved as intended
- [ ] Verify Recipe image fields reference S3-backed media correctly
- [ ] Verify deleting/replacing application instances does not remove media
- [ ] Preserve an appropriate local-development storage option if needed

### AWS / EC2

- [ ] Allow the backend EC2 IAM role to perform only the required S3 operations
- [ ] Verify backend instances can access the media bucket
- [ ] Verify AWS access keys are not required inside the application container
- [ ] Document required IAM permissions

## Architecture

Before S3:

```text
EC2
 │
 ▼
Django
 │
 ▼
Local Filesystem
 │
 └── recipe-images/
```

This causes problems with horizontal scaling:

```text
EC2 #1
 └── image-a.jpg

EC2 #2
 └── image missing
```

Instead:

```text
             EC2 #1
                │
                │
                ▼
               S3
                ▲
                │
             EC2 #2
```

Both backend instances use the same object storage.

## Target Architecture

```text
                         Users
                           │
                ┌──────────┴──────────┐
                │                     │
                ▼                     ▼
             Frontend             Cognito
                │
                ▼
               ALB
                │
        ┌───────┴───────┐
        ▼               ▼
      EC2 #1          EC2 #2
      Django          Django
        │               │
        └───────┬───────┘
                │
        ┌───────┴────────┐
        ▼                ▼
       RDS               S3
 Relational Data       Media
```

The services have separate responsibilities:

```text
RDS
└── Structured relational data

S3
└── Images / media objects

ECR
└── Docker images

EC2
└── Application compute
```

## Media Storage

Recipe image fields should store/reference media through Django's configured storage system.

Conceptually:

```text
Recipe
├── id
├── name
├── description
└── image
       │
       ▼
    S3 Object
```

Do not store the actual image binary directly inside the Recipe database table.

RDS should contain the information necessary for Django to reference the media object.

## Local vs. Production Storage

The application may use different storage implementations by environment.

Development:

```text
Django
  ↓
Local Media Storage
```

Production:

```text
Django
  ↓
Amazon S3
```

Application feature code should not need to know which storage backend is being used.

Use Django's storage abstraction rather than implementing direct S3 upload logic throughout Recipe components.

## Configuration

Environment-specific values should be configurable.

Conceptually:

```env
AWS_STORAGE_BUCKET_NAME=
AWS_S3_REGION_NAME=
```

Use the actual naming convention established by the project.

Do not put AWS access keys into `.env.example`.

When running on EC2, AWS access should use the EC2 IAM role.

## IAM

Backend instances should access S3 through IAM.

Preferred:

```text
Django Container
      │
      ▼
     EC2
      │
      ▼
  IAM Role
      │
      ▼
      S3
```

Avoid:

```text
Django
  │
  ▼
Hardcoded AWS Access Key
  │
  ▼
 S3
```

The EC2 role should receive only the permissions required for application media operations.

Depending on the final implementation, this may include actions such as:

```text
s3:GetObject
s3:PutObject
s3:DeleteObject
```

only for the required media bucket/prefix.

Do not grant unrestricted S3 administration if the application only needs access to one bucket.

## Bucket Security

Do not automatically make the entire S3 bucket public.

Use:

```text
S3 Block Public Access
```

appropriately.

The exact media-access strategy depends on the application's requirements.

For public recipe images, media may eventually be served through a controlled public delivery mechanism such as CloudFront.

For private user media, access should remain restricted.

The bucket itself should not be broadly exposed simply because some media needs to be viewable.

## Object Naming

Do not rely on raw user-provided filenames as globally unique storage keys.

The storage configuration should prevent accidental collisions.

Conceptually:

```text
recipes/
    <unique-name-or-id>/
        image.jpg
```

or another safe naming strategy supported by the application's storage layer.

Do not use object names to store sensitive user information unnecessarily.

## File Validation

If users are allowed to upload media, backend validation should enforce appropriate restrictions.

Consider:

- supported file types
- maximum upload size
- expected image/media formats

Do not trust a filename extension alone as proof of file type.

Full advanced media-security processing is outside this issue unless required by the project scope.

## Security Requirements

### Credentials

Do not store:

- AWS access keys in Django source
- AWS access keys in Docker images
- AWS access keys in Git
- AWS access keys in frontend code
- secrets in S3 object metadata

EC2 should use its IAM role.

### Least Privilege

The backend should access only the bucket/resources required by the application.

Avoid:

```text
s3:*
Resource: *
```

when narrower permissions are sufficient.

Prefer conceptually:

```text
Required S3 actions
        │
        ▼
Project Media Bucket
```

### Public Access

Do not expose the complete bucket unnecessarily.

Public application media and private user media should not automatically be treated as having identical security requirements.

### Input Validation

Media uploads must be validated by the backend where uploads are supported.

Frontend restrictions alone are not sufficient.

## Scalability Requirements

Media must not depend on an individual EC2 instance.

Incorrect:

```text
             ALB
          /       \
       EC2 #1    EC2 #2
         │
       image
```

Correct:

```text
             ALB
          /       \
       EC2 #1    EC2 #2
          \       /
              S3
```

This allows backend instances to remain interchangeable.

Adding or removing an EC2 instance should not affect previously uploaded media.

## Horizontal Scaling

When Auto Scaling launches a new backend instance:

```text
Auto Scaling
     │
     ▼
New EC2
     │
     ▼
Django
     │
     ▼
S3
```

The new instance should immediately have access to the same application media through its IAM role.

No media synchronization between EC2 instances should be required.

## Performance

Application responses should avoid unnecessarily proxying large media objects through Django when direct/shared object delivery is more appropriate.

Conceptually:

```text
Bad:

Browser
  ↓
Django
  ↓
Download S3 image
  ↓
Django sends image
  ↓
Browser
```

For public/static media, the eventual architecture can use:

```text
Browser
   ↓
CloudFront
   ↓
S3
```

This reduces unnecessary backend workload.

CloudFront configuration can be handled separately.

## Scalability Evidence

S3 itself does not prove that the entire application is scalable.

However, moving media outside EC2 removes an important dependency on individual backend instances.

The final architecture documentation should explain:

```text
Before:
Media tied to EC2 instance

After:
Media stored in shared S3 storage

Result:
Backend instances can be added/replaced without media synchronization.
```

Later load testing will measure application performance independently.

## Durability / Persistence Test

A useful verification test is:

```text
1. Upload Recipe Image
        ↓
2. Image stored in S3
        ↓
3. Stop/recreate Django container
        ↓
4. Retrieve Recipe
        ↓
5. Image still available
```

For stronger validation later:

```text
EC2 #1 uploads image
        ↓
S3
        ↓
EC2 #2 accesses same Recipe
        ↓
Same image available
```

## Cost Awareness

S3 costs depend on:

- stored data
- requests
- data transfer

For the class project, media volume should remain relatively small.

Avoid unnecessarily storing duplicate or very large media files.

## Important

S3 is for object/media storage.

It is not the relational database.

```text
Correct:

Recipe metadata ──→ RDS
Recipe image ─────→ S3
```

Do not:

```text
Recipe relational data ──→ S3 JSON files
```

as a replacement for the application's PostgreSQL data model.

### Do NOT

- Store media only on EC2
- Store media only inside Docker containers
- Store image binaries directly in PostgreSQL
- Commit AWS credentials
- Put AWS access keys in React
- Put AWS access keys in the Docker image
- Give the EC2 role unrestricted S3 administration unnecessarily
- Make the entire bucket public by default
- Trust frontend-only upload validation
- Depend on raw user filenames being unique
- Hardcode bucket configuration throughout application feature code
- Use S3 as a replacement for RDS
- Implement unrelated Recipe functionality
- Push infrastructure changes directly to `main`

## Acceptance Criteria

### S3

- [ ] Application media bucket exists
- [ ] Bucket region/configuration is documented
- [ ] Block Public Access is configured appropriately
- [ ] Bucket permissions follow the intended media-access model
- [ ] CORS is configured only if required

### Django

- [ ] Deployed Django environment can use S3 media storage
- [ ] Recipe images can be stored in S3
- [ ] Recipe image references continue working after backend restart/replacement
- [ ] Storage configuration is environment-based
- [ ] Application feature code uses Django storage abstraction where appropriate

### Security

- [ ] EC2 accesses S3 using an IAM role
- [ ] No AWS access keys are embedded in application code
- [ ] No AWS access keys are embedded in Docker images
- [ ] S3 permissions follow least privilege
- [ ] Bucket is not unnecessarily publicly exposed
- [ ] Backend media validation exists where user uploads are supported

### Scalability

- [ ] Media does not depend on an individual EC2 filesystem
- [ ] Multiple backend instances can reference the same media
- [ ] New/replaced backend instances do not require media synchronization
- [ ] Media architecture is compatible with Auto Scaling
- [ ] Architecture supports future CloudFront delivery

### Documentation

- [ ] S3 setup is documented
- [ ] Required environment configuration is documented
- [ ] IAM requirements are documented
- [ ] Media storage architecture is documented
- [ ] Updated architecture diagram includes S3

## Before Submitting

Verify:

```text
Django
  ↓
Upload Image
  ↓
S3
  ↓
Recipe references image
```

Restart the Django container and verify the image remains available.

Where multiple backend instances are available, verify another backend instance can access the same media.

Review IAM permissions and confirm the backend does not have unnecessarily broad S3 access.

Update:

```text
docs/aws-architecture.md
docs/deployment.md
```

as appropriate.

Then open a Pull Request into `main`.

**Do not push infrastructure changes directly to `main`.**

## Suggested Branch

`infrastructure/s3-media`"
21,Infrastructure: Configure EC2 Auto Scaling for Django Backend,open,sophia-dao,,"backend, infrastructure, blocked, scalability, security",2026-09-30T22:37:40Z,2026-09-30T22:45:03Z,,https://github.com/sophia-dao/cloud_computing_proj/issues/21,"## Goal

Configure the Django backend to support horizontal scaling using an Amazon EC2 Auto Scaling Group.

Multiple equivalent backend instances should be able to run the same versioned Docker image from Amazon ECR and register with the Application Load Balancer target group.

The system should be able to increase or decrease backend capacity without changing application code.

This issue establishes the scalable backend infrastructure.

Actual scalability claims will later be validated through load testing and measured statistics.

## Where to Work

This task primarily involves AWS infrastructure and deployment configuration.

Repository changes may include:

- `docs/aws-architecture.md`
- `docs/system-design.md`
- `docs/deployment.md`
- infrastructure/deployment scripts or configuration where appropriate

Relevant documentation:

- `backend/README.md`
- `docs/system-design.md`
- `docs/aws-architecture.md`
- `CONTRIBUTING.md`

This task builds on:

- Dockerized Django backend
- Amazon ECR
- EC2 backend deployment
- Application Load Balancer

## Tasks

### Launch Template

- [ ] Create an EC2 Launch Template
- [ ] Configure the appropriate AMI
- [ ] Configure the project EC2 instance type
- [ ] Attach the backend EC2 security group
- [ ] Attach the backend IAM instance role
- [ ] Configure storage appropriately
- [ ] Configure backend startup/bootstrap behavior
- [ ] Ensure new instances can pull the backend image from ECR
- [ ] Ensure new instances can start the Django container automatically
- [ ] Ensure runtime configuration is supplied securely

### Auto Scaling Group

- [ ] Create an EC2 Auto Scaling Group
- [ ] Use the Launch Template
- [ ] Configure appropriate VPC/subnets
- [ ] Attach the Auto Scaling Group to the ALB target group
- [ ] Configure minimum capacity
- [ ] Configure desired capacity
- [ ] Configure maximum capacity
- [ ] Configure health checks
- [ ] Verify instances automatically register with the ALB
- [ ] Verify unhealthy/replaced instances are handled correctly

### Scaling Policy

- [ ] Configure an appropriate scaling policy
- [ ] Select a measurable scaling signal
- [ ] Document scaling thresholds/targets
- [ ] Verify the policy can increase capacity
- [ ] Verify capacity can decrease when appropriate
- [ ] Document cooldown/warm-up behavior

## Architecture

Before horizontal scaling:

```text
             Internet
                │
                ▼
               ALB
                │
                ▼
              EC2 #1
                │
                ▼
              Django
```

After this issue:

```text
                         Internet
                            │
                            ▼
                           ALB
                            │
                    ┌───────┴───────┐
                    ▼               ▼
                  EC2 #1          EC2 #2
                  Django          Django
                    │               │
                    └───────┬───────┘
                            ▼
                           RDS
```

The backend instances are managed by:

```text
                Auto Scaling Group
                       │
             ┌─────────┴─────────┐
             ▼                   ▼
           EC2 #1              EC2 #2
```

## Launch Template

The Launch Template defines how equivalent backend instances are created.

Conceptually:

```text
Launch Template
├── AMI
├── Instance Type
├── Security Group
├── IAM Role
├── Storage
└── Startup Configuration
```

New backend instances should not require a developer to manually SSH into the machine and configure Django.

The goal is:

```text
Create Instance
      ↓
Startup
      ↓
Pull ECR Image
      ↓
Run Django Container
      ↓
Register with ALB
      ↓
Healthy Backend
```

## Backend Image

All backend instances should run the intended version of the same backend image.

```text
Amazon ECR
     │
     ├──→ EC2 #1
     ├──→ EC2 #2
     └──→ EC2 #N
```

Do not manually maintain different application code on individual EC2 instances.

The deployed image should remain traceable to a Git revision/version.

## Stateless Backend

Horizontal scaling requires backend instances to be interchangeable.

Requests must not depend on always reaching the same server.

Correct:

```text
Request 1
   ↓
EC2 #1

Request 2
   ↓
EC2 #2

Both operate correctly.
```

Persistent state should use shared services.

```text
Application Data
      ↓
     RDS

Media
      ↓
      S3

Authentication
      ↓
   Cognito
```

Do not rely on:

```text
EC2 #1 local filesystem
```

for persistent application data required by other backend instances.

## Auto Scaling Group Capacity

Choose conservative values appropriate for the class project.

Conceptually:

```text
Minimum: 1
Desired: 1
Maximum: 2 or 3
```

The exact values should be documented based on project requirements and AWS cost constraints.

Do not configure unnecessarily large scaling limits.

During the final scalability experiment, desired capacity may be deliberately changed to compare configurations.

## Scaling Policy

Use a measurable infrastructure signal.

A reasonable initial option is CPU utilization.

Conceptually:

```text
Low Load
   ↓
1 EC2

Load Increases
   ↓
CPU / Scaling Metric Reaches Target
   ↓
Auto Scaling Group
   ↓
Launch Additional EC2
   ↓
Register with ALB
   ↓
Traffic Distributed
```

The exact threshold/target must be documented.

Do not claim that a particular threshold is optimal unless supported by testing.

## Health Checks

The Auto Scaling Group should work with the ALB health-check architecture.

```text
ALB
 │
 ├── EC2 #1 → Healthy
 └── EC2 #2 → Healthy
```

If an instance becomes unhealthy:

```text
EC2 #1 → Healthy
EC2 #2 → Unhealthy
```

the system should be capable of replacing the unhealthy backend instance.

New instances must not receive normal traffic until they are ready to serve requests.

## Security Requirements

### IAM

Auto-scaled instances must use the existing backend IAM role or an equivalent least-privilege role.

Do not distribute long-lived AWS credentials through Launch Templates or startup scripts.

Use:

```text
EC2
 ↓
IAM Role
 ↓
Required AWS Services
```

### Secrets

Launch Templates and startup scripts must not expose application secrets unnecessarily.

Do not hardcode:

- database passwords
- Django secret keys
- AWS access keys
- Cognito secrets

The later Secrets Management integration should provide sensitive runtime configuration.

### Network

New EC2 instances must automatically receive the correct backend security group.

The intended path remains:

```text
Internet
   ↓
ALB Security Group
   ↓
EC2 Security Group
   ↓
RDS Security Group
```

New instances should not require public exposure of the Django application port.

## Scalability Requirements

This issue must demonstrate that backend capacity can be changed without redesigning or modifying the Django application.

The architecture should support:

```text
1 Backend
    ↓
2 Backends
    ↓
N Backends
```

within the configured Auto Scaling limits.

Adding another backend should not require:

- changing React
- changing API URLs
- creating another database
- copying application data manually
- modifying Django feature code

## Scalability Experiment Preparation

This infrastructure will later support controlled comparisons.

For example:

```text
Configuration A

ALB
 │
 └── EC2 #1
```

versus:

```text
Configuration B

ALB
 ├── EC2 #1
 └── EC2 #2
```

Run the same workload against both configurations.

Measure:

```text
Concurrent Users
Requests / Second
Average Response Time
p95 Response Time
Error Rate
EC2 CPU
EC2 Memory
RDS Metrics
```

This will provide statistical evidence for the final report.

## Auto Scaling Experiment

We can also demonstrate dynamic scaling:

```text
1 EC2
  │
  ▼
Load Test Begins
  │
  ▼
Scaling Metric Increases
  │
  ▼
Auto Scaling Triggered
  │
  ▼
EC2 #2 Created
  │
  ▼
Health Check Passes
  │
  ▼
ALB Begins Routing Traffic
```

Record:

```text
Time
Active Instance Count
CPU Utilization
Request Rate
Response Time
Scaling Event
```

This gives the final report evidence that the architecture can react to increased demand.

## Scaling Down

The system should also support reducing unnecessary capacity.

Conceptually:

```text
Traffic Decreases
      ↓
Scaling Metric Decreases
      ↓
Auto Scaling Policy
      ↓
Remove Excess Capacity
```

Scale-in behavior should not cause persistent application data loss because application state belongs in shared services rather than individual EC2 instances.

## Failure / Recovery Test

Where practical, test replacement behavior.

For example:

```text
Auto Scaling Group

EC2 #1 ✓
EC2 #2 ✓
```

Terminate one instance during a controlled test.

Expected architecture behavior:

```text
EC2 #1 ✗
EC2 #2 ✓

      ↓

ASG detects capacity below desired

      ↓

EC2 #3 created

      ↓

Health check passes

      ↓

EC2 #2 ✓
EC2 #3 ✓
```

This provides evidence of resilience in addition to scalability.

## Monitoring

Auto Scaling behavior should later be observable through CloudWatch.

Useful information includes:

```text
GroupDesiredCapacity
GroupInServiceInstances
GroupTotalInstances
EC2 CPUUtilization
ALB RequestCount
ALB TargetResponseTime
HealthyHostCount
```

The dedicated monitoring issue will configure final dashboards/alarms.

## Cost Awareness

Auto Scaling can create additional billable resources.

Use conservative limits appropriate for the project.

For example:

```text
Min:     1
Desired: 1
Max:     2
```

may be sufficient during normal development.

Higher capacity can be temporarily configured during controlled scalability testing if necessary.

Do not leave unnecessary test instances running after experiments.

## Important

Auto Scaling provides the **mechanism** for horizontal scaling.

It does not by itself prove that the application performs better.

```text
Auto Scaling
     +
ALB
     +
Stateless Django
     +
Shared RDS
     +
Load Testing
     ↓
Measured Scalability Evidence
```

The final conclusion must come from measured results.

### Do NOT

- Store AWS access keys in Launch Templates
- Store AWS access keys in user-data scripts
- Hardcode database passwords in Launch Templates
- Hardcode Django secrets in startup scripts
- Give Auto Scaling instances AdministratorAccess
- Create separate databases for each EC2 instance
- Store persistent application data on individual EC2 instances
- Require manual SSH configuration for every scaled instance
- Give each EC2 instance different application code
- Hardcode EC2 addresses into React
- Assume requests return to the same backend instance
- Expose backend application ports unnecessarily
- Configure excessive maximum capacity
- Claim performance improvement without measurements
- Modify unrelated application functionality
- Push infrastructure changes directly to `main`

## Acceptance Criteria

### Launch Template

- [ ] Launch Template exists
- [ ] Backend instance configuration is reproducible
- [ ] Appropriate security group is automatically attached
- [ ] Appropriate IAM role is automatically attached
- [ ] Instance can retrieve the backend image from ECR
- [ ] Django container starts without manual application setup
- [ ] Deployed image version can be identified

### Auto Scaling Group

- [ ] Auto Scaling Group exists
- [ ] Minimum capacity is configured
- [ ] Desired capacity is configured
- [ ] Maximum capacity is configured
- [ ] ASG is connected to the backend target group
- [ ] New instances automatically register with the ALB
- [ ] Healthy instances receive traffic
- [ ] Unhealthy instances can be detected/replaced

### Security

- [ ] No long-lived AWS credentials are included in instance configuration
- [ ] IAM follows least privilege
- [ ] New instances receive the intended security group
- [ ] Application secrets are not embedded in the Docker image
- [ ] Application secrets are not committed to source control
- [ ] Backend ports are not unnecessarily publicly exposed

### Scalability

- [ ] Backend can operate with one instance
- [ ] Backend can operate with multiple equivalent instances
- [ ] Multiple instances use shared persistent storage
- [ ] Client API endpoint does not change when instance count changes
- [ ] Backend behavior does not depend on a specific EC2 instance
- [ ] Scaling policy is documented
- [ ] Architecture is ready for controlled load testing

### Documentation

- [ ] Launch Template configuration is documented
- [ ] Auto Scaling Group configuration is documented
- [ ] Capacity settings are documented
- [ ] Scaling policy is documented
- [ ] Updated architecture diagram includes ASG
- [ ] Security implications are documented
- [ ] Cost considerations are documented

## Before Submitting

Verify the normal architecture:

```text
Client
  ↓
ALB
  ↓
Auto Scaling Group
  ↓
EC2 Backend(s)
  ↓
Django
  ↓
RDS
```

Verify a newly created instance can automatically:

```text
Launch
  ↓
Pull Image
  ↓
Start Django
  ↓
Pass Health Check
  ↓
Receive ALB Traffic
```

Where practical, test multiple backend instances and verify requests continue working regardless of which healthy target receives them.

Document the actual:

```text
Instance Type
Minimum Capacity
Desired Capacity
Maximum Capacity
Scaling Metric
Scaling Target/Threshold
```

Do not fabricate performance statistics at this stage.

Then open a Pull Request into `main`.

**Do not push infrastructure changes directly to `main`.**

## Suggested Branch

`infrastructure/auto-scaling`"
20,Infrastructure: Configure Application Load Balancer for Django Backend,open,sophia-dao,,"backend, infrastructure, blocked, scalability, security",2026-09-30T22:34:03Z,2026-09-30T22:45:42Z,,https://github.com/sophia-dao/cloud_computing_proj/issues/20,"## Goal

Configure an AWS Application Load Balancer (ALB) in front of the Django backend.

The ALB should provide a single entry point for backend API traffic, route requests to healthy EC2 backend instances, and establish the foundation for horizontal scaling.

This issue configures the load-balancing layer.

A later issue will configure EC2 Auto Scaling and perform scalability/load testing.

## Where to Work

This task primarily involves AWS infrastructure and deployment configuration.

Repository changes may include:

- `docs/aws-architecture.md`
- `docs/system-design.md`
- `docs/deployment.md`
- `backend/README.md`
- Django production configuration where required

Relevant documentation:

- `backend/README.md`
- `docs/system-design.md`
- `docs/aws-architecture.md`
- `CONTRIBUTING.md`

This task builds on the deployed Django backend.

## Tasks

### Application Load Balancer

- [ ] Create an Application Load Balancer
- [ ] Configure the ALB in the appropriate VPC
- [ ] Configure appropriate subnets
- [ ] Create an ALB security group
- [ ] Create a backend target group
- [ ] Register the EC2 backend as a target
- [ ] Configure the Django health-check endpoint
- [ ] Configure target-group health checks
- [ ] Configure an ALB listener
- [ ] Route incoming API traffic to the backend target group
- [ ] Verify healthy/unhealthy target detection
- [ ] Verify API traffic works through the ALB endpoint
- [ ] Update Django `ALLOWED_HOSTS` where required
- [ ] Document the ALB configuration

### Backend Network Security

- [ ] Update the EC2 security group so backend application traffic can come from the ALB
- [ ] Avoid unnecessary direct public access to the Django application port
- [ ] Verify the ALB can reach the backend
- [ ] Verify unrelated Internet traffic cannot directly access protected backend ports

## Architecture

Before this issue:

```text
Internet
   │
   ▼
EC2
   │
   ▼
Django
```

After this issue:

```text
                  Internet
                     │
                     ▼
          Application Load Balancer
                     │
                     ▼
                Target Group
                     │
                     ▼
                   EC2
                     │
                     ▼
             Django + Gunicorn
                     │
                     ▼
                   RDS
```

This establishes the routing layer required for future horizontal scaling.

## Target Architecture

Later:

```text
                         Users
                           │
                           ▼
                Application Load Balancer
                           │
                   ┌───────┴───────┐
                   │               │
                   ▼               ▼
                 EC2 #1          EC2 #2
                 Django          Django
                   │               │
                   └───────┬───────┘
                           ▼
                     Amazon RDS
                     PostgreSQL
```

The client should not need to know which backend instance handles a request.

## Target Group

Create a target group for the Django backend.

Conceptually:

```text
ALB
 │
 ▼
Backend Target Group
 │
 ├── EC2 #1
 ├── EC2 #2
 └── future EC2 instances
```

For this issue, one backend target is sufficient to establish the architecture.

The target group must be capable of supporting additional backend instances later.

## Health Checks

Use the backend health endpoint established during EC2 deployment.

Conceptually:

```text
GET /api/health/
```

Expected response:

```json
{
  ""status"": ""ok""
}
```

The target group should periodically request this endpoint.

```text
ALB
 │
 ├── Health Check → EC2 #1 → Healthy
 │
 └── Health Check → EC2 #2 → Healthy
```

If a backend becomes unhealthy:

```text
EC2 #1 → Healthy
EC2 #2 → Unhealthy

          ↓

ALB sends application traffic only to
healthy targets.
```

The health endpoint must remain lightweight.

It must not expose:

- credentials
- environment variables
- database passwords
- AWS configuration
- sensitive application information

## Health Check Behavior

The health check should verify that the Django application process is capable of responding.

Avoid expensive health-check behavior.

For example, do not perform large Recipe queries or Recommendation calculations every time the ALB checks backend health.

A lightweight application-health response is sufficient for this stage.

## Security Groups

Use separate security groups for the ALB and backend.

Conceptually:

```text
Internet
   │
   ▼
ALB Security Group
   │
   ▼
EC2 Security Group
   │
   ▼
Django
```

### ALB Security Group

Allow required public application traffic.

Conceptually:

```text
Inbound:

HTTP/HTTPS
Source:
Internet
```

The final production architecture should use HTTPS.

### EC2 Security Group

Allow backend application traffic from the **ALB security group**.

Conceptually:

```text
Backend application port
Source:
ALB Security Group
```

Prefer this over:

```text
Backend application port
Source:
0.0.0.0/0
```

This means users communicate with:

```text
User
 ↓
ALB
 ↓
EC2
```

rather than bypassing the load balancer.

## Database Security

The ALB must not communicate directly with RDS.

Correct:

```text
ALB
 ↓
EC2 / Django
 ↓
RDS
```

Not:

```text
ALB
 ↓
RDS
```

RDS should continue accepting PostgreSQL connections only from the appropriate backend infrastructure/security group.

## Django Configuration

Django must accept requests routed through the ALB.

Update environment-based configuration where required.

For example:

```text
DJANGO_ALLOWED_HOSTS
```

Do not hardcode the ALB hostname throughout application source code.

The frontend/backend API configuration should eventually use a stable application endpoint rather than a specific EC2 public IP.

## HTTPS

The final deployed application should use HTTPS.

The intended architecture is:

```text
User
 │
 │ HTTPS
 ▼
ALB
 │
 │ Backend traffic
 ▼
EC2
```

HTTPS certificate configuration may be completed in a dedicated domain/HTTPS task if the project does not yet have the required domain/certificate.

Do not treat plain HTTP as the final secure production architecture.

## Security Requirements

### Public Exposure

The ALB should become the public entry point for backend application traffic.

Backend instances should not require unrestricted public access to the application port.

Avoid:

```text
Internet ───────→ EC2:8000
```

Prefer:

```text
Internet
   ↓
ALB
   ↓
EC2:application-port
```

### Security Group Chaining

Use:

```text
ALB Security Group
        ↓
EC2 Security Group
        ↓
RDS Security Group
```

This establishes clear network boundaries.

### Administrative Access

ALB configuration does not require opening SSH access publicly.

Administrative EC2 access should continue following the restricted approach established in the EC2 issue.

### Application Security

The ALB does not replace:

- Cognito authentication
- Django authorization
- API validation
- ownership checks

These remain application responsibilities.

## Scalability Requirements

The ALB is the routing layer that enables horizontal backend scaling.

Without a load balancer:

```text
Client
  ↓
EC2 #1
```

Adding another instance does not automatically distribute traffic.

With the ALB:

```text
             Client
                │
                ▼
               ALB
                │
        ┌───────┴───────┐
        ▼               ▼
      EC2 #1          EC2 #2
```

Clients continue using one backend endpoint while the infrastructure can change the number of backend instances.

## Stateless Backend Requirement

Backend requests must not depend on always reaching the same EC2 instance.

Avoid:

```text
Request 1 → EC2 #1
             ↓
       important local state

Request 2 → EC2 #2
             ↓
       state missing
```

Persistent/shared application state should use appropriate shared services:

```text
Relational Data → RDS
Media           → S3
Authentication  → Cognito
```

This allows the ALB to distribute requests across backend instances.

## Scalability Evidence

This issue establishes the infrastructure required for later quantitative testing.

Later we should compare configurations such as:

```text
Test A
──────
ALB
 ↓
1 EC2


Test B
──────
ALB
 ├── EC2 #1
 └── EC2 #2
```

Under equivalent load, record:

```text
Concurrent Users
Requests / Second
Average Response Time
p95 Response Time
Error Rate
EC2 CPU Utilization
EC2 Memory Utilization
RDS Metrics
```

Example final-report structure:

```text
Concurrent     1 EC2 p95     2 EC2 p95
---------------------------------------
50                ___ ms        ___ ms
100               ___ ms        ___ ms
250               ___ ms        ___ ms
500               ___ ms        ___ ms
```

Actual values must come from load testing.

Do not invent or estimate performance results.

## Failure Demonstration

The ALB also gives us an opportunity to demonstrate resilience.

For example:

```text
ALB
 ├── EC2 #1 ✓
 └── EC2 #2 ✓
```

If later:

```text
EC2 #1 ✗
EC2 #2 ✓
```

the ALB should stop routing normal traffic to the unhealthy target.

This can provide additional system-design evidence during the final demonstration.

## Monitoring

The ALB should be compatible with later CloudWatch monitoring.

Useful metrics include:

```text
RequestCount
TargetResponseTime
HTTPCode_Target_2XX_Count
HTTPCode_Target_4XX_Count
HTTPCode_Target_5XX_Count
HealthyHostCount
UnHealthyHostCount
```

The dedicated monitoring issue will configure the final dashboards/alarms.

## Cost Awareness

Use only the infrastructure required for the project.

One healthy backend target is sufficient while initially configuring the ALB.

Additional EC2 instances should be introduced when implementing/testing horizontal scaling rather than kept running unnecessarily throughout development.

## Important

This issue creates the **load-balancing layer**.

It does not yet prove that the application scales.

```text
ALB
 ↓
Scalable Architecture Foundation

ALB
+
Multiple Instances
+
Measured Load Tests
 ↓
Scalability Evidence
```

The professor's scalability requirement will ultimately be supported by actual measurements.

### Do NOT

- Expose the backend application port to `0.0.0.0/0` as the intended final architecture
- Allow ALB direct database access
- Expose RDS publicly
- Put secrets in health-check responses
- Use expensive application operations as health checks
- Hardcode a specific EC2 IP into frontend/application source code
- Assume requests always reach the same EC2 instance
- Store required request/session state only on one EC2 filesystem
- Treat ALB as a replacement for Django authorization
- Claim scalability without measured results
- Implement full Auto Scaling in this issue
- Modify unrelated application functionality
- Push infrastructure changes directly to `main`

## Acceptance Criteria

### ALB

- [ ] Application Load Balancer exists
- [ ] Backend target group exists
- [ ] EC2 backend is registered as a target
- [ ] Backend target reports healthy
- [ ] ALB listener routes application traffic to the backend
- [ ] API can be reached through the ALB endpoint
- [ ] Health checks correctly detect backend availability

### Security

- [ ] ALB has a dedicated security group
- [ ] EC2 backend has a dedicated security group
- [ ] Backend application traffic can be restricted to the ALB security group
- [ ] Backend application port is not unnecessarily exposed publicly
- [ ] ALB cannot directly access the database
- [ ] RDS remains protected by its database security group
- [ ] Health endpoint does not expose sensitive information
- [ ] Architecture supports HTTPS as the final public transport

### Django

- [ ] Django accepts traffic routed through the ALB
- [ ] `ALLOWED_HOSTS` is configured appropriately
- [ ] Django continues running with `DEBUG=False`
- [ ] Existing API functionality works through the ALB
- [ ] Authentication/authorization behavior remains unchanged

### Scalability

- [ ] Target group supports multiple backend targets
- [ ] Additional equivalent EC2 instances can be registered
- [ ] Application does not require clients to know individual EC2 addresses
- [ ] Backend does not depend on requests reaching one specific EC2 instance
- [ ] Architecture is ready for Auto Scaling
- [ ] ALB metrics can later be used during scalability testing

### Documentation

- [ ] ALB configuration is documented
- [ ] Target-group configuration is documented
- [ ] Health-check configuration is documented
- [ ] Security-group relationship is documented
- [ ] Updated architecture diagram includes the ALB
- [ ] Limitations/current single-instance state are documented accurately

## Before Submitting

Verify:

```text
Client
  ↓
ALB
  ↓
Target Group
  ↓
EC2
  ↓
Django
  ↓
RDS
```

Test the health endpoint through the ALB.

Test representative API endpoints through the ALB rather than through the EC2 public address.

Verify the EC2 application port is not unnecessarily publicly accessible.

Verify the target appears as:

```text
Healthy
```

in the target group.

Update:

```text
docs/aws-architecture.md
docs/deployment.md
```

as appropriate.

Then open a Pull Request into `main`.

**Do not push infrastructure changes directly to `main`.**

## Suggested Branch

`infrastructure/application-load-balancer`"
19,Infrastructure: Configure Amazon RDS PostgreSQL,open,sophia-dao,,"backend, infrastructure, important",2026-09-29T18:43:39Z,2026-09-30T22:46:11Z,,https://github.com/sophia-dao/cloud_computing_proj/issues/19,"## Goal

Configure Amazon RDS for PostgreSQL as the production relational database for the Django backend.

The Django application running on EC2 should connect to RDS using environment-based configuration.

RDS will provide persistent shared relational storage for all backend instances.

The production database must not depend on storage inside an EC2 instance or Docker container.

## Where to Work

This task primarily involves AWS infrastructure and Django production configuration.

Repository changes may include:

- `docs/aws-architecture.md`
- `docs/deployment.md`
- `backend/README.md`
- `.env.example`
- `backend/config/settings.py` if additional environment-based configuration is required

Relevant documentation:

- `backend/README.md`
- `docs/database-design.md`
- `docs/system-design.md`
- `docs/aws-architecture.md`
- `CONTRIBUTING.md`

This task builds on the PostgreSQL-compatible Django configuration established by the project.

## Tasks

### Amazon RDS

- [ ] Create an Amazon RDS PostgreSQL database
- [ ] Select an appropriate PostgreSQL version
- [ ] Select an appropriate project-sized DB instance class
- [ ] Configure database storage
- [ ] Configure database name
- [ ] Configure database credentials securely
- [ ] Place RDS in the appropriate VPC
- [ ] Configure database security groups
- [ ] Disable public database access
- [ ] Configure backups appropriate for the project
- [ ] Document the RDS configuration

### Django / EC2

- [ ] Configure Django to connect to RDS
- [ ] Supply RDS configuration through environment variables
- [ ] Verify EC2 can reach RDS
- [ ] Verify unauthorized/public access to RDS is blocked
- [ ] Run Django migrations against RDS
- [ ] Verify Django Admin works with RDS
- [ ] Verify backend API operations use RDS
- [ ] Verify multiple backend instances could connect to the same database

## Architecture

The intended architecture is:

```text
                    Internet
                       │
                       ▼
                      EC2
                       │
                       │ PostgreSQL
                       ▼
                  Amazon RDS
                  PostgreSQL
```

The database should not be directly exposed to users.

Later:

```text
                         Internet
                            │
                            ▼
                  Application Load Balancer
                            │
                     ┌──────┴──────┐
                     ▼             ▼
                   EC2 #1        EC2 #2
                     │             │
                     └──────┬──────┘
                            ▼
                       Amazon RDS
                       PostgreSQL
```

RDS therefore acts as shared persistent storage for multiple backend instances.

## Network Security

RDS must not be publicly accessible as part of the intended architecture.

Avoid:

```text
Internet
   │
   ▼
RDS
```

Use:

```text
Internet
   │
   ▼
Application
   │
   ▼
EC2 Security Group
   │
   ▼
RDS Security Group
```

The RDS security group should allow PostgreSQL traffic only from the backend infrastructure that requires database access.

Conceptually:

```text
RDS Security Group

Inbound:

PostgreSQL / TCP 5432
Source:
EC2 Backend Security Group
```

Do not use:

```text
PostgreSQL / TCP 5432
Source:
0.0.0.0/0
```

## Security Group Relationship

Prefer security-group references rather than depending on specific EC2 public IP addresses.

```text
EC2
 │
 ▼
Backend Security Group
 │
 │ permitted by
 ▼
Database Security Group
 │
 ▼
RDS
```

This is important for future horizontal scaling because newly created backend instances can receive the same backend security group.

The database does not need a new rule for every individual EC2 instance.

## Database Credentials

Database credentials must not be committed to Git.

Do not store credentials in:

- Django source code
- Dockerfile
- Docker image
- frontend source code
- committed `.env` files
- deployment documentation

For the initial integration, configuration should still be supplied externally.

A later Secrets Management issue will formalize storage/retrieval using AWS-managed secret storage.

Conceptually:

```text
AWS Secret Management
        │
        ▼
       EC2
        │
        ▼
      Django
        │
        ▼
       RDS
```

## Django Configuration

Django should use environment-based configuration.

Conceptually:

```env
DB_NAME=
DB_USER=
DB_PASSWORD=
DB_HOST=
DB_PORT=5432
```

The RDS endpoint must not be hardcoded into application logic.

The same Django code should support:

```text
Local Development
        │
        ▼
Local PostgreSQL
```

and:

```text
AWS Production
      │
      ▼
Amazon RDS PostgreSQL
```

by changing configuration rather than application code.

## Database Migrations

Once RDS is configured, Django migrations must be applied to it.

For example:

```bash
python manage.py migrate
```

Verify:

```bash
python manage.py showmigrations
```

The application must use the same migration history across local PostgreSQL and RDS.

Do not manually create production application tables outside Django migrations.

## Persistent Data

Application data belongs in RDS rather than inside backend containers.

```text
EC2 / Docker
     │
     └── Application Runtime

RDS
     │
     ├── Users
     ├── Ingredients
     ├── Recipes
     ├── RecipeIngredients
     ├── Tags
     ├── Inventory
     ├── Preferences
     └── Other relational application data
```

Restarting or replacing an EC2 instance should not destroy application database data.

## Backup / Recovery

Configure an appropriate backup policy for the project environment.

Document:

- automated backup configuration
- retention period
- whether deletion protection is enabled
- whether final snapshots are expected before production database deletion

The project does not need enterprise-level disaster recovery, but the architecture should demonstrate awareness that persistent production data requires recovery planning.

## Security Requirements

### Database Isolation

RDS should not accept arbitrary connections from the public Internet.

```text
Public User
    │
    X
    ▼
   RDS
```

Backend:

```text
EC2
 │
 ✓
 ▼
RDS
```

### Least Privilege

Database access should be limited to the application infrastructure that requires it.

Do not solve connectivity problems by broadly exposing PostgreSQL to the Internet.

### Credentials

Database credentials must:

- remain outside source control
- remain outside Docker images
- never be sent to React
- never appear in API responses
- not be written into normal application logs

### Django

Django should continue to validate application input and enforce permissions.

RDS network isolation does not replace application-level security.

## Scalability Requirements

RDS provides shared persistent storage so backend instances can remain stateless.

Without shared storage:

```text
EC2 #1 → Local DB #1
EC2 #2 → Local DB #2

✗ Different application state
```

With RDS:

```text
EC2 #1 ──┐
         │
         ▼
        RDS
         ▲
         │
EC2 #2 ──┘

✓ Shared application state
```

This is required for our future horizontal-scaling architecture.

### Database Performance

The application should continue to use:

- appropriate indexes
- foreign keys
- uniqueness constraints
- efficient ORM queries
- pagination
- `select_related()` / `prefetch_related()` where appropriate

RDS does not automatically fix inefficient application queries.

## Scalability Evidence

Record the RDS configuration used during final performance testing.

Examples:

```text
Database Engine:
PostgreSQL

RDS Instance Class:
<actual class>

Allocated Storage:
<actual amount>

Backend Configuration:
1 EC2 / 2 EC2 / etc.
```

Later load testing can correlate application performance with infrastructure metrics.

Useful database-related measurements may include:

- Database connections
- CPU utilization
- Storage activity
- Query latency where measurable
- Application response latency
- Error rate

These measurements will help identify whether scaling the backend moves the bottleneck toward the database.

## Monitoring

RDS should later integrate with CloudWatch monitoring.

Useful metrics include:

```text
CPUUtilization
DatabaseConnections
FreeStorageSpace
ReadLatency
WriteLatency
ReadIOPS
WriteIOPS
```

The dedicated CloudWatch issue will define the final monitoring requirements.

This issue only needs to ensure the RDS deployment is compatible with that monitoring architecture.

## Cost Awareness

Choose an RDS configuration appropriate for a university project.

Do not select unnecessarily large database instances simply to produce better performance numbers.

Performance documentation should record the actual instance configuration so test results remain meaningful.

## Important

RDS is the authoritative persistent relational database for the deployed application.

```text
EC2 / Docker
      ↓
Compute

RDS PostgreSQL
      ↓
Relational Data

S3
      ↓
Images / Objects

ECR
      ↓
Container Images
```

Keep these responsibilities separate.

### Do NOT

- Make RDS publicly accessible as the intended architecture
- Allow PostgreSQL from `0.0.0.0/0`
- Commit database credentials
- Put database credentials in Docker images
- Expose database credentials to React
- Hardcode the RDS endpoint into application logic
- Store production application data in SQLite
- Store the production database inside the Django container
- Give unrelated infrastructure database access
- Manually create Django application tables instead of using migrations
- Assume RDS alone proves scalability
- Modify unrelated application functionality
- Push infrastructure changes directly to `main`

## Acceptance Criteria

### RDS

- [ ] Amazon RDS PostgreSQL instance/database exists
- [ ] RDS is configured for the project VPC
- [ ] RDS is not publicly accessible
- [ ] Appropriate database security group exists
- [ ] Backup configuration is documented
- [ ] Database configuration is documented

### Connectivity

- [ ] EC2 backend can connect to RDS
- [ ] RDS accepts PostgreSQL traffic from the intended backend security group
- [ ] RDS is not generally reachable from the public Internet
- [ ] Django successfully connects using environment-based configuration

### Django

- [ ] Django migrations apply successfully to RDS
- [ ] `python manage.py check` passes using the RDS configuration
- [ ] Django Admin operates against RDS
- [ ] Backend API reads/writes data through RDS
- [ ] No production SQLite dependency remains

### Security

- [ ] Database credentials are not committed
- [ ] Database credentials are not embedded in Docker images
- [ ] Database credentials are not exposed to the frontend
- [ ] PostgreSQL is not open to `0.0.0.0/0`
- [ ] Database access is restricted using security groups
- [ ] Architecture is compatible with later AWS secret management

### Scalability

- [ ] RDS provides shared storage independent of individual EC2 instances
- [ ] Multiple equivalent backend instances could connect to the database
- [ ] Database architecture supports future ALB/Auto Scaling deployment
- [ ] RDS configuration can be identified during later load testing
- [ ] Application continues to support database indexing/query optimization

## Before Submitting

Verify:

```text
EC2
 │
 ▼
Django Container
 │
 ▼
RDS PostgreSQL
```

From the backend environment, run:

```bash
python manage.py check
python manage.py migrate
python manage.py showmigrations
```

Perform a basic API write/read test and verify that the data persists in RDS.

Restart/recreate the Django container and verify the previously stored data remains available.

Confirm that RDS is **not publicly accessible** and that the database security group does not allow PostgreSQL from:

```text
0.0.0.0/0
```

Update the relevant architecture and deployment documentation.

Then open a Pull Request into `main`.

**Do not push infrastructure changes directly to `main`.**

## Suggested Branch

`infrastructure/rds-postgresql`"
18,Infrastructure: Deploy Django Backend to Amazon EC2,open,sophia-dao,,"backend, infrastructure, later",2026-09-29T18:40:53Z,2026-09-30T22:46:30Z,,https://github.com/sophia-dao/cloud_computing_proj/issues/18,"## Goal

Deploy the containerized Django backend to Amazon EC2.

The EC2 instance should pull the versioned backend Docker image from Amazon ECR and run the Django application using production-oriented configuration.

This issue establishes the initial single-instance backend deployment.

Later issues will extend this architecture with:

- Amazon RDS PostgreSQL
- Application Load Balancer
- Multiple EC2 instances / Auto Scaling
- HTTPS
- CloudWatch monitoring
- Secrets management

## Where to Work

This task primarily involves AWS infrastructure and deployment configuration.

Repository changes may include:

- `docs/aws-architecture.md`
- `docs/deployment.md`
- `backend/README.md`
- deployment scripts/configuration where appropriate

This task builds on:

- Dockerized Django backend
- Amazon ECR backend repository

Relevant documentation:

- `backend/README.md`
- `docs/system-design.md`
- `docs/aws-architecture.md`
- `CONTRIBUTING.md`

## Tasks

### EC2

- [ ] Create/configure an EC2 instance for the Django backend
- [ ] Select an appropriate development/project instance type
- [ ] Configure the EC2 security group
- [ ] Configure an IAM role for the EC2 instance
- [ ] Install/configure Docker on EC2
- [ ] Authenticate EC2 with Amazon ECR through IAM
- [ ] Pull the backend image from ECR
- [ ] Run the Django backend container
- [ ] Supply required runtime environment configuration
- [ ] Verify the backend starts successfully
- [ ] Verify the API can be reached as intended
- [ ] Verify the health endpoint works
- [ ] Document deployment steps

### Django

- [ ] Run with production-oriented settings
- [ ] Ensure `DEBUG=False`
- [ ] Configure `ALLOWED_HOSTS`
- [ ] Run through Gunicorn
- [ ] Verify static/API behavior required by the backend
- [ ] Verify Django management commands can be executed on EC2

## Initial Architecture

This issue establishes:

```text
                Internet
                   │
                   ▼
             EC2 Security Group
                   │
                   ▼
              Amazon EC2
                   │
                   ▼
                 Docker
                   │
                   ▼
          Django + Gunicorn
```

The application image comes from:

```text
Git Repository
      │
      ▼
Docker Build
      │
      ▼
Amazon ECR
      │
      ▼
Amazon EC2
      │
      ▼
Django Container
```

This is the **initial deployment architecture**, not the final scalability architecture.

## Target Architecture

Later issues will evolve the deployment toward:

```text
                     Internet
                        │
                        ▼
             Application Load Balancer
                        │
                 ┌──────┴──────┐
                 ▼             ▼
               EC2 #1        EC2 #2
                 │             │
                 ▼             ▼
              Django        Django
                 │             │
                 └──────┬──────┘
                        ▼
                  Amazon RDS
                  PostgreSQL
```

This issue does not need to implement the ALB or multiple EC2 instances.

## EC2 IAM Role

The EC2 instance should use an IAM role rather than long-lived AWS access keys.

Conceptually:

```text
EC2
 │
 ▼
IAM Instance Role
 │
 ▼
Amazon ECR
```

At this stage, the role should have only the permissions required by the instance.

Initially this may include:

```text
ECR
└── Pull backend container image
```

Additional permissions for services such as S3 or Secrets Manager should be added only when those integrations are implemented.

## Security Group

The EC2 security group must follow least-access principles.

Do not expose unnecessary ports to the Internet.

Conceptually:

```text
Internet
   │
   ├── Application traffic
   │
   ▼
EC2

Administrative access
   │
   └── Restricted separately
```

When the Application Load Balancer is introduced later, the intended architecture becomes:

```text
Internet
   │
   ▼
ALB Security Group
   │
   ▼
EC2 Security Group
```

At that point, backend application traffic should be accepted from the ALB rather than directly from the entire Internet where practical.

## SSH / Administrative Access

If SSH is used, do not expose it unnecessarily.

Avoid:

```text
SSH / TCP 22
Source: 0.0.0.0/0
```

Prefer restricted administrative access.

Where practical, AWS Systems Manager Session Manager may later be used to reduce reliance on publicly exposed SSH access.

## Runtime Configuration

The Docker image must not contain environment-specific secrets.

EC2 should provide configuration at runtime.

Examples include:

```text
DJANGO_SECRET_KEY
DJANGO_DEBUG
DJANGO_ALLOWED_HOSTS

DB_NAME
DB_USER
DB_PASSWORD
DB_HOST
DB_PORT
```

Do not commit production values to Git.

Do not bake them into the Docker image.

A later issue will formalize AWS Secrets Manager / Parameter Store integration.

## Container Deployment

EC2 should pull a versioned backend image from ECR.

Conceptually:

```text
ECR

recipe-backend:<version>
          │
          ▼
        EC2
          │
          ▼
     docker pull
          │
          ▼
     docker run
```

The deployed image should be traceable to its source version.

For example:

```text
Git Commit
81af721

    ↓

ECR Image
recipe-backend:81af721

    ↓

EC2
running recipe-backend:81af721
```

## Health Check

The backend should expose a lightweight health endpoint if one is not already available.

Conceptually:

```text
GET /api/health/
```

Example response:

```json
{
  ""status"": ""ok""
}
```

The health endpoint should be suitable for later use by the Application Load Balancer.

It should not expose:

- credentials
- environment variables
- internal configuration
- sensitive infrastructure details

## Database

This issue does not require Amazon RDS to be completed first.

During initial deployment, use the currently documented database configuration appropriate for the development stage.

However, the deployment must remain configurable so that the database can later be switched to:

```text
Amazon RDS PostgreSQL
```

without rebuilding application logic.

Production architecture must not use SQLite as the final persistent database.

## Security Requirements

### AWS Credentials

Do not store AWS access keys on EC2 simply to access ECR.

Use:

```text
EC2
 ↓
IAM Role
 ↓
ECR
```

### Application Secrets

Do not:

- commit production `.env` files
- store secrets in Docker images
- put secrets in deployment documentation
- expose secrets through API responses
- expose secrets through logs

### Django

Production configuration must use:

```text
DEBUG=False
```

Error responses must not expose Django debug pages or sensitive configuration.

### Network

Only required ports should be reachable.

Administrative access should be restricted.

Future ALB deployment should allow the EC2 instance to become less directly exposed.

## Scalability Requirements

The EC2 deployment must not introduce dependencies that prevent additional equivalent backend instances from being created later.

Avoid:

```text
EC2 #1
 └── Important persistent application data
```

Prefer:

```text
                 EC2 #1
                    │
                    │
Shared Services ────┼── RDS
                    ├── S3
                    │
                 EC2 #2
```

The Django application should remain stateless where practical.

The same ECR image should be capable of running on multiple EC2 instances.

## Performance Baseline

Once the EC2 deployment is operational, basic baseline measurements may be collected for later comparison.

Useful measurements include:

```text
Instance Type
Backend Image Version
Average Response Time
p95 Response Time
Requests/sec
CPU Utilization
Memory Utilization
Error Rate
```

Full load testing belongs to the dedicated scalability-testing issue.

Do not claim horizontal scalability based only on successfully deploying one EC2 instance.

## Cost Awareness

Use an appropriately sized EC2 instance for the project rather than unnecessarily large infrastructure.

The purpose of later scalability testing is to demonstrate how architecture behaves as load increases, not to solve performance problems simply by selecting an oversized instance.

Document the EC2 instance type used so performance results can be interpreted correctly.

## Important

This issue establishes a **single working cloud backend instance**.

Do not combine all remaining AWS infrastructure into this issue.

```text
#18
EC2 Backend Deployment

Later:
├── RDS
├── ALB
├── Auto Scaling
├── S3
├── Secrets Management
├── CloudWatch
└── HTTPS
```

Keeping these responsibilities separate makes the architecture easier to implement, test, document, and evaluate.

### Do NOT

- Commit AWS credentials
- Store AWS access keys on EC2 for normal application operation
- Give the EC2 instance AdministratorAccess
- Put application secrets in the Docker image
- Commit production `.env` files
- Run Django with `DEBUG=True` in the production deployment
- Use Django `runserver` as the production server
- Expose unnecessary ports
- Leave unrestricted SSH access as the intended architecture
- Store persistent application data only on the EC2 filesystem
- Hardcode the EC2 public IP in application source code
- Hardcode future RDS information
- Implement ALB/Auto Scaling inside this issue
- Modify unrelated application features
- Push infrastructure changes directly to `main`

## Acceptance Criteria

### Deployment

- [ ] EC2 instance is configured
- [ ] Docker runs successfully on EC2
- [ ] EC2 authenticates with ECR
- [ ] Backend image can be pulled from ECR
- [ ] Django container starts successfully
- [ ] Gunicorn serves the Django application
- [ ] Backend API is reachable as intended
- [ ] Health endpoint responds successfully
- [ ] Deployed image version can be identified

### Security

- [ ] EC2 uses an IAM role for AWS service access
- [ ] No long-lived AWS credentials are stored on EC2 for ECR access
- [ ] IAM permissions follow least privilege
- [ ] Security group exposes only required ports
- [ ] Administrative access is restricted
- [ ] Django runs with `DEBUG=False`
- [ ] Application secrets are not stored in the Docker image
- [ ] Sensitive configuration is not exposed through the health endpoint

### Scalability

- [ ] Application does not rely on persistent local EC2 state
- [ ] Same ECR image can be deployed to another EC2 instance
- [ ] Deployment architecture remains compatible with a future ALB
- [ ] Deployment architecture remains compatible with future horizontal scaling
- [ ] EC2 instance type is documented for later performance comparison

### Documentation

- [ ] EC2 setup is documented
- [ ] Security-group configuration is documented
- [ ] IAM role requirements are documented
- [ ] ECR pull/deployment process is documented
- [ ] Runtime configuration requirements are documented
- [ ] Backend update/redeployment procedure is documented

## Before Submitting

Verify the backend image exists in ECR.

On the EC2 deployment, verify:

```text
ECR
 ↓
EC2
 ↓
Docker
 ↓
Django + Gunicorn
 ↓
Health Endpoint
```

Run:

```bash
python manage.py check --deploy
```

inside the production-configured backend environment where practical.

Verify:

```text
DEBUG=False
```

and confirm that sensitive Django debug information is not publicly exposed.

Update the relevant AWS/deployment documentation.

Then open a Pull Request into `main`.

**Do not push infrastructure changes directly to `main`.**

## Suggested Branch

`infrastructure/ec2-backend`"
17,Infrastructure: Configure Amazon ECR for Backend Images,open,sophia-dao,,"backend, infrastructure, later",2026-09-29T18:36:57Z,2026-09-30T22:46:45Z,,https://github.com/sophia-dao/cloud_computing_proj/issues/17,"## Goal

Configure Amazon Elastic Container Registry (ECR) as the container image registry for the Django backend.

The Docker image created for the backend should be buildable locally or through CI/CD, pushed to ECR, and later pulled by EC2 instances for deployment.

This creates a consistent deployment pipeline:

```text
Backend Source Code
        │
        ▼
   Docker Build
        │
        ▼
    Docker Image
        │
        ▼
    Amazon ECR
        │
        ▼
   EC2 Instance(s)
        │
        ▼
 Django Backend
```

ECR should store application images only. Application configuration, credentials, and persistent data must remain outside the image.

## Where to Work

This task primarily involves AWS infrastructure and deployment documentation.

Repository changes may include:

- `docs/aws-architecture.md` — ECR architecture and deployment flow
- `docs/deployment.md` — deployment instructions, if present
- `backend/README.md` — backend image build/push instructions where appropriate
- GitHub Actions configuration later if CI/CD is implemented

This task uses the Docker image established by:

- Issue #15 — Dockerize Django Backend

Relevant documentation:

- `backend/README.md`
- `docs/system-design.md`
- `docs/aws-architecture.md`
- `CONTRIBUTING.md`

## Tasks

- [ ] Create an Amazon ECR repository for the Django backend
- [ ] Choose and document a consistent repository name
- [ ] Configure appropriate repository settings
- [ ] Authenticate Docker with ECR
- [ ] Build the backend Docker image
- [ ] Tag the image for ECR
- [ ] Push the image to ECR
- [ ] Verify the image exists in ECR
- [ ] Verify the image can be pulled from ECR
- [ ] Establish an image-tagging convention
- [ ] Configure an ECR image lifecycle policy if appropriate
- [ ] Document the build/tag/push workflow
- [ ] Document required AWS permissions
- [ ] Ensure no AWS credentials or application secrets are stored in the image or repository

## Architecture

ECR acts as the container image registry between development/CI and deployment.

```text
Developer / GitHub Actions
           │
           ▼
      Docker Build
           │
           ▼
       Amazon ECR
           │
           ▼
      EC2 Instance
           │
           ▼
      Docker Pull
           │
           ▼
     Django Container
```

Later, when horizontal scaling is introduced:

```text
                       Amazon ECR
                           │
                 ┌─────────┴─────────┐
                 ▼                   ▼
               EC2 #1              EC2 #2
                 │                   │
                 ▼                   ▼
          Django Container     Django Container
```

Each backend instance should be capable of running the same application image.

## Repository

Create a dedicated ECR repository for the backend.

Conceptually:

```text
recipe-backend
```

or another project-specific name agreed upon by the team.

Do not create separate container repositories for individual Django features such as:

```text
ingredients
recipes
inventory
recommendations
```

The Django backend is currently deployed as one application and should therefore have one backend application image.

## Image Tagging

Do not rely only on `latest`.

Use identifiable image tags so deployments can be traced to a specific application version.

Examples:

```text
recipe-backend:latest
recipe-backend:dev
recipe-backend:v1.0.0
recipe-backend:<git-commit-sha>
```

For automated deployment later, a Git commit SHA is particularly useful:

```text
ECR

recipe-backend:a82c91f
recipe-backend:34de920
recipe-backend:81af721
```

This allows a deployed image to be traced back to the source revision that produced it.

`latest` may exist for convenience, but deployments should not depend exclusively on an ambiguous mutable tag.

## Build and Push Flow

Conceptually:

```bash
cd backend

docker build -t recipe-backend .
```

Authenticate Docker with ECR using the AWS CLI.

Then tag the image:

```bash
docker tag recipe-backend:<tag> <account>.dkr.ecr.<region>.amazonaws.com/<repository>:<tag>
```

Push:

```bash
docker push <account>.dkr.ecr.<region>.amazonaws.com/<repository>:<tag>
```

The exact AWS account, region, repository, and tag values should come from the team's AWS environment.

Do not hardcode sensitive AWS credentials into scripts or documentation.

## Image Pull

Later, EC2 will retrieve the backend image:

```text
EC2
 │
 │ authenticated AWS request
 ▼
ECR
 │
 ▼
Docker Image
 │
 ▼
Django
```

EC2 should eventually use an IAM role with the required ECR pull permissions rather than storing long-lived AWS access keys on the instance.

## Security Requirements

### AWS Authentication

Do not store:

```text
AWS_ACCESS_KEY_ID
AWS_SECRET_ACCESS_KEY
```

inside:

- Docker images
- Dockerfiles
- Git
- application source code
- committed `.env` files

AWS access should use appropriate IAM identities and roles.

### EC2 Access to ECR

The intended production architecture is:

```text
EC2
 │
 ▼
IAM Role
 │
 ▼
ECR Pull Permission
```

rather than:

```text
EC2
 │
 ▼
Hardcoded AWS Access Keys
 │
 ▼
ECR
```

### Least Privilege

IAM permissions should grant only the actions necessary for the role.

For example:

```text
Deployment/CI Identity
    │
    ├── Authenticate to ECR
    └── Push required backend images

EC2 Instance Role
    │
    ├── Authenticate to ECR
    └── Pull required backend images
```

The EC2 role should not receive broad administrative AWS permissions simply to pull an application image.

## Image Security

The image pushed to ECR must not contain:

- Django secret keys
- database passwords
- Cognito secrets
- AWS credentials
- real `.env` files
- production configuration secrets
- local development databases

Application secrets will be provided separately at runtime.

```text
ECR Image
├── Application Code
├── Python Runtime
└── Dependencies

NOT:

├── Database Password
├── AWS Credentials
└── Django Secret Key
```

## Scalability Requirements

ECR supports the backend's horizontal deployment architecture by providing a common application artifact.

```text
                    ECR Image
                       │
          ┌────────────┼────────────┐
          ▼            ▼            ▼
       EC2 #1       EC2 #2       EC2 #3
```

Every backend instance should be capable of retrieving and running an equivalent application image.

This helps ensure that scaling backend capacity does not require manually rebuilding the application separately on every EC2 instance.

ECR itself does not prove application scalability.

Actual scalability will later be demonstrated through:

- Application Load Balancer
- Multiple backend instances
- Load testing
- CloudWatch metrics
- Performance statistics

## Image Lifecycle

Container images can accumulate over time.

Configure or document an ECR lifecycle strategy where appropriate.

For example:

```text
Keep:
- Current production images
- Recent development images
- Required rollback versions

Expire:
- Old untagged images
- Unneeded historical development builds
```

Do not create a lifecycle policy that could automatically delete an image currently required for production or rollback.

## Deployment Traceability

The deployed application version should eventually be traceable:

```text
Git Commit
    │
    ▼
Docker Build
    │
    ▼
ECR Image Tag
    │
    ▼
EC2 Deployment
```

Example:

```text
Git commit:
81af721

        ↓

ECR:
recipe-backend:81af721

        ↓

EC2:
running recipe-backend:81af721
```

This will also make debugging and rollback easier.

## Important

ECR stores **application images**, not application data.

```text
ECR
 ↓
Docker Images

RDS
 ↓
Application Database

S3
 ↓
Application Media

Secrets Manager / Parameter Store
 ↓
Sensitive Configuration
```

Keep these responsibilities separate.

### Do NOT

- Store AWS credentials in Docker images
- Store application secrets in ECR images
- Commit AWS access keys
- Store database passwords in Docker images
- Put real `.env` files into images
- Give EC2 AdministratorAccess just to pull ECR images
- Give CI/CD unrestricted AWS permissions unnecessarily
- Use ECR as persistent application storage
- Create separate ECR repositories for every Django app
- Depend exclusively on the `latest` image tag
- Manually maintain different backend images on different EC2 instances
- Modify unrelated application functionality
- Push infrastructure changes directly to `main`

## Acceptance Criteria

### ECR

- [ ] Backend ECR repository exists
- [ ] Repository naming convention is documented
- [ ] Docker can authenticate with ECR
- [ ] Backend image can be tagged for ECR
- [ ] Backend image can be pushed successfully
- [ ] Backend image can be pulled successfully
- [ ] Image-tagging convention is documented
- [ ] Image lifecycle strategy is documented/configured where appropriate

### Security

- [ ] No AWS credentials are stored in the image
- [ ] No application secrets are stored in the image
- [ ] No real `.env` file is included in the image
- [ ] Required ECR IAM permissions are documented
- [ ] EC2 pull access is designed to use an IAM role
- [ ] IAM permissions follow least privilege

### Scalability

- [ ] The same backend image can be used by multiple backend instances
- [ ] Deployment does not require rebuilding application code separately on each EC2 instance
- [ ] Image version can be identified from its tag
- [ ] Architecture supports future horizontal EC2 scaling

### Documentation

- [ ] Image build process is documented
- [ ] ECR authentication process is documented
- [ ] Image tagging process is documented
- [ ] Image push process is documented
- [ ] Image pull process is documented

## Before Submitting

Verify the backend Docker image still builds:

```bash
cd backend

docker build -t recipe-backend .
```

Push a test/versioned image to ECR.

Verify the image appears in the ECR repository.

Then verify that the image can be pulled again.

Do not include AWS credentials, account secrets, or sensitive configuration in screenshots/documentation committed to the repository.

Update the relevant deployment/AWS documentation.

Then open a Pull Request into `main`.

**Do not push infrastructure changes directly to `main`.**

## Suggested Branch

`infrastructure/ecr`"
16,Infrastructure: Configure PostgreSQL Development Environment,open,sophia-dao,,"backend, MVP, infrastructure",2026-09-29T18:30:13Z,2026-09-29T18:33:32Z,,https://github.com/sophia-dao/cloud_computing_proj/issues/16,"## Goal

Configure PostgreSQL as the primary relational database for backend development.

The application will eventually use Amazon RDS for PostgreSQL in production. Local development should therefore use the same database engine where practical to reduce differences between development and production behavior.

The database configuration must remain environment-based so the same Django application can connect to:

```text
Local PostgreSQL
        or
Amazon RDS PostgreSQL
```

without changing application source code.

## Where to Work

Backend code is located in:

`backend/`

Primary files for this task may include:

- `backend/config/settings.py` — Django database configuration
- `backend/requirements.txt` — PostgreSQL driver dependency
- `.env.example` — database environment variable documentation
- `backend/README.md` — local PostgreSQL setup instructions

If Docker-based PostgreSQL development is used, appropriate Docker configuration may also be added.

Relevant documentation:

- `backend/README.md`
- `docs/database-design.md`
- `docs/system-design.md`
- `docs/aws-architecture.md`
- `CONTRIBUTING.md`

## Tasks

- [ ] Add the required PostgreSQL Python database driver
- [ ] Configure Django to connect to PostgreSQL
- [ ] Read database configuration from environment variables
- [ ] Configure local PostgreSQL development
- [ ] Document required database environment variables
- [ ] Verify Django migrations work with PostgreSQL
- [ ] Verify Django tests work with PostgreSQL
- [ ] Verify Django Admin works with PostgreSQL
- [ ] Verify the Dockerized backend can connect to PostgreSQL
- [ ] Document local database setup in `backend/README.md`
- [ ] Ensure database credentials are not committed

## Architecture

Development:

```text
Django
   │
   ▼
PostgreSQL
```

Later in AWS:

```text
Django / EC2
      │
      ▼
Amazon RDS
PostgreSQL
```

The Django application should not need different database code for these environments.

Instead:

```text
                Django
                  │
                  ▼
          Environment Config
             /          \
            ▼            ▼
Local PostgreSQL     Amazon RDS
```

## Environment Configuration

Database configuration should be supplied through environment variables.

Conceptually:

```env
DB_NAME=
DB_USER=
DB_PASSWORD=
DB_HOST=
DB_PORT=5432
```

The exact variable names should follow the project's established configuration convention.

Django should read these values rather than hardcoding database configuration.

For example, do not use:

```python
""HOST"": ""my-production-db.xxxxx.rds.amazonaws.com"",
""PASSWORD"": ""mypassword"",
```

inside `settings.py`.

`.env.example` should document required variables without containing real credentials.

## Local Development

Developers should have a documented way to run PostgreSQL locally.

Two reasonable approaches are acceptable:

### Option A — Local PostgreSQL Installation

```text
Developer Computer
├── Django
└── PostgreSQL
```

### Option B — PostgreSQL Container

```text
Developer Computer
│
├── Django
│
└── Docker
     └── PostgreSQL
```

If Docker is used for PostgreSQL, database data should use persistent storage rather than disappearing whenever the container is recreated.

The team should document the chosen standard approach so developers do not each invent a different database setup.

## Docker Integration

The Dockerized Django backend from Issue #15 must be able to connect to PostgreSQL.

Conceptually:

```text
Django Container
       │
       ▼
PostgreSQL
```

Do not assume:

```text
localhost
```

always refers to the database server when Django itself is running inside a container.

Database host configuration must remain environment-dependent.

## Django Migrations

Existing and future Django migrations must work against PostgreSQL.

Verify:

```bash
python manage.py migrate
```

and:

```bash
python manage.py showmigrations
```

The project should not maintain separate migration histories for SQLite and PostgreSQL.

## Security Requirements

Database credentials are secrets.

They must not be:

- committed to Git
- hardcoded in Django settings
- stored in the Dockerfile
- exposed to the frontend
- placed in documentation using real credentials

Local credentials may be supplied through an ignored `.env` file.

Production credentials will later use the project's AWS secret-management approach.

Conceptually:

```text
Development
.env (ignored)
     │
     ▼
Django

Production
AWS Secret Management
     │
     ▼
Django
     │
     ▼
RDS
```

The production RDS database will later be protected using AWS networking/security groups rather than being openly accessible from the Internet.

## Scalability / Performance Requirements

PostgreSQL should support the application's future scalability requirements.

When implementing models and queries:

- Frequently queried fields should be considered for indexing.
- Foreign-key relationships should be used appropriately.
- Uniqueness should be enforced at the database level where appropriate.
- Query behavior should be measurable during later performance testing.
- Database access should avoid unnecessary repeated queries.
- Application features should not rely on SQLite-specific behavior.

Examples of likely frequently queried relationships include:

```text
Ingredient.name

Recipe
   ↓
RecipeIngredient
   ↓
Ingredient

Recipe
   ↓
Tag

User
   ↓
InventoryItem

User
   ↓
SavedRecipe
```

Do not add arbitrary indexes to every field.

Indexes should correspond to actual lookup, filtering, relationship, or uniqueness requirements.

## PostgreSQL and Scalability

Using PostgreSQL alone does **not** prove that the system is scalable.

Later testing will measure the behavior of the application and database under increasing load.

Examples:

```text
50 concurrent users
100 concurrent users
250 concurrent users
500 concurrent users
```

Measurements may include:

- Request throughput
- Average API latency
- p95 API latency
- Error rate
- Database query performance
- EC2 CPU utilization
- Database utilization

The purpose of this issue is to establish the database environment required for that later testing.

## SQLite

SQLite may remain useful for isolated experimentation if needed, but PostgreSQL should become the standard development database for application integration.

The team should avoid developing features that only work correctly with SQLite.

Production must not use SQLite.

## Important

Application code should depend on Django's database abstraction rather than environment-specific database assumptions.

```text
Application Code
       │
       ▼
Django ORM
       │
       ▼
PostgreSQL
```

This makes the later transition:

```text
Local PostgreSQL
       ↓
Amazon RDS PostgreSQL
```

primarily a configuration/infrastructure change.

### Do NOT

- Commit database passwords
- Hardcode database credentials
- Hardcode the future RDS hostname
- Expose database credentials to React
- Put database passwords in the Dockerfile
- Use SQLite as the production database
- Create separate application logic for local PostgreSQL and RDS
- Create separate Django migrations for development and production
- Make the production RDS database publicly accessible as the intended architecture
- Add unnecessary indexes without understanding their purpose
- Modify unrelated application functionality
- Push implementation directly to `main`

## Acceptance Criteria

### Database

- [ ] Django successfully connects to PostgreSQL
- [ ] PostgreSQL is the documented standard development database
- [ ] Existing Django migrations apply successfully
- [ ] New migrations work correctly
- [ ] Django Admin works with PostgreSQL
- [ ] Django tests pass using PostgreSQL

### Configuration

- [ ] Database configuration comes from environment variables
- [ ] Database hostname is configurable
- [ ] Database port is configurable
- [ ] Database name is configurable
- [ ] Database username is configurable
- [ ] Database password is configurable
- [ ] `.env.example` documents required variables

### Docker

- [ ] Dockerized Django backend can connect to PostgreSQL
- [ ] Container configuration does not assume the database is inside the Django container
- [ ] Database data is persistent if PostgreSQL is containerized locally

### Security

- [ ] No real database credentials are committed
- [ ] Database credentials are not present in frontend code
- [ ] Database credentials are not embedded in the Docker image
- [ ] Configuration is compatible with later AWS secret management

### Scalability

- [ ] Application does not depend on SQLite-specific behavior
- [ ] Database design supports appropriate indexing
- [ ] Database relationships use appropriate constraints
- [ ] Database configuration is compatible with future Amazon RDS deployment
- [ ] Database behavior can later be measured through load/performance testing

## Before Submitting

Start PostgreSQL using the team's documented development method.

Run:

```bash
cd backend

python manage.py check
python manage.py migrate
python manage.py showmigrations
python manage.py test
```

Verify Django is actually connected to PostgreSQL rather than silently using SQLite.

If Issue #15 has been completed, also verify the Dockerized backend can connect to the PostgreSQL development database.

Update `backend/README.md` with the required setup instructions.

Then open a Pull Request into `main`.

**Do not push infrastructure changes directly to `main`.**

## Suggested Branch

`infrastructure/postgresql`"
15,Infrastructure: Dockerize Django Backend,open,sophia-dao,sophia-dao,"backend, MVP, infrastructure",2026-09-29T18:27:36Z,2026-09-30T21:56:13Z,,https://github.com/sophia-dao/cloud_computing_proj/issues/15,"## Goal

Containerize the Django backend so the application can run consistently across development, testing, and AWS deployment environments.

The Docker image will later be used to deploy the backend to Amazon EC2.

The container should provide a reproducible backend runtime without storing application state or secrets inside the image.

## Where to Work

Backend code is located in:

`backend/`

Primary files for this task:

- `backend/Dockerfile` — backend container definition
- `backend/.dockerignore` — files excluded from the Docker build context
- `backend/requirements.txt` — Python dependencies
- `backend/config/` — Django configuration
- `.env.example` — required environment variable documentation, where applicable

Relevant documentation:

- `backend/README.md`
- `docs/system-design.md`
- `docs/aws-architecture.md`
- `CONTRIBUTING.md`

Create files if they do not already exist.

## Tasks

- [ ] Create a Dockerfile for the Django backend
- [ ] Create `.dockerignore`
- [ ] Install backend dependencies inside the image
- [ ] Configure the container to run Django
- [ ] Configure the production container to use an appropriate WSGI application server such as Gunicorn
- [ ] Expose the backend application port
- [ ] Ensure Django configuration is supplied through environment variables where appropriate
- [ ] Ensure database configuration is not hardcoded into the image
- [ ] Ensure secrets are not copied into the image
- [ ] Verify Django migrations can be executed from the container
- [ ] Verify Django management commands can be executed from the container
- [ ] Verify the container can connect to the configured database
- [ ] Document local Docker build/run commands
- [ ] Verify existing Django tests can run from the container

## Expected Architecture

Development currently runs approximately as:

```text
Developer
    │
    ▼
Django Development Server
    │
    ▼
Local Database
```

Docker introduces a reproducible backend runtime:

```text
Developer / CI / EC2
         │
         ▼
    Docker Image
         │
         ▼
 Django + Gunicorn
         │
         ▼
Configured Database
```

Later, the same application container can participate in the AWS architecture:

```text
                  Application Load Balancer
                           │
                 ┌─────────┴─────────┐
                 ▼                   ▼
               EC2                 EC2
                 │                   │
                 ▼                   ▼
          Django Container     Django Container
                 │                   │
                 └─────────┬─────────┘
                           ▼
                      Amazon RDS
                      PostgreSQL
```

The application should therefore avoid depending on local container state.

## Dockerfile

The Dockerfile should:

1. Use an appropriate Python base image
2. Set an application working directory
3. Install Python dependencies
4. Copy the backend application
5. Configure the application runtime
6. Start the production Django application using Gunicorn

Conceptually:

```dockerfile
FROM python:<supported-version>-slim

WORKDIR /app

COPY requirements.txt .
RUN pip install --no-cache-dir -r requirements.txt

COPY . .

EXPOSE 8000

CMD [""gunicorn"", ""config.wsgi:application"", ""--bind"", ""0.0.0.0:8000""]
```

This is an architectural example only.

Use the Python/Django versions and dependency setup defined by the project.

## `.dockerignore`

Create:

```text
backend/.dockerignore
```

It should exclude unnecessary or sensitive files from the Docker build context.

Examples include:

```text
__pycache__/
*.py[cod]

.venv/
venv/

.env
.env.*

db.sqlite3

.git/
.gitignore

.pytest_cache/
.coverage
htmlcov/

*.log

.DS_Store
```

Do not blindly copy this list if a file is required for the build.

## Environment Configuration

Configuration that differs between environments must not be baked into the Docker image.

For example:

```text
Development
    ↓
Local environment variables

Production
    ↓
AWS-managed environment/secrets
```

The application should be configurable using environment variables for values such as:

```text
DJANGO_SECRET_KEY
DJANGO_DEBUG
DJANGO_ALLOWED_HOSTS

DB_NAME
DB_USER
DB_PASSWORD
DB_HOST
DB_PORT
```

The exact variable names should follow the project's configuration documentation.

`.env.example` may document required variables but must not contain actual secrets.

## Database

The Docker image should not depend on SQLite for production deployment.

Development may temporarily continue to support SQLite if the project currently uses it, but the backend must be configurable to connect to PostgreSQL.

Later:

```text
Django Container
       │
       ▼
PostgreSQL / Amazon RDS
```

Database data must not be stored inside the application container.

## Migrations

The container must support normal Django management commands.

For example:

```bash
docker run ... python manage.py check
```

```bash
docker run ... python manage.py migrate
```

```bash
docker run ... python manage.py test
```

Migration execution should remain an explicit deployment/management operation.

Do not automatically run migrations independently from every backend replica in a way that could cause multiple instances to race during deployment.

## Security Requirements

The container must follow secure deployment practices.

### Secrets

Do not:

```dockerfile
ENV DJANGO_SECRET_KEY=""actual-secret""
ENV DB_PASSWORD=""actual-password""
```

Do not copy `.env` files containing secrets into the image.

Secrets should be injected at runtime.

### Container Contents

The final image should not unnecessarily contain:

- `.git`
- local virtual environments
- development databases
- environment files containing secrets
- test coverage output
- unrelated local files

### Django Production Configuration

The production deployment must not rely on Django's development server:

```bash
python manage.py runserver
```

Use an appropriate WSGI server such as Gunicorn.

Production configuration must also support:

```text
DEBUG = False
```

### Dependency Security

Python dependencies should be explicitly tracked in the project's dependency file so container builds are reproducible.

Do not install arbitrary undeclared packages manually on the EC2 instance as part of the normal deployment process.

## Scalability Requirements

The container must support running multiple independent instances of the Django backend.

This means application correctness must not depend on files or mutable state stored inside one application container.

Avoid architecture such as:

```text
EC2 #1
└── Container
     └── Important Application State
```

because another backend instance would not have access to that state.

Instead:

```text
              Django #1
                 │
                 │
Shared Services ─┼── RDS
                 ├── S3
                 └── Other external shared state
                 │
              Django #2
```

The Django application should remain stateless where practical.

This allows:

```text
1 Backend Instance
        ↓
2 Backend Instances
        ↓
N Backend Instances
```

without redesigning application functionality.

## Docker Image and AWS

The initial deployment may run the container directly on one EC2 instance.

Conceptually:

```text
EC2
 │
 ▼
Docker
 │
 ▼
Django
```

Later, the image can be stored in Amazon ECR:

```text
Developer / CI
      │
      ▼
Docker Image
      │
      ▼
Amazon ECR
      │
      ▼
EC2 Instance(s)
```

ECR configuration and EC2 deployment may be handled in separate infrastructure issues.

## Local Verification

A developer should be able to build the backend image:

```bash
cd backend

docker build -t recipe-backend .
```

and run it with the required environment configuration.

Conceptually:

```bash
docker run --rm -p 8000:8000 --env-file .env recipe-backend
```

Then:

```text
http://localhost:8000/
```

or the documented API health endpoint should be reachable.

Exact commands may vary according to the final project configuration.

## Performance / Scalability Evidence

This issue does not need to prove production scalability by itself.

However, the resulting Docker deployment must be compatible with later load testing.

The same backend application should be deployable as multiple instances so later testing can compare configurations such as:

```text
Configuration A
1 EC2 / backend instance

vs.

Configuration B
Multiple backend instances behind ALB
```

Later scalability testing will collect measurements such as:

- Concurrent users
- Requests per second
- Average response time
- p95 response time
- Error rate
- CPU utilization
- Memory utilization

Do not make unsupported scalability claims based solely on the use of Docker.

## Important

Docker is the application's **deployment unit**, not the source of application state.

```text
Docker
   ↓
Application Runtime

RDS
   ↓
Persistent Relational Data

S3
   ↓
Persistent Media/Object Data
```

This separation is important for horizontal scalability.

### Do NOT

- Commit `.env` files containing secrets
- Put database passwords in the Dockerfile
- Put `DJANGO_SECRET_KEY` in the Dockerfile
- Copy unnecessary secrets into the Docker image
- Use Django `runserver` as the production application server
- Store production database data inside the application container
- Store important application state only on the EC2/container filesystem
- Hardcode an RDS hostname into application source code
- Hardcode AWS credentials
- Install undeclared dependencies manually on EC2 as the normal deployment strategy
- Make Docker-specific changes to unrelated Django features
- Push feature implementation directly to `main`

## Acceptance Criteria

### Functionality

- [ ] Backend Dockerfile exists
- [ ] `.dockerignore` exists
- [ ] Docker image builds successfully
- [ ] Django starts successfully inside the container
- [ ] Gunicorn is used for the production container runtime
- [ ] Backend API is reachable from the host
- [ ] Django management commands can run inside the container
- [ ] Django tests can run successfully using the container environment

### Configuration

- [ ] Environment-specific configuration is supplied externally
- [ ] Database configuration is not hardcoded
- [ ] Production PostgreSQL configuration is supported
- [ ] `.env.example` documents required configuration where appropriate

### Security

- [ ] No secrets are stored in the Dockerfile
- [ ] No real `.env` file is copied into the image
- [ ] No AWS credentials are stored in the image
- [ ] Production configuration supports `DEBUG=False`
- [ ] Unnecessary local/development files are excluded from the image

### Scalability

- [ ] Application data is not stored inside the backend container
- [ ] Backend does not depend on a specific container instance for application state
- [ ] Multiple equivalent backend containers could use the same external database
- [ ] Container design is compatible with future ALB/horizontal scaling
- [ ] Deployment can later be included in automated load testing

## Before Submitting

Verify the existing backend outside Docker:

```bash
cd backend

python manage.py check
python manage.py test
```

Build the image:

```bash
docker build -t recipe-backend .
```

Run the container and verify the backend API.

Also verify Django from inside the container:

```bash
docker run --rm ... recipe-backend python manage.py check
```

```bash
docker run --rm ... recipe-backend python manage.py test
```

Document any required environment variables or setup steps in `backend/README.md`.

Then open a Pull Request into `main`.

**Do not push feature implementation directly to `main`.**

## Suggested Branch

`infrastructure/docker-backend`"
14,Full Stack: Saved Recipes,open,sophia-dao,,"backend, frontend, later",2026-09-29T04:36:47Z,2026-09-29T17:39:50Z,,https://github.com/sophia-dao/cloud_computing_proj/issues/14,"## Goal

Allow Registered Users to save recipes to their account and access their saved recipes later.

Saved Recipes are a Registered User feature.

Guests can browse and view recipes but cannot persist saved recipes unless they create/sign into an account.

## Where to Work

This task affects both backend and frontend.

### Backend

Primary locations:

- `backend/apps/users/` and/or `backend/apps/recipes/`, following the ownership defined in `docs/database-design.md`
- relevant serializers, views, URLs, models, migrations, and tests

### Frontend

Primary locations:

- `frontend/src/features/recipes/`
- `frontend/src/pages/`
- `frontend/src/services/api/recipeService.js`

Use the existing shared API client:

`frontend/src/services/api/apiClient.js`

Relevant documentation:

- `backend/README.md`
- `frontend/README.md`
- `docs/database-design.md`
- `docs/api-design.md`
- `docs/system-design.md`
- `CONTRIBUTING.md`

## Data Relationship

Saved Recipes represent a relationship between a Registered User and a Recipe.

Conceptually:

```text
User
  │
  │ M:N
  ▼
Recipe
```

This may be implemented using an explicit relationship model if required by `docs/database-design.md`.

For example:

```text
SavedRecipe
├── id
├── user
├── recipe
└── created_at
```

The same Recipe must not be saved multiple times by the same user.

The `(user, recipe)` relationship must be unique at the database level.

The original Recipe remains the authoritative Recipe record. Saving a Recipe must create only the relationship between the User and Recipe rather than duplicating Recipe data.

## Tasks

### Backend

- [ ] Implement the Saved Recipe relationship
- [ ] Associate Saved Recipes with the authenticated user
- [ ] Enforce database-level uniqueness for `(user, recipe)`
- [ ] Prevent duplicate saves
- [ ] Implement endpoint for retrieving Saved Recipes
- [ ] Implement endpoint for saving a Recipe
- [ ] Implement endpoint for removing a Saved Recipe
- [ ] Ensure users can only manage their own Saved Recipes
- [ ] Add appropriate validation
- [ ] Support efficient retrieval of related Recipe data
- [ ] Avoid N+1 database queries when retrieving Saved Recipes
- [ ] Add pagination if required by the project's API design
- [ ] Add tests for authentication, ownership, duplicate prevention, and CRUD behavior

### Frontend

- [ ] Add save/unsave functionality to appropriate Recipe interfaces
- [ ] Display whether a Recipe is currently saved
- [ ] Implement Saved Recipes page or dashboard section
- [ ] Retrieve the user's Saved Recipes
- [ ] Allow users to remove Saved Recipes
- [ ] Handle loading state
- [ ] Handle empty Saved Recipes state
- [ ] Handle API errors
- [ ] Handle authentication-required behavior for Guests
- [ ] Use the existing Recipe/domain API service structure
- [ ] Use the existing shared API client

## Security & Scalability Requirements

### Security

- Saved Recipe operations require authentication.
- User identity must come from the authenticated request context.
- The frontend must not determine ownership by sending a `user_id`.
- Users can only retrieve their own Saved Recipes.
- Users can only create Saved Recipes for themselves.
- Users can only remove their own Saved Recipes.
- Cross-user access or modification must be rejected.
- Recipe IDs supplied by the client must be validated before creating a Saved Recipe relationship.
- Authorization must be enforced by the backend and must not rely only on frontend restrictions.

### Scalability / Performance

- Enforce uniqueness of the `(user, recipe)` relationship at the database level.
- User/Recipe relationship fields must support efficient lookup.
- Saved Recipe retrieval should efficiently query by authenticated user.
- The `(user, recipe)` relationship must support efficient existence checks for determining whether a Recipe is already saved.
- Avoid N+1 database queries when retrieving Recipe information for Saved Recipes.
- Use appropriate Django ORM relationship loading such as `select_related()` or equivalent where applicable.
- Saved Recipe lists should support pagination if the result set can grow significantly.
- Do not duplicate Recipe data inside Saved Recipe records.
- The retrieval endpoint should return sufficient Recipe information for the frontend to display the Saved Recipes list without requiring one additional API request per Recipe.

Conceptually, retrieving a Saved Recipes page should avoid behavior such as:

```text
1 query   → SavedRecipe relationships
100 queries → 100 individual Recipe records
```

Instead, related Recipe information should be retrieved efficiently with the Saved Recipe query.

## Additional Acceptance Criteria

- [ ] Saved Recipe endpoints require authentication
- [ ] Cross-user access is rejected
- [ ] Duplicate `(user, recipe)` relationships are prevented
- [ ] Database-level uniqueness protects against duplicate relationships
- [ ] Concurrent or repeated save requests cannot create duplicate `(user, recipe)` relationships
- [ ] Saved Recipe retrieval uses efficient relationship queries
- [ ] Saved Recipe retrieval does not introduce an N+1 database query pattern
- [ ] Saved Recipe lists can be paginated according to project API conventions
- [ ] Recipe data is not duplicated when a Recipe is saved

## API

Expected endpoints should follow `docs/api-design.md`.

Conceptually:

```text
GET    /api/users/me/saved-recipes/
POST   /api/users/me/saved-recipes/
DELETE /api/users/me/saved-recipes/{recipe_id}/
```

### Retrieve Saved Recipes

```text
GET /api/users/me/saved-recipes/
```

Returns Saved Recipes belonging to the authenticated user.

The response should contain sufficient Recipe information for the frontend to render the Saved Recipes interface without making an additional request for every individual Recipe.

The exact response structure and pagination format should follow `docs/api-design.md`.

### Save a Recipe

```text
POST /api/users/me/saved-recipes/
```

Example request:

```json
{
  ""recipe_id"": 15
}
```

The frontend should **not** send an arbitrary `user_id`.

The backend must determine the user from the authenticated request.

If the Recipe does not exist, the backend should return the appropriate API error according to project conventions.

If the Recipe is already saved, the API must not create a duplicate relationship.

### Remove a Saved Recipe

```text
DELETE /api/users/me/saved-recipes/{recipe_id}/
```

Example:

```text
DELETE /api/users/me/saved-recipes/15/
```

Here, `15` represents the Recipe ID.

The backend should remove the Saved Recipe relationship belonging to the authenticated user and that Recipe.

The frontend should not need to know the internal `SavedRecipe.id` in order to unsave a Recipe.

A user must not be able to remove another user's Saved Recipe relationship.

## Expected User Flow

```text
Recipe Detail
     │
     ▼
[ Save Recipe ]
     │
     ▼
Saved to User Account
     │
     ▼
Dashboard / Saved Recipes
```

Later:

```text
Saved Recipes

Chicken Fried Rice
Kimchi Stew
Vietnamese Spring Rolls
```

A user should also be able to remove a Saved Recipe.

For example:

```text
Saved Recipes
      │
      ▼
Chicken Fried Rice
      │
      ▼
[ Remove ]
      │
      ▼
Removed from Saved Recipes
```

## Guest Behavior

Guests may view Recipes normally.

If a Guest attempts to use a save action, the interface may direct them to sign in.

```text
Guest
  ↓
Recipe
  ↓
Save
  ↓
Sign In Required
```

Do not create permanent anonymous Saved Recipe records.

Do not rely on `localStorage` as a replacement for authenticated Saved Recipes.

## Registered User Behavior

```text
Registered User
      │
      ├── Browse Recipes
      ├── View Recipe
      ├── Save Recipe
      ├── View Saved Recipes
      └── Remove Saved Recipe
```

The backend remains responsible for determining which user owns each Saved Recipe relationship.

## Dependencies

**Blocked by:**

- Backend: Implement Recipe Models & API
- Frontend: Implement Application Foundation
- Authentication: Integrate Amazon Cognito

Frontend Recipe Detail integration additionally benefits from:

- Frontend: Implement Recipe Detail Page

```text
Recipe Models & API ──────────┐
                              │
Amazon Cognito Integration ───┼──→ Saved Recipes
                              │
Application Foundation ───────┘

Recipe Detail Page ─────────────→ Full Recipe Detail UI Integration
                                  (soft dependency)
```

The Recipe Detail Page is not required for implementing the Saved Recipe backend or Saved Recipes page, but it is required for integrating the save/unsave control into the final Recipe Detail interface.

## Important

Saved Recipes represent a User-to-Recipe relationship.

Do not copy an entire Recipe into the user's account when they save it.

```text
Correct:

User ──→ SavedRecipe ──→ Recipe
```

Not:

```text
User
 └── CopiedRecipe
      ├── copied name
      ├── copied ingredients
      └── copied instructions
```

The original Recipe remains the authoritative Recipe record.

The Saved Recipe relationship should only store information specific to the relationship, such as:

```text
SavedRecipe
├── id
├── user
├── recipe
└── created_at
```

## Do NOT

- Duplicate Recipe records when saving
- Copy Recipe ingredients or instructions into Saved Recipe records
- Allow users to retrieve another user's Saved Recipes
- Allow users to modify another user's Saved Recipes
- Accept arbitrary `user_id` values from the frontend
- Trust frontend ownership checks as authorization
- Store Saved Recipes only in `localStorage`
- Create permanent Saved Recipe data for Guests
- Create another API client
- Call `fetch()` directly from React components
- Introduce one API request per Recipe when displaying Saved Recipes
- Introduce avoidable N+1 database queries
- Implement Reviews as part of this task
- Implement Shopping Lists as part of this task
- Implement recommendation logic as part of this task
- Modify unrelated functionality
- Change shared API contracts without discussing it with the team

## Acceptance Criteria

### Functional

- [ ] Registered User can save a Recipe
- [ ] Registered User can retrieve Saved Recipes
- [ ] Registered User can remove a Saved Recipe
- [ ] Saved state can be shown on applicable Recipe interfaces
- [ ] Saved Recipes can be displayed in the frontend
- [ ] Empty Saved Recipes state is handled
- [ ] Loading states are handled
- [ ] API errors are handled
- [ ] Guests cannot create persistent Saved Recipes

### Data Integrity

- [ ] Duplicate saves are prevented
- [ ] `(user, recipe)` uniqueness is enforced at the database level
- [ ] Repeated/concurrent save attempts cannot create duplicate relationships
- [ ] Saved Recipe belongs to the authenticated user
- [ ] Recipe data is not duplicated when saved
- [ ] Removing a Saved Recipe removes the relationship, not the Recipe itself

### Security

- [ ] Saved Recipe endpoints require authentication
- [ ] Backend determines user identity from authenticated request context
- [ ] Frontend does not send arbitrary `user_id` values
- [ ] Users cannot retrieve another user's Saved Recipe relationships
- [ ] Users cannot modify/remove another user's Saved Recipe relationships
- [ ] Invalid Recipe IDs are handled safely

### Performance / Scalability

- [ ] Saved Recipe lookup by user is efficient
- [ ] Saved-state existence checks are efficient
- [ ] Related Recipe data is retrieved efficiently
- [ ] Saved Recipe retrieval does not introduce an N+1 query pattern
- [ ] Saved Recipe retrieval does not require one frontend API request per Recipe
- [ ] Pagination follows project API conventions where applicable

### Quality

- [ ] Backend tests pass
- [ ] `python manage.py check` passes
- [ ] `npm run lint` passes
- [ ] `npm run build` passes
- [ ] Existing functionality still works

## Before Submitting

### Backend

```bash
cd backend
python manage.py check
python manage.py test
```

### Frontend

```bash
cd frontend
npm run lint
npm run build
```

Manually test the primary Registered User flow:

```text
Sign In
→ Open Recipe
→ Save Recipe
→ Confirm Saved State
→ View Saved Recipes
→ Remove Recipe
→ Confirm Recipe Is No Longer Saved
```

Also manually test:

```text
Guest
→ Open Recipe
→ Attempt Save
→ Sign In Required
```

And:

```text
Registered User
→ Save Recipe
→ Attempt to Save Same Recipe Again
→ No Duplicate Relationship Created
```

Then open a Pull Request into `main`.

**Do not push feature implementation directly to `main`.**

## Suggested Branch

`feature/saved-recipes`"
13,Backend: Recipe Search & Filtering,open,sophia-dao,,"backend, MVP, blocked",2026-09-29T04:27:20Z,2026-09-29T17:41:31Z,,https://github.com/sophia-dao/cloud_computing_proj/issues/13,"## Goal

Implement recipe lookup, search, and filtering.

Users should be able to browse/search Recipes and narrow results using supported criteria such as cuisine, dietary requirements, and allergies.

This functionality should work for both Guests and Registered Users.

Registered Users' saved preferences and allergies may be applied as default filters when user-profile integration is available.

Recipe search/filtering must remain separate from ingredient-based recommendation matching.

## Where to Work

Backend code is located in:

`backend/`

Primary locations for this task:

- `backend/apps/recipes/` — Recipe search/filter functionality
- `backend/apps/recipes/views.py` — Recipe API views
- `backend/apps/recipes/serializers.py` — request/response serialization
- `backend/apps/recipes/urls.py` — Recipe API routes
- `backend/apps/recipes/tests/` — Recipe search/filter tests

This task may also use existing data from:

- `backend/apps/users/` — saved preferences and allergies
- `backend/apps/ingredients/` — canonical Ingredient and Allergen data

Do not duplicate models or relationships owned by these apps.

Relevant documentation:

- `backend/README.md`
- `docs/requirements.md`
- `docs/database-design.md`
- `docs/api-design.md`
- `docs/system-design.md`
- `CONTRIBUTING.md`

## Tasks

### Core Search

- [ ] Implement Recipe search by supported name/title fields
- [ ] Define search behavior according to `docs/api-design.md`
- [ ] Return matching Recipe data through the existing Recipe API
- [ ] Ensure search works without authentication

### Filtering

- [ ] Implement cuisine filtering
- [ ] Implement dietary filtering supported by the Recipe/Tag data model
- [ ] Implement allergy filtering using structured Ingredient/Allergen relationships
- [ ] Support multiple compatible filters in the same request
- [ ] Support multiple values for a filter where allowed by `docs/api-design.md`
- [ ] Define AND/OR semantics for multi-value filters according to the documented API contract
- [ ] Prevent duplicate Recipe results when filtering across many-to-many relationships
- [ ] Handle invalid or unsupported filter values

### Guest Behavior

- [ ] Ensure Guests can browse Recipes
- [ ] Ensure Guests can search Recipes
- [ ] Ensure Guests can explicitly select supported filters
- [ ] Do not require authentication for normal Recipe lookup

### Registered User Behavior

- [ ] Support Registered User saved preferences as default filters where applicable
- [ ] Support saved allergy exclusions where applicable
- [ ] Allow explicitly supplied filters to override or extend defaults according to the documented API behavior
- [ ] Ensure user-specific defaults are derived only from the authenticated user's profile

### Performance / Quality

- [ ] Implement pagination
- [ ] Ensure filtering occurs through database queries where practical
- [ ] Optimize related-object retrieval for serialized Recipe data
- [ ] Avoid N+1 queries
- [ ] Add appropriate indexes for frequently searched/filtered fields or relationships
- [ ] Add tests covering search, filtering, authentication-independent behavior, invalid input, and major filter combinations

## Security & Scalability Requirements

### Security

- Validate all search/filter parameters.
- Reject or safely handle unsupported filter values.
- Do not construct unsafe raw SQL from user-supplied search/filter values.
- Use Django ORM parameterization and structured queries.
- Allergy filtering must remain authoritative on the backend.
- Do not rely on frontend filtering to enforce allergy exclusions.
- User-specific default filters must only come from the authenticated user's profile.
- Guests must not be able to supply another user's identity to obtain that user's saved preferences.
- Search/filter input must not allow clients to bypass Recipe visibility rules established elsewhere in the Recipe API.

### Scalability / Performance

- Recipe search results must support pagination.
- Filtering should occur in the database where practical rather than loading all Recipes into Python memory.
- Frequently searched/filterable fields and relationships should be appropriately indexed according to actual query patterns.
- Tag filtering should use the structured Recipe ↔ Tag relationship.
- Allergy filtering should use the structured Recipe → Ingredient → Allergen relationships.
- Related Tags, Ingredients, and other serialized relationships should be loaded efficiently using appropriate Django ORM techniques such as `select_related()` and/or `prefetch_related()` where applicable.
- Avoid N+1 queries when filtering and serializing Recipes, Tags, Ingredients, and Allergens.
- Queries across many-to-many relationships must not return duplicate Recipe rows.
- Search/filter performance should scale with the requested page/result set rather than requiring the entire Recipe table to be loaded into application memory.
- Do not issue additional database queries for every Recipe in a result page when the related data can be retrieved efficiently.

This endpoint will later be included in system load/performance testing.

Conceptually, avoid behavior such as:

```text
1 query  → Recipe search
50 queries → Tags for 50 Recipes
50 queries → Ingredients for 50 Recipes
50 queries → Allergens for 50 Recipes
```

Instead, related data required by the API response should be retrieved using efficient relationship queries.

## Additional Acceptance Criteria

- [ ] Search/filter parameters are validated
- [ ] Unsupported filter values are handled consistently
- [ ] Recipe results are paginated
- [ ] Filtering is performed efficiently through database queries
- [ ] Appropriate searchable/filterable fields or relationships are indexed
- [ ] Tag filtering does not require loading all Recipes into application memory
- [ ] Allergy filtering does not require loading all Recipes into application memory
- [ ] Allergy filtering remains backend-controlled
- [ ] Implementation avoids obvious N+1 query behavior
- [ ] Many-to-many filtering does not produce duplicate Recipe results
- [ ] Search/filter behavior works for Guests without authentication
- [ ] User-specific defaults cannot expose or use another user's profile data

## Expected API

Recipe lookup should use the existing Recipe API.

Conceptually:

```text
GET /api/recipes/
GET /api/recipes/?search=chicken
GET /api/recipes/?cuisine=korean
GET /api/recipes/?diet=vegan
GET /api/recipes/?allergy=peanut
```

Filters should also be combinable where supported:

```text
GET /api/recipes/?search=rice&cuisine=korean&diet=vegetarian
```

Multiple values may be supported where defined by `docs/api-design.md`.

For example, depending on the documented API convention:

```text
GET /api/recipes/?cuisine=korean&cuisine=vietnamese
```

or:

```text
GET /api/recipes/?cuisine=korean,vietnamese
```

Do not introduce a new parameter format independently.

Follow `docs/api-design.md` as the authoritative API contract.

## Filter Semantics

Filter behavior must be deterministic and documented.

When multiple different filter categories are supplied, they should be combined according to the API contract.

Conceptually:

```text
Search: chicken
Cuisine: Korean
Diet: Halal

        ↓

Recipes matching the applicable
search AND filter constraints
```

For multiple values within the same category, the implementation must follow the semantics defined by `docs/api-design.md`.

For example, cuisine values might conceptually mean:

```text
Korean OR Vietnamese
```

while some dietary combinations may require different semantics depending on the data model.

Do not guess these semantics inside the implementation.

If the current API documentation does not define multi-value behavior, establish the contract with the team before implementing it.

## Search Behavior

Recipe search should support normal Recipe lookup.

Example:

```text
Search: ""fried rice""

        ↓

Chicken Fried Rice
Kimchi Fried Rice
Vegetable Fried Rice
```

Search should operate on the supported searchable Recipe fields defined by the API/data model.

Search should not depend on the user's Ingredient Inventory.

Ingredient-based matching belongs to the Recommendation system.

For example:

```text
Search:
""chicken""

        ↓

Recipes matching ""chicken""
according to Recipe search rules
```

Not:

```text
User Inventory
├── Chicken
├── Rice
└── Onion

        ↓

Recipes user can make
```

The second behavior belongs to the Recommendation system.

## Filtering Behavior

Examples of supported filter categories may include:

```text
Cuisine
├── Vietnamese
├── Korean
├── Japanese
├── Italian
└── Mexican

Diet
├── Vegan
├── Vegetarian
└── Halal

Allergies
├── Peanut
├── Shellfish
├── Dairy
└── Other supported allergens
```

The exact supported values must follow the Recipe/database design.

Do not invent unsupported classifications independently of the documented data model.

Filtering must use structured data.

For example:

```text
Recipe
  │
  ├── Tag: Korean
  ├── Tag: Vegetarian
  └── Ingredients
```

rather than searching Recipe descriptions for classification keywords.

## Registered User Defaults

Registered Users may have saved:

```text
Profile
├── Dietary Preferences
├── Cuisine Preferences
└── Allergies
```

These may be used as default filtering information when User Profile integration is available.

Conceptually:

```text
Authenticated User
       │
       ▼
Saved Preferences
       │
       ▼
Default Recipe Filters
       │
       ▼
Recipe Search
```

Example:

```text
User preference:
Halal

User searches:
""chicken""

        ↓

Halal-compatible chicken Recipes
```

Users should still be able to adjust supported filters from the interface.

### Explicit Filters vs. Defaults

Explicit query parameters must interact with saved defaults according to `docs/api-design.md`.

The behavior must be deterministic.

For example, the API contract should define whether an explicitly supplied cuisine filter:

```text
?cuisine=korean
```

replaces:

```text
Saved cuisine preference:
Vietnamese
```

or extends it.

Do not silently invent merge/override behavior in the implementation.

### Allergy Defaults

Saved allergies should be treated more carefully than ordinary preferences.

Cuisine and dietary preferences represent user preferences.

Allergy exclusions represent safety-related filtering criteria.

If saved allergies are automatically applied, explicit Recipe search parameters must not silently disable those exclusions unless the documented product/API behavior explicitly supports that action.

The backend remains authoritative for applying active allergy exclusions.

## Guest Behavior

Guests have no saved profile preferences.

They can still explicitly provide supported filters:

```text
Guest
  │
  ├── Browse Recipes
  ├── Search
  ├── Cuisine Filter
  ├── Dietary Filter
  └── Allergy Filter
```

Authentication should not be required for normal Recipe search.

Guest search/filter requests must not attempt to load user-profile defaults.

## Allergy Filtering

Allergy filtering should be treated separately from ordinary cuisine preferences.

If a Recipe contains an Ingredient associated with an active excluded Allergen, that Recipe should not be returned.

Conceptually:

```text
Recipe
  │
  ├── Ingredient
  ├── Ingredient
  └── Ingredient
         │
         ▼
      Allergen
         │
         ▼
Active Allergy Exclusion
         │
         ▼
Recipe Excluded
```

Allergy checks must use the canonical structured Ingredient/Allergen relationships established by the data model.

Do not infer allergens from Recipe names, Ingredient display strings, descriptions, or frontend logic when structured Allergen data exists.

### Example

Suppose:

```text
Recipe: Peanut Noodles

Ingredients:
├── Noodles
├── Soy Sauce
└── Peanut Butter
       │
       ▼
Allergen: Peanut
```

With:

```text
?allergy=peanut
```

the Recipe should be excluded from the returned results.

The backend remains authoritative for this behavior.

## Duplicate Result Prevention

Filtering through Tags, Ingredients, and Allergens may introduce joins across many-to-many or one-to-many relationships.

A Recipe must appear only once in the API result set even if multiple related records satisfy the query.

Conceptually, avoid:

```text
Recipe A
Recipe A
Recipe A
Recipe B
```

The API should return:

```text
Recipe A
Recipe B
```

Use appropriate ORM query construction and deduplication such as `distinct()` where required by the final relationship/query design.

## Search vs. Recommendation

Keep these responsibilities separate.

### Recipe Search

Answers:

> What Recipes match the filters/search criteria I selected?

```text
Search + Filters
       │
       ▼
Recipe Query
       │
       ▼
Matching Recipes
```

Search operates on Recipe properties and classifications.

### Recommendation Engine

Answers:

> What Recipes can I make, or almost make, with the Ingredients I have?

```text
Available Ingredients
       │
       ▼
RecommendationService
       │
       ▼
Recipe Matches
```

Recommendation logic may consider:

```text
Inventory
Missing Ingredients
Ingredient Coverage
Match Scores
```

These responsibilities do not belong in Recipe search/filtering.

Search/filter functionality must not duplicate `RecommendationService`.

## Dependencies

**Blocked by:**

- Backend: Implement Ingredient Foundation
- Backend: Implement Recipe Models & API

User-specific default filtering additionally depends on:

- Backend: Implement User Profile & Preferences

Basic Guest search/filtering can be implemented before authentication integration is complete.

Conceptually:

```text
Ingredient Foundation ────────┐
                              │
Recipe Models & API ──────────┼──→ Recipe Search & Filtering
                              │
User Profile & Preferences ───┘
           │
           └──→ User-specific defaults
                (additional dependency)
```

The core Recipe search/filter functionality should not be blocked by authentication if Guest filtering can already be implemented.

## Important

Filtering should use structured application data rather than trying to infer Recipe properties from Recipe names or descriptions.

For example, avoid logic such as:

```python
if ""vegan"" in recipe.description.lower():
    ...
```

Recipe filtering should use the fields and relationships established by the application's data model.

### Recipe Classification

Recipe classifications should use the shared `Tag` system defined in `docs/database-design.md`.

Examples:

```text
DIET     → Vegan, Vegetarian, Halal
CUISINE  → Korean, Vietnamese, Italian
COST     → Cheap, Moderate, Expensive
OTHER    → Quick, High Protein, Easy
```

Conceptually:

```text
Recipe
  │
  └── RecipeTag
          │
          ▼
         Tag
          │
          ├── type/category
          └── value
```

Search/filter logic should reuse this shared classification system rather than creating separate cuisine/diet classification systems.

## Do NOT

- Implement ingredient recommendation matching here
- Duplicate `RecommendationService`
- Use user Inventory as part of normal Recipe search
- Implement filtering primarily in React
- Trust frontend filtering as authoritative
- Load the entire Recipe table into Python memory for normal filtering
- Perform allergy filtering only on the frontend
- Infer dietary status from Recipe names or descriptions
- Infer allergy status from Recipe names or descriptions
- Infer cuisine from Recipe names or descriptions
- Create duplicate Ingredient models
- Create a separate classification system when the shared Tag system already supports it
- Return duplicate Recipes because of relationship joins
- Require authentication for normal Recipe search
- Allow Guests to access Registered User preference data
- Construct raw SQL directly from untrusted query parameters
- Implement AI-based Recipe classification
- Implement Shopping Lists
- Implement Reviews
- Modify unrelated Django apps
- Change shared models or API contracts without discussing it with the team

## Acceptance Criteria

### Functional

- [ ] Recipes can be browsed without authentication
- [ ] Recipes can be searched by supported name/title fields
- [ ] Cuisine filtering works
- [ ] Supported dietary filtering works
- [ ] Allergy filtering works
- [ ] Multiple compatible filters can be combined
- [ ] Supported multi-value filters behave according to the documented API contract
- [ ] Guests can search and explicitly filter Recipes
- [ ] Registered User preferences can be supported as defaults when profile integration is available
- [ ] Explicit filters interact with defaults according to documented behavior
- [ ] Invalid filters are handled appropriately
- [ ] API follows `docs/api-design.md`

### Data Correctness

- [ ] Allergy filtering uses structured Recipe/Ingredient/Allergen data
- [ ] Cuisine and dietary filtering use structured Recipe classification data
- [ ] Shared Tag relationships are used where defined by the data model
- [ ] Recipes containing an actively excluded Allergen are not returned
- [ ] Relationship joins do not produce duplicate Recipe results
- [ ] Search does not depend on user Inventory
- [ ] Recommendation matching is not duplicated

### Security

- [ ] Search/filter parameters are validated
- [ ] User input is not directly interpolated into unsafe raw SQL
- [ ] Allergy filtering is backend-controlled
- [ ] Frontend filtering is not treated as authoritative
- [ ] Guest search does not expose Registered User profile information
- [ ] User-specific defaults come only from the authenticated user's profile
- [ ] Existing Recipe visibility/authorization rules remain enforced

### Performance / Scalability

- [ ] Recipe results are paginated
- [ ] Filtering occurs through database queries where practical
- [ ] Search/filtering does not require loading the complete Recipe table into Python memory
- [ ] Frequently searched/filterable fields or relationships are appropriately indexed
- [ ] Tag filtering is performed efficiently
- [ ] Allergy filtering is performed efficiently
- [ ] Related Recipe data is retrieved efficiently
- [ ] Implementation avoids obvious N+1 query behavior
- [ ] Result query cost scales with the requested result page rather than the entire Recipe dataset
- [ ] Endpoint is suitable for later load/performance testing

### Testing / Quality

- [ ] Tests cover Recipe name/title search
- [ ] Tests cover cuisine filtering
- [ ] Tests cover dietary filtering
- [ ] Tests cover allergy exclusion
- [ ] Tests cover combined filters
- [ ] Tests cover invalid filter values
- [ ] Tests verify Guest search works without authentication
- [ ] Tests verify duplicate Recipe rows are not returned
- [ ] Tests cover Registered User defaults when that integration is available
- [ ] `python manage.py check` passes
- [ ] `python manage.py test` passes
- [ ] Existing functionality still works

## Before Submitting

Update the branch with the latest `main`.

Run:

```bash
cd backend
python manage.py check
python manage.py test
```

Manually test normal search:

```text
GET /api/recipes/
GET /api/recipes/?search=chicken
```

Test individual filters:

```text
GET /api/recipes/?cuisine=korean
GET /api/recipes/?diet=vegan
GET /api/recipes/?allergy=peanut
```

Test combined filters:

```text
GET /api/recipes/?search=rice&cuisine=korean&diet=vegetarian
```

Verify allergy exclusion:

```text
Recipe contains Ingredient
        │
        ▼
Ingredient has Peanut Allergen
        │
        ▼
Request excludes Peanut
        │
        ▼
Recipe is NOT returned
```

Verify Guest behavior:

```text
Not Signed In
→ Search Recipes
→ Apply Filters
→ Results Returned
```

Verify result correctness:

```text
Apply filters involving multiple relationships
→ Recipe appears at most once
→ No duplicate Recipe rows
```

When User Profile integration is available, also verify:

```text
Sign In
→ Saved Preferences / Allergies
→ Search Recipes
→ Applicable Defaults Applied
→ Explicit Filters Behave According to API Contract
```

Use Postman or another API client for manual API verification.

Then open a Pull Request into `main`.

**Do not push feature implementation directly to `main`.**

## Suggested Branch

`feature/recipe-search-filters`"
12,Infrastructure: Amazon Cognito Authentication Integration,open,sophia-dao,,"backend, MVP, frontend, infrastructure",2026-09-29T04:25:42Z,2026-09-29T17:43:30Z,,https://github.com/sophia-dao/cloud_computing_proj/issues/12,"## Goal

Integrate Amazon Cognito as the application's authentication provider.

Users should be able to:

- Create an account
- Verify their account
- Sign in
- Sign out
- Maintain authenticated application state
- Access authenticated application functionality

The React frontend will authenticate users through Amazon Cognito and send the resulting authentication token with protected API requests to the Django backend.

Django remains responsible for:

- Application authorization
- Application-specific user data
- Resource ownership
- Permissions
- Mapping Cognito identities to application users

Authentication and authorization must remain separate responsibilities.

## Where to Work

This task affects multiple parts of the project.

### Frontend

`frontend/`

Primary locations:

- `frontend/src/features/auth/` — authentication UI and frontend authentication logic
- `frontend/src/services/api/apiClient.js` — attaching authentication tokens to API requests
- `frontend/src/pages/` — login/signup/verification/onboarding pages
- `frontend/.env.example` — public Cognito configuration

Use the existing shared API client:

`frontend/src/services/api/apiClient.js`

Do not create a separate API client specifically for authentication.

### Backend

`backend/`

Primary locations may include:

- `backend/apps/users/` — application User/Profile integration
- Django REST Framework authentication/permission configuration
- `backend/config/settings.py` — authentication configuration
- relevant authentication utilities/middleware
- authentication and authorization tests

### AWS

Configure the required Amazon Cognito resources for the application.

Relevant documentation:

- `frontend/README.md`
- `backend/README.md`
- `docs/system-design.md`
- `docs/api-design.md`
- `docs/aws-architecture.md`
- `docs/database-design.md`
- `CONTRIBUTING.md`

## Authentication Architecture

The intended authentication flow is:

```text id=""ckf5ba""
User
 │
 ▼
React
 │
 │ Sign Up / Sign In
 ▼
Amazon Cognito
 │
 │ Authentication
 ▼
JWT Token
 │
 ▼
React
 │
 │ Authorization: Bearer <token>
 ▼
Shared apiClient
 │
 ▼
Django REST API
 │
 │ Validate Token
 ▼
Authenticated Cognito Identity
 │
 ▼
Application User
 │
 ▼
Authorization / Ownership Check
 │
 ▼
Protected Resource
```

Amazon Cognito is responsible for authentication.

Django is responsible for application data and authorization.

```text id=""ydwz2m""
Amazon Cognito
├── Identity
├── Signup
├── Login
├── Password handling
├── Account verification
└── Authentication tokens

Django
├── User/Profile
├── Preferences
├── Allergies
├── Inventory
├── Saved Recipes
├── Reviews
├── Resource ownership
└── Permissions
```

Cognito authentication does **not** replace Django authorization.

A valid Cognito token proves identity. Django must still determine what that identity is allowed to access.

## Identity Mapping

Each authenticated Cognito identity must map to the appropriate application User.

The mapping must use a stable Cognito identity identifier according to the documented authentication/database design.

Conceptually:

```text id=""ax9azl""
Cognito User
     │
     │ stable identity
     ▼
Application User
     │
     ├── Profile
     ├── Preferences
     ├── Allergies
     ├── Inventory
     └── Saved Recipes
```

Do not rely on mutable display information such as a username or email address as the only application ownership identifier if the selected Cognito flow provides a stable identity identifier.

Repeated authenticated requests from the same Cognito identity must resolve to the same application User.

Concurrent or repeated first-time requests must not create duplicate application User records.

The exact mapping strategy must follow `docs/database-design.md` and `docs/system-design.md`.

## Tasks

### AWS / Cognito

- [ ] Create/configure a Cognito User Pool
- [ ] Create/configure the application client
- [ ] Configure signup/sign-in behavior
- [ ] Configure account verification
- [ ] Configure required user attributes
- [ ] Configure appropriate password/security policies
- [ ] Configure appropriate development URLs/settings
- [ ] Configure production-compatible settings where applicable
- [ ] Document required Cognito configuration
- [ ] Ensure browser-facing configuration does not expose AWS credentials or secrets
- [ ] Ensure the selected app client configuration is appropriate for a browser-based React application

### Frontend

- [ ] Implement Sign Up interface
- [ ] Implement account verification interface
- [ ] Implement Sign In interface
- [ ] Implement Sign Out
- [ ] Track authenticated user state
- [ ] Restore authenticated state appropriately after application reload
- [ ] Display logged-in user state in the application UI
- [ ] Protect Registered User routes where appropriate
- [ ] Attach authentication token to protected backend requests through `apiClient`
- [ ] Handle expired authentication state
- [ ] Handle invalid authentication state
- [ ] Handle unauthorized API responses appropriately
- [ ] Clear authenticated state appropriately on Sign Out
- [ ] Allow users to continue to optional onboarding after registration
- [ ] Avoid duplicating authentication-token logic across components/services

### Backend

- [ ] Validate Cognito-issued authentication tokens
- [ ] Validate token signature
- [ ] Validate token issuer
- [ ] Validate token expiration
- [ ] Validate audience/client/token-use claims as required by the selected Cognito token flow
- [ ] Reject malformed tokens
- [ ] Reject expired tokens
- [ ] Reject tokens issued by an unexpected User Pool
- [ ] Reject tokens that do not satisfy the expected application/token-use requirements
- [ ] Associate authenticated Cognito identities with application Users
- [ ] Prevent duplicate application Users for the same Cognito identity
- [ ] Expose authenticated User information through `/api/users/me/`
- [ ] Protect Registered User endpoints
- [ ] Protect Admin endpoints appropriately
- [ ] Enforce ownership after authentication
- [ ] Ensure Guest/public endpoints remain accessible without authentication
- [ ] Add authentication/permission tests

## JWT Validation

Django must independently validate authentication tokens received from the frontend.

Conceptually:

```text id=""h4c01b""
Incoming JWT
     │
     ▼
Parse Token
     │
     ▼
Verify Signature
     │
     ▼
Verify Issuer
     │
     ▼
Verify Expiration
     │
     ▼
Verify Expected Client/Audience
     │
     ▼
Verify Expected Token Use
     │
     ▼
Extract Stable Cognito Identity
     │
     ▼
Resolve Application User
```

Do not consider a token valid merely because it can be decoded.

Token claims must be cryptographically verified according to the selected Cognito flow.

## Cognito Public Keys / JWKS

Cognito JWT signature verification requires trusted public signing keys.

The backend should retrieve and use the appropriate Cognito public key set according to the selected AWS/Cognito architecture.

Public signing keys should be cached appropriately rather than unnecessarily retrieving them from Cognito for every authenticated API request.

Conceptually, avoid:

```text id=""px8olx""
API Request
    ↓
Download Cognito Keys
    ↓
Validate Token

API Request
    ↓
Download Cognito Keys
    ↓
Validate Token

API Request
    ↓
Download Cognito Keys
```

Prefer:

```text id=""7t1ch7""
Cognito Public Keys
        │
        ▼
Validated / Cached Key Set
        │
        ├── Request 1
        ├── Request 2
        ├── Request 3
        └── ...
```

The implementation must still support safe key refresh/rotation when Cognito signing keys change.

Do not permanently hardcode signing keys into the application.

## Security Design Requirements

### Authentication

- Use Cognito-issued tokens for authentication.
- Django must independently validate received tokens.
- Token signature must be verified.
- Token issuer must be verified.
- Token expiration must be verified.
- Audience/client and token-use claims must be validated as appropriate to the selected Cognito flow.
- Expired tokens must be rejected.
- Invalid tokens must be rejected.
- Malformed tokens must be rejected.
- Tokens from an unexpected Cognito configuration must be rejected.

### Authorization

- Authorization must still be enforced by Django after authentication.
- A valid token does not automatically authorize access to arbitrary resources.
- User-specific resources must verify ownership.
- Admin functionality must require appropriate backend permissions.
- Frontend route protection is a UX feature and must not be treated as backend security.

### Credentials / Secrets

- AWS credentials must never be shipped to the browser.
- Cognito configuration that is public by design must be distinguished from actual secrets.
- Secrets must not be committed to source control.
- Tokens must not be hardcoded.
- Production authentication traffic must use HTTPS.
- IAM permissions must follow least privilege.

### Logging

Authentication events/errors should be observable through appropriate logging.

Do not log:

- Full JWTs
- Authentication credentials
- Passwords
- Sensitive token contents
- Secrets

Logs may include safe operational information needed for debugging and monitoring.

## Authentication Performance / Scalability

Authentication is performed on protected API requests and must not introduce an unnecessary external network request for every API call.

Requirements:

- Cache Cognito public signing keys appropriately.
- Support safe signing-key refresh/rotation.
- Avoid querying Cognito directly for every protected API request when local JWT verification is sufficient.
- Application User lookup should use an indexed stable Cognito identity field.
- Cognito identity → application User lookup should be efficient.
- The Cognito identity mapping must enforce uniqueness where appropriate.
- Repeated requests from the same identity must not create duplicate User records.
- Authentication processing should remain stateless at the Django API layer where practical.
- Authentication failures should fail safely without exposing internal security details.

Conceptually:

```text id=""lvhw61""
Request
   │
   ▼
JWT Validation
   │
   ▼
Indexed Identity Lookup
   │
   ▼
Application User
   │
   ▼
Authorization
```

Avoid:

```text id=""z8ucpu""
Request
   │
   ▼
External Cognito Request
   │
   ▼
Multiple User Lookups
   │
   ▼
Protected Resource
```

for every normal authenticated API request when the token can be validated locally using cached trusted signing keys.

Authentication endpoints/protected API behavior should be included in later system load/performance testing.

## Security Test Cases

At minimum test:

```text id=""7t07p3""
No Token
→ Protected API
✗ Rejected
```

```text id=""ifnhld""
Valid Token
→ Own Protected Resource
✓ Allowed
```

```text id=""w5st06""
Invalid Token
→ Protected API
✗ Rejected
```

```text id=""fyhq03""
Expired Token
→ Protected API
✗ Rejected
```

```text id=""0d0gyc""
Malformed Token
→ Protected API
✗ Rejected
```

```text id=""3rx9dw""
Token From Wrong Issuer
→ Protected API
✗ Rejected
```

```text id=""bipobp""
Token With Invalid Signature
→ Protected API
✗ Rejected
```

```text id=""grylm4""
Valid User A Token
→ User B Resource
✗ Rejected
```

```text id=""njszms""
Valid Registered User Token
→ Admin Resource
✗ Rejected
```

```text id=""taw4dk""
No Token
→ Public Guest Endpoint
✓ Allowed
```

## Additional Acceptance Criteria

- [ ] Invalid tokens are rejected
- [ ] Expired tokens are rejected
- [ ] Malformed tokens are rejected
- [ ] Tokens with invalid signatures are rejected
- [ ] Tokens from unexpected issuers are rejected
- [ ] Missing authentication is rejected for protected endpoints
- [ ] Authorization remains enforced after authentication
- [ ] Cross-user access is rejected
- [ ] Admin permissions remain backend-controlled
- [ ] AWS credentials are not exposed to the browser
- [ ] Sensitive token contents are not written to application logs
- [ ] Cognito signing keys are not unnecessarily downloaded for every request
- [ ] Signing-key rotation can be handled safely
- [ ] Cognito identity lookup is efficient
- [ ] Duplicate application Users cannot be created for the same Cognito identity

## Account Creation Flow

Conceptually:

```text id=""4bfmqv""
Sign Up
   │
   ▼
Cognito
   │
   ▼
Verification
   │
   ▼
Account Verified
   │
   ▼
Sign In / Authenticated Session
   │
   ▼
Application User
   │
   ▼
Optional Onboarding
   │
   ├── Allergies
   ├── Dietary Preferences
   └── Cuisine Preferences
   │
   ├── Save
   └── Skip
   │
   ▼
Dashboard
```

Preference onboarding is optional.

Users must not be prevented from using their account because they skipped preference setup.

Application-specific preferences should be stored in the application's database rather than treating Cognito as the primary application-data store.

## Guest Access

Authentication must **not** be required for functionality intended for Guests.

Guests should continue to be able to:

- Search/select Ingredients
- Submit temporary Ingredient selections
- Request Recipe recommendations
- Search Recipes
- Filter Recipes
- View Recipe details

Registered Users receive additional functionality such as:

- Persistent Inventory
- Profile/preferences
- Saved Recipes
- Reviews when implemented
- Other account-specific features

Conceptually:

```text id=""0k9nhp""
Guest
  │
  └── Public Features

Registered User
  │
  ├── All Guest Features
  └── Account Features

Admin
  │
  ├── All Registered User Features
  └── Administrative Features
```

Authentication integration must not accidentally convert public Recipe or Recommendation endpoints into protected endpoints.

## API Authentication

Protected requests should conceptually use:

```http id=""j4fr9e""
Authorization: Bearer <token>
```

The shared frontend API client should be responsible for attaching authentication information.

```text id=""nmtmvf""
Component
    │
    ▼
Domain Service
    │
    ▼
apiClient
    │
    ├── Base URL
    ├── Common Headers
    └── Authentication Token
    │
    ▼
Django REST API
```

Individual components should not manually attach authentication tokens.

Individual domain services should not independently reimplement token-handling logic.

## Authentication Failure Behavior

Authentication failures should return the appropriate API response according to `docs/api-design.md`.

Conceptually:

```text id=""o10k97""
Missing / Invalid / Expired Authentication
              │
              ▼
Appropriate Authentication Error
              │
              ▼
Frontend Handles Authentication State
```

The frontend should handle authentication failures consistently.

For example, depending on the documented application behavior, it may:

- Clear invalid authenticated state
- Prompt the user to sign in again
- Redirect from protected pages
- Preserve public Guest functionality

Do not expose sensitive validation details to clients unnecessarily.

## Frontend Token Handling

Authentication state and token handling should be centralized through the selected Cognito authentication integration.

Do not:

```text id=""uy9i08""
Component A → stores its own token
Component B → stores its own token
Component C → stores its own token
```

Prefer:

```text id=""pgfzvo""
Authentication Layer
        │
        ▼
Authenticated State
        │
        ▼
Shared apiClient
        │
        ▼
Protected API Requests
```

The exact token/session storage mechanism should follow the selected Cognito frontend library and the documented project security architecture.

Do not introduce a custom token-storage approach independently.

## Google Sign-In

Google authentication is a desired authentication option, but it may be integrated separately if necessary.

The authentication architecture should not prevent adding Google as a Cognito federated identity provider later.

Conceptually:

```text id=""jz7t2o""
Email/Password ──┐
                 │
Google ──────────┼──→ Cognito ──→ Application
                 │
Future Provider ─┘
```

Do not implement a separate Google-specific application authentication system outside Cognito.

Google authentication should eventually federate through the agreed Cognito authentication architecture.

## Email / Phone Verification

Account verification should use capabilities provided by Cognito.

Initial implementation may use email verification for simplicity.

Phone verification can be added if required by the project scope.

Do not build a custom verification-code system in Django.

## Environment Configuration

Do not hardcode Cognito configuration throughout the application.

Frontend configuration that is safe to expose to the browser should use Vite environment variables where appropriate.

For example:

```env id=""4nlg5n""
VITE_COGNITO_USER_POOL_ID=
VITE_COGNITO_CLIENT_ID=
VITE_COGNITO_REGION=
```

Update `.env.example` with required variable names but **do not commit secrets**.

Values intentionally exposed to a browser application must still be distinguished from AWS credentials or other sensitive secrets.

Backend/AWS-sensitive configuration should use the project's documented environment/secret-management approach.

Production and development configuration should be separable without requiring source-code changes.

## Dependencies

**Blocked by:**

- Backend: Implement User Profile & Preferences
- Frontend: Implement Application Foundation

The task can be developed independently of Recipes and Recommendations.

Conceptually:

```text id=""mq7z3u""
Frontend Foundation ──────┐
                          │
Amazon Cognito ───────────┼──→ Authentication Integration
                          │
User/Profile Backend ─────┘
```

Authentication Integration then enables account-specific features such as:

```text id=""jclngd""
Authentication Integration
          │
          ├──→ Persistent Inventory
          ├──→ Saved Recipes
          ├──→ User Preferences
          └──→ Reviews
```

Public Guest functionality should not depend on authentication integration.

## Important

Authentication and authorization are different responsibilities.

```text id=""kbq4ta""
Authentication
""Who are you?""
       │
       ▼
Amazon Cognito

Authorization
""What are you allowed to do?""
       │
       ▼
Django
```

A request can therefore be:

```text id=""it0as5""
Authenticated
     ✓

Authorized
     ✗
```

For example:

```text id=""rb9ff5""
User A
  │
  │ Valid Cognito Token
  ▼
Django
  │
  │ Attempts User B Resource
  ▼
403 / Access Rejected
```

Django must still enforce ownership and permissions even if the frontend hides protected functionality.

## Do NOT

- Build a separate username/password authentication database
- Store user passwords in Django
- Implement custom password hashing/authentication
- Build a custom email verification-code system
- Treat decoding a JWT as sufficient validation
- Accept tokens without verifying their signature
- Trust frontend authorization checks as security
- Treat a valid Cognito token as permission to access arbitrary resources
- Allow users to select another application's User identity through request parameters
- Create duplicate application Users for the same Cognito identity
- Put application preferences/inventory primarily in Cognito
- Hardcode Cognito signing keys
- Hardcode tokens
- Hardcode AWS credentials
- Commit secrets
- Log complete authentication tokens
- Store authentication tokens independently in arbitrary components
- Manually attach tokens in every feature service
- Create another API client for authenticated requests
- Call `fetch()` directly from React components for protected API calls
- Contact Cognito unnecessarily for every normal protected API request when local token verification is sufficient
- Require authentication for Guest functionality
- Implement Google authentication outside the agreed Cognito architecture
- Modify unrelated application features
- Change the authentication architecture without discussing it with the team

## Acceptance Criteria

### Authentication

- [ ] User can create an account
- [ ] Account verification works
- [ ] User can sign in
- [ ] User can sign out
- [ ] Frontend can determine authenticated state
- [ ] Authentication state behaves appropriately after application reload
- [ ] Logged-in UI displays the authenticated User appropriately
- [ ] Protected frontend routes behave appropriately
- [ ] Shared `apiClient` can send authentication with protected requests
- [ ] Django validates Cognito authentication
- [ ] Authenticated Cognito identity maps to the appropriate application User
- [ ] `/api/users/me/` returns the authenticated application User
- [ ] Authentication errors are handled appropriately

### Authorization

- [ ] User-specific backend endpoints require authentication
- [ ] Django enforces User ownership/authorization
- [ ] User A cannot access User B's protected resources
- [ ] Registered Users cannot access Admin functionality without appropriate permissions
- [ ] Guest endpoints remain usable without authentication
- [ ] Preferences/onboarding remain optional

### Security

- [ ] JWT signatures are validated
- [ ] Token issuer is validated
- [ ] Token expiration is validated
- [ ] Expected audience/client claims are validated where applicable
- [ ] Expected token-use claims are validated where applicable
- [ ] Invalid tokens are rejected
- [ ] Expired tokens are rejected
- [ ] Malformed tokens are rejected
- [ ] Tokens from unexpected Cognito configurations are rejected
- [ ] No AWS credentials are exposed to the browser
- [ ] No credentials or secrets are committed
- [ ] Sensitive token contents are not logged
- [ ] Frontend authorization is not treated as backend security

### Data Integrity

- [ ] Cognito identity maps consistently to one application User
- [ ] Stable identity mapping follows the documented data model
- [ ] Repeated authentication does not create duplicate User records
- [ ] Concurrent first-time requests cannot create duplicate Users for the same Cognito identity
- [ ] Application-specific data remains stored in the application database

### Performance / Scalability

- [ ] Cognito signing keys are cached appropriately
- [ ] Signing-key rotation can be handled safely
- [ ] Normal protected requests do not require unnecessary Cognito network calls
- [ ] Cognito identity → application User lookup uses an efficient/indexed field
- [ ] Authentication processing does not introduce obvious per-request scalability bottlenecks
- [ ] Authentication/protected endpoints are suitable for later load testing

### Quality

- [ ] Backend authentication/permission tests pass
- [ ] Existing Guest functionality still works
- [ ] Existing application functionality still works
- [ ] `python manage.py check` passes
- [ ] `python manage.py test` passes
- [ ] `npm run lint` passes
- [ ] `npm run build` passes

## Before Submitting

### Backend

```bash id=""kyhsq7""
cd backend
python manage.py check
python manage.py test
```

### Frontend

```bash id=""x9g7ah""
cd frontend
npm run lint
npm run build
```

Manually test the primary authentication flow:

```text id=""pk8rjo""
Sign Up
→ Verify Account
→ Sign In
→ Access Dashboard
→ Call Protected API
→ Sign Out
→ Protected Access Denied
```

Test invalid authentication:

```text id=""3u7vzi""
No Token
→ Protected API
→ Rejected

Invalid Token
→ Protected API
→ Rejected

Expired Token
→ Protected API
→ Rejected
```

Test authorization:

```text id=""kx80be""
User A
→ Sign In
→ Attempt User B Protected Resource
→ Rejected
```

Test Guest behavior:

```text id=""zqh9oh""
Not Signed In
→ Search Ingredients
→ Request Recommendation
→ Search Recipes
→ View Recipe
→ Works Normally
```

Test identity mapping:

```text id=""1g3gwq""
Sign In
→ Call /api/users/me/
→ Sign Out
→ Sign In Again
→ Call /api/users/me/
→ Same Application User
```

Verify that no secrets, credentials, or authentication tokens have been committed or logged.

Then open a Pull Request into `main`.

**Do not push feature implementation directly to `main`.**

## Suggested Branch

`feature/cognito-auth`"
11,"Frontend: Implement Profile, Preferences & Allergies UI",open,sophia-dao,,"MVP, frontend, blocked",2026-09-29T04:22:40Z,2026-09-29T17:47:33Z,,https://github.com/sophia-dao/cloud_computing_proj/issues/11,"## Goal

Implement the frontend interface that allows Registered Users to view and manage their profile, dietary preferences, cuisine preferences, and allergies.

Preferences and allergies are optional during onboarding but should be saved to the user's account when provided.

These settings will later be used automatically as default filters when generating Recipe recommendations and may also be used by other Recipe filtering functionality.

This task is responsible for the frontend interface and API integration only.

The backend remains authoritative for:

- User identity
- Profile data validation
- Supported preference/allergy values
- Authorization
- Recommendation/filtering behavior

## Where to Work

Frontend code is located in:

`frontend/`

Primary locations for this task:

- `frontend/src/features/profile/` — Profile and preference components/logic
- `frontend/src/pages/` — Profile page
- `frontend/src/services/api/userService.js` — User/Profile API calls
- `frontend/src/components/common/` — reusable components where appropriate

Use the existing shared API client:

`frontend/src/services/api/apiClient.js`

Do not create another API client.

Relevant documentation:

- `frontend/README.md`
- `docs/requirements.md`
- `docs/api-design.md`
- `docs/system-design.md`
- `CONTRIBUTING.md`

## Tasks

### API Service

- [ ] Create `frontend/src/services/api/userService.js`
- [ ] Use the existing shared `apiClient`
- [ ] Implement Profile API methods according to `docs/api-design.md`
- [ ] Implement Preferences API methods according to `docs/api-design.md`
- [ ] Implement Allergies API methods according to `docs/api-design.md`
- [ ] Do not expose arbitrary User IDs through Profile service methods

### Profile

- [ ] Implement the Profile page
- [ ] Retrieve the authenticated User's Profile
- [ ] Display basic User information
- [ ] Allow supported Profile information to be updated
- [ ] Distinguish editable and non-editable Profile fields
- [ ] Initialize form state from API data
- [ ] Handle Profile validation errors

### Dietary Preferences

- [ ] Display current dietary preferences
- [ ] Allow dietary preferences to be selected
- [ ] Allow dietary preferences to be removed
- [ ] Use supported values from the backend/API where available
- [ ] Avoid duplicating preference values in frontend state

### Cuisine Preferences

- [ ] Display current cuisine preferences
- [ ] Allow cuisine preferences to be selected
- [ ] Allow cuisine preferences to be removed
- [ ] Use supported values from the backend/API where available
- [ ] Avoid duplicating preference values in frontend state

### Allergies

- [ ] Display current allergies
- [ ] Allow allergies to be added
- [ ] Allow allergies to be removed
- [ ] Clearly distinguish allergies from ordinary preferences
- [ ] Use supported Allergen values from the backend/API where available
- [ ] Avoid duplicating Allergy values in frontend state

### Save / Update Behavior

- [ ] Implement appropriate save/update behavior
- [ ] Prevent accidental duplicate submissions while a save is in progress
- [ ] Disable or otherwise handle Save appropriately while submitting
- [ ] Update displayed state after a successful save
- [ ] Preserve appropriate form state when validation fails
- [ ] Provide success feedback after saving
- [ ] Display backend validation errors appropriately
- [ ] Handle API/network errors
- [ ] Avoid falsely showing success before the backend confirms the update

### UI State

- [ ] Handle initial loading state
- [ ] Handle saving/updating state
- [ ] Handle API error state
- [ ] Handle validation error state
- [ ] Handle empty optional-preference state
- [ ] Avoid rendering stale Profile data after successful updates
- [ ] Handle navigation/reload without depending on local-only Profile state

### Onboarding

- [ ] Support reuse of the same preference interface/components during optional onboarding where practical
- [ ] Allow onboarding preference setup to be skipped
- [ ] Ensure skipped preferences can be configured later from the Profile page

### Accessibility / Usability

- [ ] Use accessible labels for Profile controls
- [ ] Ensure preference/allergy controls are keyboard accessible
- [ ] Make selected/unselected states visually understandable
- [ ] Make validation and API errors understandable to the user
- [ ] Do not rely only on color to communicate selection/error state

## Security & Scalability Requirements

### Security

- User identity must come from authenticated context.
- Frontend Profile operations must target the current authenticated User.
- Frontend must not be capable of selecting another User ID for Profile updates.
- `userService` methods for `/api/users/me/...` must not accept arbitrary User IDs.
- Backend validation remains authoritative.
- Backend authorization remains authoritative.
- Frontend route protection must not be treated as the security boundary.
- Avoid storing private Profile data unnecessarily in browser storage.
- Do not persist Profile, Allergy, or preference data in `localStorage` as the authoritative data source.
- Do not expose sensitive authentication information through Profile components.
- Do not log private Profile information unnecessarily.
- API error handling should not expose sensitive backend/internal information unnecessarily.

Conceptually:

```text id=""5hkdkt""
Authenticated User
       │
       ▼
Profile Page
       │
       ▼
userService
       │
       ▼
apiClient
       │
       │ Authentication Token
       ▼
/api/users/me/...
       │
       ▼
Backend Determines User
```

Not:

```text id=""s6s7t3""
Profile Page
     │
     ▼
Select user_id = 123
     │
     ▼
Update User 123
```

### Scalability / Performance

- Avoid unnecessary duplicate Profile/Preferences/Allergies API requests.
- Do not request the same data independently from multiple child components when it can be managed by the Profile feature/page.
- Do not issue an API request for every individual preference or Allergy item when the API supports bulk retrieval/update.
- Use the existing User/Profile endpoints rather than creating feature-specific duplicate endpoints.
- Supported preference/allergy options should come from shared application data/API contracts where available rather than requiring repeated frontend hardcoding.
- Profile updates should send only the data required by the documented API contract.
- Avoid unnecessary application-wide state for data used only by the Profile feature.
- Reusable Profile/preference components should be usable by both the Profile page and optional onboarding where practical.

Conceptually, avoid:

```text id=""a9ryjn""
Profile Page
   │
   ├── Request Profile
   ├── Request Preference 1
   ├── Request Preference 2
   ├── Request Preference 3
   ├── Request Allergy 1
   ├── Request Allergy 2
   └── ...
```

Prefer the documented API structure:

```text id=""g85wfj""
Profile Page
   │
   ├── Profile Request
   ├── Preferences Request
   └── Allergies Request
```

or another efficient structure defined by `docs/api-design.md`.

Do not introduce additional requests solely because the frontend component structure is split into smaller components.

## Additional Acceptance Criteria

- [ ] Profile operations target the authenticated User
- [ ] No arbitrary User ID is accepted from the UI
- [ ] No arbitrary User ID is accepted by `userService` Profile methods
- [ ] Backend validation errors are handled correctly
- [ ] Private Profile information is not unnecessarily persisted locally
- [ ] Duplicate save requests are prevented while an update is in progress
- [ ] Successful state is shown only after backend confirmation
- [ ] Frontend state reflects the successfully persisted backend state
- [ ] Preference/Allergy controls do not create duplicate selections
- [ ] Profile components do not introduce unnecessary duplicate API requests

## Expected Interface

The exact design is flexible.

Conceptually:

```text id=""y5iqgr""
------------------------------------------
Profile
------------------------------------------

Alex
user@example.com

[ Avatar / Placeholder ]

Dietary Preferences

☑ Halal
☐ Vegan
☐ Vegetarian

Cuisine Preferences

[ Vietnamese × ]
[ Korean × ]

Allergies

[ Peanut × ]
[ Shellfish × ]

[ Save Changes ]
------------------------------------------
```

Do not hardcode the exact available values if the backend/API provides them dynamically.

Allergies should be visually and conceptually distinguishable from ordinary cuisine/dietary preferences.

For example:

```text id=""rwnkyi""
Preferences
├── Dietary
│   ├── Halal
│   ├── Vegan
│   └── Vegetarian
│
└── Cuisine
    ├── Vietnamese
    └── Korean

Allergies
├── Peanut
└── Shellfish
```

## API

Use the User/Profile APIs documented in:

`docs/api-design.md`

Expected endpoints include:

```text id=""ngn76e""
GET   /api/users/me/
PATCH /api/users/me/

GET   /api/users/me/preferences/
PATCH /api/users/me/preferences/

GET /api/users/me/allergies/
PUT /api/users/me/allergies/
```

Create:

`frontend/src/services/api/userService.js`

Conceptually:

```javascript id=""nq50zr""
import { apiClient } from ""./apiClient"";

export const userService = {
  getProfile() {
    return apiClient.get(""/api/users/me/"");
  },

  updateProfile(data) {
    return apiClient.patch(""/api/users/me/"", data);
  },

  getPreferences() {
    return apiClient.get(""/api/users/me/preferences/"");
  },

  updatePreferences(data) {
    return apiClient.patch(""/api/users/me/preferences/"", data);
  },

  getAllergies() {
    return apiClient.get(""/api/users/me/allergies/"");
  },

  updateAllergies(data) {
    return apiClient.put(""/api/users/me/allergies/"", data);
  },
};
```

The exact request/response structures must follow `docs/api-design.md`.

Do not modify the shared API contract independently.

### User Identity

Notice that these service methods do **not** accept:

```javascript id=""8tj31f""
getProfile(userId)
updateProfile(userId, data)
```

Instead:

```javascript id=""j5c6g8""
getProfile()
updateProfile(data)
```

because:

```text id=""2ylx3v""
Authenticated Session
       │
       ▼
apiClient
       │
       ▼
Django
       │
       ▼
Authenticated User
```

determines ownership.

The frontend should never need to send an arbitrary `user_id` to update the current User's Profile.

## Data Loading

When the Profile page loads:

```text id=""t99a2b""
Profile Page
     │
     ▼
Loading
     │
     ├── Profile
     ├── Preferences
     └── Allergies
     │
     ▼
Initialize Form State
     │
     ▼
Display Profile
```

Do not display stale/default form values as though they were confirmed User settings while API data is still loading.

If one request fails, the UI should handle the failure according to the application's documented error-handling behavior rather than silently treating missing data as confirmed empty preferences.

## Save Behavior

Conceptually:

```text id=""75v8uw""
User Changes Settings
        │
        ▼
[ Save Changes ]
        │
        ▼
Saving...
        │
        ▼
Backend Validation
        │
        ├── Success
        │      │
        │      ▼
        │  Update UI State
        │      │
        │      ▼
        │  Success Feedback
        │
        └── Error
               │
               ▼
        Preserve Form State
               │
               ▼
        Display Error
```

Do not optimistically treat Profile data as permanently saved if the backend request fails unless the project deliberately implements an optimistic-update strategy with appropriate rollback behavior.

While a save request is in progress, the interface should prevent accidental repeated submissions.

## Validation

Frontend validation may improve usability, but backend validation remains authoritative.

Conceptually:

```text id=""kx8tqg""
Frontend Validation
        │
        │ UX / Early Feedback
        ▼
Backend Validation
        │
        │ Authoritative
        ▼
Persisted Data
```

If the backend rejects an update:

```text id=""8gl82b""
Save
 │
 ▼
Backend Validation Error
 │
 ▼
Display Appropriate Error
 │
 ▼
User Corrects Input
```

Do not silently discard backend validation errors.

## Optional Onboarding

Preference setup should **not** be required to create or use an account.

Conceptually:

```text id=""l01q8h""
Account Created
      │
      ▼
Optional Preference Setup
      │
      ├── Dietary Preferences
      ├── Cuisine Preferences
      └── Allergies
      │
      ├── Save → Continue
      │
      └── Skip → Continue
```

A User who skips onboarding should be able to configure these settings later from the Profile page.

Skipping onboarding should conceptually result in:

```text id=""1hdm7f""
Account
   │
   ├── Dietary Preferences: none
   ├── Cuisine Preferences: none
   └── Allergies: none
```

rather than preventing access to the application.

Where practical, reuse Profile preference components:

```text id=""v58u6d""
Preference Components
        │
        ├──→ Optional Onboarding
        │
        └──→ Profile Page
```

Do not build two unrelated implementations of the same preference-selection interface unless their requirements genuinely differ.

## Recommendation Integration

This task stores and manages User preferences.

It does **not** implement Recipe recommendation/filtering logic itself.

Later:

```text id=""39e7oh""
User Preferences
       │
       ▼
Django Backend
       │
       ▼
RecommendationService
       │
       ▼
Filtered Recommendations
```

For example:

```text id=""4o6zjo""
Profile:
Diet = Halal
Allergy = Peanut

        ↓

Saved to Backend

        ↓

Future Recommendation Request

        ↓

RecommendationService applies
supported defaults/exclusions
```

The frontend should not independently decide which Recipes satisfy the User's saved dietary preferences or allergies.

The backend Recommendation Service remains responsible for applying saved preferences and allergies.

## Allergy Handling

Allergies must remain conceptually separate from ordinary preferences.

```text id=""b07ag3""
Cuisine Preference
""I prefer Korean food""

Dietary Preference
""I follow a Halal diet""

Allergy
""I must avoid Peanut""
```

The Profile frontend is responsible for allowing the User to manage these values.

It is **not** responsible for determining whether a Recipe contains an Allergen.

That behavior belongs to backend Recipe filtering/recommendation logic using structured Recipe/Ingredient/Allergen data.

## Authentication Integration

Full authenticated behavior depends on Amazon Cognito integration.

Conceptually:

```text id=""54u6a4""
Amazon Cognito
      │
      ▼
Authenticated User
      │
      ▼
apiClient
      │
      ▼
User/Profile API
      │
      ▼
Profile Page
```

The Profile feature should use authentication state provided by the application's authentication architecture.

Do not build authentication logic directly into Profile components.

The Profile page may be developed against the backend API before Cognito integration is complete, but the final implementation must use the application's shared authentication flow.

## Dependencies

**Blocked by:**

- Frontend: Implement Application Foundation
- Backend: Implement User Profile & Preferences

Full authenticated behavior additionally depends on:

- Authentication: Integrate Amazon Cognito

Conceptually:

```text id=""fgl5sz""
Frontend Foundation ───────────┐
                               │
User Profile Backend ──────────┼──→ Frontend Profile
                               │
Cognito Authentication ────────┘
        │
        └──→ Full authenticated integration
```

Basic interface/component and service development may proceed before Cognito integration is complete if the User/Profile API contract is already established.

## Important

Preferences should remain optional.

The frontend should not prevent Users from accessing normal application functionality simply because they have not configured dietary or cuisine preferences.

Allergies should be clearly distinguishable from general preferences.

The backend remains the authoritative source for persisted Profile/preference/Allergy data.

Conceptually:

```text id=""49dxbp""
Frontend State
     │
     │ edits
     ▼
Backend API
     │
     │ validation + persistence
     ▼
Application Database
```

The frontend should not become an independent source of truth for Profile data.

## Do NOT

- Create another API client
- Call `fetch()` directly from components
- Hardcode backend URLs
- Hardcode User identity
- Accept arbitrary User IDs through Profile service methods
- Build a separate authentication system
- Implement Cognito authentication directly inside Profile components
- Require preference onboarding
- Block normal application access because optional preferences are empty
- Implement recommendation matching in React
- Implement Recipe filtering in this feature
- Implement Allergy filtering in React as the authoritative filter
- Determine Recipe allergen safety in the Profile frontend
- Store User preferences only in `localStorage`
- Treat browser storage as the authoritative Profile data source
- Store private Profile information unnecessarily in browser storage
- Hardcode preference/Allergy values when the backend/API provides them dynamically
- Send one API request for every individual preference/Allergy when bulk update endpoints exist
- Allow duplicate preference/Allergy selections
- Show a successful save before the backend confirms the update
- Implement Inventory functionality in this feature
- Implement AI preference detection
- Modify unrelated frontend features
- Change shared API contracts without discussing it with the team

## Acceptance Criteria

### Functional

- [ ] Profile page exists
- [ ] User Profile data can be retrieved
- [ ] Supported Profile information can be updated
- [ ] Dietary preferences can be viewed
- [ ] Dietary preferences can be updated
- [ ] Cuisine preferences can be viewed
- [ ] Cuisine preferences can be updated
- [ ] Allergies can be viewed
- [ ] Allergies can be updated
- [ ] Preferences remain optional
- [ ] Users can save changes
- [ ] Successful updates provide appropriate feedback
- [ ] Optional onboarding can reuse Profile preference components where practical
- [ ] Users who skip onboarding can configure preferences later

### State / Error Handling

- [ ] Initial loading state is handled
- [ ] Saving state is handled
- [ ] Empty optional-preference state is handled
- [ ] Validation errors are displayed appropriately
- [ ] API/network errors are handled
- [ ] Form state is preserved appropriately when an update fails
- [ ] Successful UI state reflects backend-confirmed data
- [ ] Duplicate submissions are prevented while saving
- [ ] Duplicate preference/Allergy selections are prevented

### Security

- [ ] Profile operations target the authenticated User
- [ ] No arbitrary User ID is accepted from the UI
- [ ] `userService` does not require arbitrary User IDs for `/me/` operations
- [ ] Backend validation remains authoritative
- [ ] Backend authorization remains authoritative
- [ ] Private Profile information is not unnecessarily persisted locally
- [ ] Authentication logic is not duplicated inside Profile components

### Architecture

- [ ] API communication uses `userService`
- [ ] `userService` uses the shared `apiClient`
- [ ] Components do not call `fetch()` directly
- [ ] Backend URLs are not hardcoded in Profile components
- [ ] Recommendation algorithms are not implemented in React
- [ ] Recipe filtering algorithms are not implemented in this feature
- [ ] Allergy safety logic remains backend-controlled
- [ ] Profile/preference data is not treated as local-only state

### Performance / Scalability

- [ ] Profile components do not introduce unnecessary duplicate API requests
- [ ] Preference/Allergy data is retrieved efficiently
- [ ] Preference/Allergy updates use bulk API behavior where provided
- [ ] Component decomposition does not cause one request per preference/Allergy item
- [ ] Shared Profile/preference components are reusable where practical
- [ ] Profile data does not require unnecessary application-wide state

### Accessibility / Quality

- [ ] Profile form controls have appropriate labels
- [ ] Preference/Allergy controls are keyboard accessible
- [ ] Selected states are understandable without relying only on color
- [ ] Error feedback is understandable and associated with the relevant operation/input
- [ ] `npm run lint` passes
- [ ] `npm run build` passes
- [ ] Existing frontend functionality still works

## Before Submitting

Update the branch with the latest `main`.

Run:

```bash id=""aaxdcf""
cd frontend
npm run lint
npm run build
```

Run the development server:

```bash id=""evyws9""
npm run dev
```

Manually test Profile retrieval:

```text id=""pj8fkt""
Sign In
→ Open Profile
→ Loading State
→ Profile Data Displayed
→ Preferences Displayed
→ Allergies Displayed
```

Test Profile updates:

```text id=""zce57h""
Open Profile
→ Modify Supported Profile Field
→ Save
→ Saving State
→ Backend Confirms Update
→ Success Feedback
→ Updated Value Displayed
```

Test preference updates:

```text id=""72z9wg""
Open Profile
→ Add Dietary Preference
→ Add Cuisine Preference
→ Remove Existing Preference
→ Save
→ Reload Profile
→ Changes Persist
```

Test Allergy updates:

```text id=""9oh3su""
Open Profile
→ Add Allergy
→ Remove Allergy
→ Save
→ Reload Profile
→ Changes Persist
```

Test validation/error behavior:

```text id=""mj8zlk""
Submit Invalid Data
→ Backend Rejects Update
→ Error Displayed
→ User's Unsaved Input Is Not Silently Lost
→ No False Success Message
```

Test duplicate submission handling:

```text id=""jgl1sz""
Modify Profile
→ Click Save
→ Save In Progress
→ Repeated Submission Prevented
→ One Logical Update
```

Test optional onboarding:

```text id=""4zopns""
Create Account
→ Optional Preference Setup
→ Skip
→ Continue Into Application
→ Open Profile Later
→ Configure Preferences
```

Also verify that Profile operations use:

```text id=""4mmsqh""
Component
    ↓
userService
    ↓
apiClient
    ↓
Django API
```

and not:

```text id=""xdad18""
Component
    ↓
fetch()
    ↓
Django API
```

Test retrieving and updating Profile information against the local Django backend.

Then open a Pull Request into `main`.

**Do not push feature implementation directly to `main`.**

## Suggested Branch

`feature/frontend-profile`"
10,Frontend: Implement User Dashboard & Inventory UI,open,sophia-dao,,"MVP, frontend, blocked",2026-09-29T04:20:44Z,2026-09-29T17:49:21Z,,https://github.com/sophia-dao/cloud_computing_proj/issues/10,"## Goal

Implement the main Dashboard for Registered Users.

The Dashboard should provide a personalized logged-in experience and allow users to view and manage their saved Ingredient Inventory.

Registered Users retain all Guest functionality while gaining access to persistent user-specific features.

The Dashboard should compose existing User/Profile, Ingredient Selection, and Inventory functionality rather than duplicating those features.

This task is responsible for the frontend Dashboard and Inventory interface/API integration.

The backend remains authoritative for:

- User identity
- Inventory ownership
- Inventory validation
- Duplicate Inventory prevention
- Persistent Inventory data
- Authorization

## Where to Work

Frontend code is located in:

`frontend/`

Primary locations for this task:

- `frontend/src/pages/` — Dashboard page
- `frontend/src/features/inventory/` — Inventory UI and feature logic
- `frontend/src/features/profile/` — basic User information displayed on Dashboard
- `frontend/src/services/api/inventoryService.js` — Inventory API calls
- `frontend/src/services/api/userService.js` — User/Profile API calls
- `frontend/src/components/` — shared components where appropriate

Use the existing shared API client:

`frontend/src/services/api/apiClient.js`

Do not create another API client.

Relevant documentation:

- `frontend/README.md`
- `docs/api-design.md`
- `docs/system-design.md`
- `CONTRIBUTING.md`

## Tasks

### Dashboard

- [ ] Implement the Registered User Dashboard page
- [ ] Create the Dashboard route
- [ ] Display basic authenticated User information
- [ ] Provide a placeholder/default avatar if no avatar exists
- [ ] Display a clear logged-in User indicator
- [ ] Create navigation to Profile/Preferences
- [ ] Provide access to Recipe discovery/recommendations
- [ ] Compose existing features rather than duplicating their logic

### Inventory API Service

- [ ] Create `frontend/src/services/api/inventoryService.js`
- [ ] Use the existing shared `apiClient`
- [ ] Implement Inventory retrieval according to `docs/api-design.md`
- [ ] Implement Ingredient addition according to `docs/api-design.md`
- [ ] Implement Ingredient removal according to `docs/api-design.md`
- [ ] Do not expose arbitrary User IDs through Inventory service methods

### Inventory Display

- [ ] Retrieve the authenticated User's saved Inventory
- [ ] Display saved Ingredients
- [ ] Handle empty Inventory state
- [ ] Use canonical Ingredient information returned by the API
- [ ] Avoid duplicating Inventory items in frontend state

### Inventory Management

- [ ] Allow Ingredients to be added to Inventory
- [ ] Allow Ingredients to be removed from Inventory
- [ ] Reuse the existing Ingredient Input & Selection functionality where practical
- [ ] Prevent obvious duplicate Ingredient selections in the UI
- [ ] Prevent duplicate add/remove submissions while a request is in progress
- [ ] Update displayed Inventory after successful backend operations
- [ ] Preserve consistent Inventory state when an API operation fails
- [ ] Do not treat frontend duplicate prevention as authoritative

### User Information

- [ ] Retrieve basic User information through `userService`
- [ ] Display appropriate User information on the Dashboard
- [ ] Do not hardcode User names or identity
- [ ] Reuse existing Profile/User state where appropriate

### UI State

- [ ] Handle initial Dashboard loading state
- [ ] Handle Inventory loading state
- [ ] Handle Ingredient add state
- [ ] Handle Ingredient removal state
- [ ] Handle empty Inventory state
- [ ] Handle Profile/User API errors
- [ ] Handle Inventory API errors
- [ ] Provide appropriate feedback after Inventory changes
- [ ] Avoid displaying stale Inventory data after successful updates

## Security & Scalability Requirements

### Security

- Dashboard visibility is not considered backend authorization.
- Private API requests must use authenticated API communication.
- User identity must come from authenticated context.
- Dashboard/Profile requests must operate on the authenticated User.
- Inventory requests must operate on the authenticated User.
- Frontend must not choose or send an arbitrary User ID when requesting Profile or Inventory data.
- Backend ownership checks remain authoritative.
- Backend validation remains authoritative.
- Frontend route protection is a UX feature and must not be treated as the security boundary.
- Do not store sensitive User data unnecessarily in browser storage.
- Do not store persistent Inventory in `localStorage` as the authoritative source.
- Do not expose authentication tokens or sensitive Profile information through Dashboard components.

Conceptually:

```text id=""u2g7fj""
Authenticated User
       │
       ▼
Dashboard
       │
       ├── userService
       │
       └── inventoryService
               │
               ▼
            apiClient
               │
               │ Authentication Token
               ▼
          Django REST API
               │
               ▼
      Authenticated User Data
```

Not:

```text id=""97ovmy""
Dashboard
    │
    ▼
user_id = 123
    │
    ▼
GET User 123 Inventory
```

The backend must determine ownership from authenticated request context.

### Performance / Scalability

- Avoid unnecessary repeated Profile and Inventory requests.
- Reuse shared application services and state where appropriate.
- Do not independently request the same User data from multiple Dashboard child components.
- Do not independently request the complete Inventory from every Inventory child component.
- Inventory retrieval should occur once per logical Dashboard load unless refresh/revalidation is required.
- Inventory add/remove operations should update or revalidate state efficiently.
- Avoid unnecessary full-page reloads after Inventory changes.
- Do not issue one API request per Ingredient merely to display the Inventory.
- Reuse existing Ingredient Search/Selection functionality rather than creating duplicate search requests and state.
- Dashboard component decomposition must not create unnecessary API request duplication.
- Avoid unnecessary application-wide state for data used only within the Dashboard/Inventory feature.

Conceptually, avoid:

```text id=""m6bgcp""
Dashboard
   │
   ├── Header → GET /users/me/
   ├── Welcome → GET /users/me/
   ├── Profile Card → GET /users/me/
   ├── Inventory List → GET /inventory/
   └── Ingredient Counter → GET /inventory/
```

Prefer:

```text id=""ue6mxs""
Dashboard
   │
   ├── User Data
   │      └── Shared with Dashboard children
   │
   └── Inventory Data
          └── Shared with Inventory children
```

or another efficient state-management pattern consistent with the project's frontend architecture.

## Additional Acceptance Criteria

- [ ] Dashboard requests operate on the authenticated User
- [ ] Inventory requests operate on the authenticated User
- [ ] No arbitrary User ID is used to retrieve private data
- [ ] No arbitrary User ID is accepted by Inventory service methods
- [ ] Private information is not unnecessarily persisted in browser storage
- [ ] Persistent Inventory is not stored only in browser state/storage
- [ ] Dashboard does not generate unnecessary repeated API calls
- [ ] Duplicate add/remove requests are prevented while an operation is in progress
- [ ] Frontend Inventory state reflects backend-confirmed Inventory state
- [ ] Failed Inventory operations do not falsely appear successful
- [ ] Dashboard child components do not independently duplicate Profile/Inventory requests

## Expected Dashboard

The exact visual design is flexible, but conceptually:

```text id=""fzg2nl""
-------------------------------------------------
Recipe Suggestion App                 [Avatar]
                                      Alex
-------------------------------------------------

Welcome, Alex!

My Ingredients

[ Egg × ] [ Cabbage × ] [ Kimchi × ]

[ + Add Ingredient ]

-------------------------------------------------

What should I cook?

[ Find Recipes ]

-------------------------------------------------

My Preferences

Halal
Korean, Vietnamese

[ Manage Profile & Preferences ]
-------------------------------------------------
```

The final interface does not need to match this layout exactly.

The Dashboard should prioritize composition of existing functionality rather than implementing unrelated feature logic directly inside the page.

## Logged-In User Interface

The application should visually indicate that a User is logged in.

For example:

```text id=""e4qgr7""
Navigation

Home     Recipes     Dashboard        Alex [Avatar]
```

The exact choice between displaying:

- Name
- Avatar
- Name + Avatar

can remain flexible during initial implementation.

The architecture should support User information being displayed without hardcoding it.

For example:

```text id=""m3uq1n""
Authenticated User
       │
       ▼
User/Profile API
       │
       ▼
Dashboard
       │
       ├── Welcome Message
       └── User Indicator
```

## Inventory API

Create:

`frontend/src/services/api/inventoryService.js`

Conceptually:

```javascript id=""25vsmd""
import { apiClient } from ""./apiClient"";

export const inventoryService = {
  getInventory() {
    return apiClient.get(""/api/inventory/"");
  },

  addIngredient(ingredientId) {
    return apiClient.post(""/api/inventory/"", {
      ingredient_id: ingredientId,
    });
  },

  removeIngredient(itemId) {
    return apiClient.delete(`/api/inventory/${itemId}/`);
  },
};
```

Follow `docs/api-design.md` for the authoritative API contract.

Do not independently change whether Inventory deletion uses an Inventory Item ID or Ingredient ID.

The service implementation must follow the documented backend contract.

### User Identity

Inventory service methods should not require:

```javascript id=""xx2taw""
getInventory(userId)
addIngredient(userId, ingredientId)
removeIngredient(userId, itemId)
```

Prefer the authenticated-resource pattern defined by the backend API:

```javascript id=""p11xka""
getInventory()
addIngredient(ingredientId)
removeIngredient(itemId)
```

Conceptually:

```text id=""1cv4he""
Authenticated Session
       │
       ▼
apiClient
       │
       ▼
Django
       │
       ▼
Authenticated User
       │
       ▼
User Inventory
```

The frontend should never need to select another User ID to retrieve or modify Inventory.

## User Data

Basic User information should come from the User/Profile API.

Conceptually:

```text id=""5m66w9""
GET /api/users/me/
```

Do not hardcode:

```javascript id=""7p7kkv""
const userName = ""Alex"";
```

Instead:

```text id=""lhfpx1""
User/Profile API
       │
       ▼
Authenticated User Data
       │
       ▼
Dashboard UI
```

The displayed User information should represent the authenticated application User.

If User/Profile data is already available from an appropriate shared authentication/Profile state, reuse it rather than automatically issuing another duplicate request.

## Ingredient Selection

Reuse the existing Ingredient Input & Selection functionality where practical.

Do not create a second independent Ingredient-search implementation specifically for the Dashboard.

Conceptually:

```text id=""uvf0kv""
Ingredient Search
       │
       ▼
Canonical Ingredient
       │
       ▼
Inventory API
       │
       ▼
Saved User Inventory
```

For example:

```text id=""02ic4x""
Search: ""chick""

       ↓

Canonical Results

Chicken
Chicken Breast
Chicken Thigh

       ↓

Select Chicken Breast

       ↓

POST Inventory

       ↓

Saved Inventory
```

The Dashboard should consume the same canonical Ingredient system used elsewhere in the application.

## Inventory State Management

The frontend may prevent obvious duplicate Ingredient additions for better UX.

For example:

```text id=""8kq6zr""
Current Inventory:
Egg
Rice

User selects:
Egg

       ↓

Already in Inventory
```

However, frontend duplicate prevention is not sufficient for data integrity.

Conceptually:

```text id=""chf4gv""
Frontend
    │
    │ Prevent obvious duplicate
    ▼
Backend
    │
    │ Validate
    ▼
Database
    │
    │ Enforce relationship integrity
    ▼
Inventory
```

The backend/database remains authoritative for preventing duplicate Inventory relationships.

### Add Ingredient

Conceptually:

```text id=""1mz4um""
Ingredient Search
       │
       ▼
Select Ingredient
       │
       ▼
Adding...
       │
       ▼
Inventory API
       │
       ├── Success
       │      │
       │      ▼
       │  Update Inventory UI
       │
       └── Error
              │
              ▼
         Display Error
```

Do not display an Ingredient as permanently saved before the backend operation succeeds unless an intentional optimistic-update strategy with rollback is implemented.

### Remove Ingredient

Conceptually:

```text id=""e5s6t8""
Inventory Item
      │
      ▼
Remove
      │
      ▼
Removing...
      │
      ▼
Inventory API
      │
      ├── Success → Remove from UI
      │
      └── Error   → Keep/Restore Item + Show Error
```

Repeated add/remove actions should be prevented while the same logical operation is already in progress.

## Empty Inventory

A Registered User may have no saved Ingredients.

This is a valid state.

For example:

```text id=""v5nlyi""
My Ingredients

You haven't added any ingredients yet.

[ + Add Ingredient ]
```

Do not treat an empty Inventory as an application error.

The empty state should provide a clear path to adding Ingredients.

## Guest vs. Registered User

Guests should not have persistent Inventory.

```text id=""25kzpy""
Guest
  │
  └── Temporary Ingredient Selection
```

Registered Users:

```text id=""ykrqu9""
Registered User
      │
      ├── Temporary Ingredient Selection
      │
      └── Saved Inventory
              │
              ▼
        Application Database
```

The Dashboard is part of the Registered User experience.

Registered Users should still retain all Guest functionality.

Conceptually:

```text id=""1c6yl5""
Guest Features
      │
      ├── Ingredient Selection
      ├── Recommendations
      ├── Recipe Search
      └── Recipe Details


Registered User
      │
      ├── All Guest Features
      │
      ├── Dashboard
      ├── Persistent Inventory
      ├── Profile / Preferences
      └── Saved Recipes
```

## Recipe Discovery / Recommendations

The Dashboard should provide access to Recipe discovery/recommendations.

For example:

```text id=""9jjmlh""
My Ingredients
      │
      ▼
[ Find Recipes ]
      │
      ▼
Recommendation Interface
```

The Dashboard should navigate to or invoke the existing Recommendation feature according to the frontend architecture.

It should **not** implement recommendation calculations itself.

Conceptually:

```text id=""f96l88""
Dashboard
    │
    ▼
Recommendation Feature
    │
    ▼
Backend RecommendationService
```

Not:

```text id=""ej8n56""
Dashboard Component
    │
    ▼
Calculate Recipe Match Scores
```

## Profile / Preferences Integration

The Dashboard may display a summary of User preferences.

For example:

```text id=""1bntjv""
My Preferences

Diet:
Halal

Cuisine:
Korean
Vietnamese

[ Manage Profile & Preferences ]
```

The Dashboard should not implement a second complete Profile editor.

Detailed Profile/preference management belongs to the Profile feature.

Conceptually:

```text id=""whc29s""
Dashboard
   │
   └── Preference Summary
             │
             ▼
       [ Manage Profile ]
             │
             ▼
         Profile Page
```

## Authentication Integration

Full Dashboard behavior depends on Amazon Cognito authentication.

Conceptually:

```text id=""x25v4d""
Amazon Cognito
      │
      ▼
Authenticated User
      │
      ▼
apiClient
      │
      ├── userService
      └── inventoryService
              │
              ▼
           Dashboard
```

The Dashboard should consume the application's shared authentication state.

Do not implement authentication logic directly inside the Dashboard.

The basic Dashboard UI may be developed before Cognito integration is complete, but the final implementation must use the shared authentication architecture.

## Dependencies

**Blocked by:**

- Frontend: Implement Application Foundation
- Frontend: Implement Ingredient Input & Selection
- Backend: Implement User Profile & Preferences
- Backend: Implement User Inventory

Full authenticated behavior additionally depends on:

- Authentication: Integrate Amazon Cognito

Conceptually:

```text id=""xj0al2""
Application Foundation ──────────┐
                                 │
Ingredient Input & Selection ────┤
                                 │
User/Profile Backend ────────────┼──→ Registered User Dashboard
                                 │
User Inventory Backend ──────────┤
                                 │
Cognito Authentication ──────────┘
             │
             └──→ Full authenticated behavior
```

Basic Dashboard UI/component development may begin before Cognito integration is complete as long as authentication is not reimplemented locally.

## Important

The Dashboard should compose existing features rather than duplicate them.

For example:

```text id=""bd5d7f""
Dashboard
   │
   ├── User/Profile Feature
   │
   ├── Inventory Feature
   │
   ├── Ingredient Selection Feature
   │
   └── Navigation to Recommendation Feature
```

The Dashboard itself should not become a large component containing all Profile, Inventory, Ingredient Search, and Recommendation logic.

Prefer:

```text id=""1h4xjg""
DashboardPage
    │
    ├── UserSummary
    ├── InventorySection
    │       │
    │       └── IngredientSelector
    │
    ├── PreferenceSummary
    └── RecommendationCTA
```

rather than:

```text id=""9q4ytb""
DashboardPage
    │
    ├── API logic
    ├── Profile editing logic
    ├── Ingredient search logic
    ├── Inventory logic
    ├── Recommendation algorithm
    ├── Authentication logic
    └── Everything else
```

Exact component names and structure remain flexible.

## Do NOT

- Create another API client
- Call `fetch()` directly from components
- Hardcode backend URLs
- Hardcode User information
- Accept arbitrary User IDs through Dashboard services
- Allow the frontend to choose which User's Inventory to access
- Create a second Ingredient search system
- Duplicate Ingredient-selection logic unnecessarily
- Store persistent Inventory only in React state
- Store persistent Inventory only in `localStorage`
- Treat frontend duplicate prevention as authoritative
- Send one request per Ingredient merely to display Inventory
- Re-fetch User/Profile data independently from every Dashboard child component
- Re-fetch Inventory independently from every Inventory child component
- Implement recommendation calculations in the Dashboard
- Duplicate `RecommendationService`
- Implement a second Profile editor inside the Dashboard
- Create a separate authentication system
- Implement username/password authentication in React
- Treat Dashboard route protection as backend authorization
- Implement Reviews as part of this task
- Implement Shopping Lists as part of this task
- Modify unrelated frontend features
- Change API contracts without discussing it with the team

## Acceptance Criteria

### Dashboard

- [ ] Dashboard route exists
- [ ] Dashboard is intended for authenticated Registered Users
- [ ] Basic User information can be displayed
- [ ] Placeholder/default avatar is available when appropriate
- [ ] Logged-in state has a visible User indicator
- [ ] Dashboard provides navigation to Profile/Preferences
- [ ] Dashboard provides access to Recipe discovery/recommendations
- [ ] Dashboard composes existing features rather than duplicating them

### Inventory

- [ ] Saved Inventory can be retrieved
- [ ] Inventory Ingredients are displayed
- [ ] User can add an Ingredient
- [ ] User can remove an Ingredient
- [ ] Ingredient Search/Selection functionality is reused
- [ ] Duplicate Inventory selections are prevented appropriately in the UI
- [ ] Backend remains authoritative for duplicate prevention
- [ ] Empty Inventory state is handled
- [ ] Inventory state reflects backend-confirmed changes
- [ ] Failed Inventory operations do not falsely appear successful
- [ ] Duplicate add/remove submissions are prevented while operations are in progress

### State / Error Handling

- [ ] Dashboard loading state is handled
- [ ] Inventory loading state is handled
- [ ] Ingredient add state is handled
- [ ] Ingredient removal state is handled
- [ ] Empty Inventory state is handled
- [ ] User/Profile API errors are handled
- [ ] Inventory API errors are handled
- [ ] Appropriate feedback is provided after Inventory changes
- [ ] Stale Inventory state is not displayed after confirmed updates

### Security

- [ ] Dashboard requests operate on the authenticated User
- [ ] Inventory requests operate on the authenticated User
- [ ] No arbitrary User ID is used to retrieve private data
- [ ] Inventory service methods do not require arbitrary User IDs
- [ ] Backend authorization remains authoritative
- [ ] Dashboard visibility is not treated as backend authorization
- [ ] Private information is not unnecessarily persisted in browser storage
- [ ] Authentication logic is not duplicated inside Dashboard components

### Architecture

- [ ] Inventory communication uses `inventoryService`
- [ ] User/Profile communication uses `userService` where appropriate
- [ ] Services use the shared `apiClient`
- [ ] Components do not call `fetch()` directly
- [ ] Ingredient selection functionality is reused
- [ ] Dashboard does not duplicate backend recommendation logic
- [ ] Dashboard does not duplicate Profile management logic
- [ ] Dashboard components remain reasonably separated by responsibility

### Performance / Scalability

- [ ] Dashboard does not generate unnecessary repeated Profile requests
- [ ] Dashboard does not generate unnecessary repeated Inventory requests
- [ ] Dashboard child components do not independently duplicate API requests
- [ ] Inventory display does not require one API request per Ingredient
- [ ] Inventory add/remove state is updated or revalidated efficiently
- [ ] Ingredient Search reuses existing functionality and API behavior
- [ ] Component decomposition does not introduce avoidable network requests

### Quality

- [ ] `npm run lint` passes
- [ ] `npm run build` passes
- [ ] Existing Guest functionality still works
- [ ] Existing frontend functionality still works

## Before Submitting

Update the branch with the latest `main`.

Run:

```bash id=""3k7a4g""
cd frontend
npm run lint
npm run build
```

Run the development server:

```bash id=""ds86rj""
npm run dev
```

Manually test Dashboard loading:

```text id=""k3o0zt""
Sign In
→ Open Dashboard
→ Loading State
→ User Information Displayed
→ Inventory Displayed
```

Test empty Inventory:

```text id=""ct4x8w""
Sign In
→ Open Dashboard
→ No Saved Ingredients
→ Empty State Displayed
→ Add Ingredient Action Available
```

Test adding an Ingredient:

```text id=""sllkh4""
Open Dashboard
→ Search Ingredient
→ Select Canonical Ingredient
→ Add
→ Adding State
→ Backend Confirms
→ Ingredient Appears in Inventory
```

Test duplicate behavior:

```text id=""vqmpy5""
Inventory Contains Egg
→ Search Egg
→ Attempt Add
→ Duplicate Prevented/Handled
→ Only One Inventory Relationship Exists
```

Test removal:

```text id=""cx4s92""
Inventory Contains Egg
→ Remove Egg
→ Removing State
→ Backend Confirms
→ Egg Removed from Inventory
```

Test API failure:

```text id=""8ic5s2""
Attempt Inventory Change
→ API Fails
→ Error Displayed
→ UI Does Not Falsely Show Successful Persistence
```

Test navigation:

```text id=""mnh1zw""
Dashboard
→ Manage Profile & Preferences
→ Profile Page
```

```text id=""grnyxf""
Dashboard
→ Find Recipes
→ Recipe Discovery / Recommendation Feature
```

Also verify that Dashboard communication follows:

```text id=""y1xqr5""
Dashboard
    │
    ├── userService
    │
    └── inventoryService
             │
             ▼
          apiClient
             │
             ▼
        Django API
```

and not:

```text id=""i4oxma""
Dashboard Component
       │
       ▼
     fetch()
       │
       ▼
   Django API
```

Test the Dashboard and Inventory interactions against the local Django backend.

Then open a Pull Request into `main`.

**Do not push feature implementation directly to `main`.**

## Suggested Branch

`feature/frontend-dashboard`"
9,Frontend: Implement Recipe Detail Page,open,sophia-dao,,"MVP, frontend, blocked",2026-09-29T04:19:16Z,2026-09-29T17:55:29Z,,https://github.com/sophia-dao/cloud_computing_proj/issues/9,"## Goal

Implement the frontend page for displaying the complete details of a Recipe.

Users should be able to open a Recipe from search or recommendation results and view its Ingredients, instructions, image, and other available Recipe information.

This page must be accessible to both Guests and Registered Users.

The Recipe Detail page is responsible for presenting Recipe information returned by the backend. It must not reproduce backend Recipe, recommendation, filtering, or authorization logic.

## Where to Work

Frontend code is located in:

`frontend/`

Primary locations for this task:

- `frontend/src/features/recipes/` — Recipe-specific components and feature logic
- `frontend/src/services/api/recipeService.js` — Recipe API calls
- `frontend/src/pages/` — Recipe Detail page
- `frontend/src/components/common/` — only for components genuinely reusable outside the Recipe feature

Use the existing shared API client:

`frontend/src/services/api/apiClient.js`

Do not create another API client.

Relevant documentation:

- `frontend/README.md`
- `docs/api-design.md`
- `docs/system-design.md`
- `CONTRIBUTING.md`

## Tasks

### API Service

- [ ] Create `frontend/src/services/api/recipeService.js`
- [ ] Use the existing shared `apiClient`
- [ ] Implement Recipe retrieval according to `docs/api-design.md`
- [ ] Implement `getById()` for retrieving a single Recipe
- [ ] Reuse Recipe service methods from other Recipe features where appropriate
- [ ] Do not duplicate Recipe API logic inside React components

### Recipe Detail Page

- [ ] Implement the Recipe Detail page
- [ ] Configure/read the Recipe ID from the route
- [ ] Validate/handle invalid route parameters appropriately
- [ ] Retrieve only the requested Recipe from the backend
- [ ] Display Recipe name
- [ ] Display Recipe description when available
- [ ] Display Recipe image when available
- [ ] Provide appropriate fallback behavior when no Recipe image exists
- [ ] Display required Ingredients
- [ ] Display optional Ingredients appropriately
- [ ] Display Ingredient quantities when available
- [ ] Display Ingredient units when available
- [ ] Display cooking instructions in the correct order
- [ ] Display available Recipe metadata supported by the API
- [ ] Preserve the structure/order provided by the backend

### State Handling

- [ ] Handle initial loading state
- [ ] Handle Recipe API errors
- [ ] Handle Recipe-not-found state
- [ ] Distinguish a nonexistent Recipe from a general API/network failure where possible
- [ ] Avoid briefly displaying stale Recipe data when navigating between Recipe IDs
- [ ] Handle missing optional Recipe fields gracefully

### Public Access

- [ ] Ensure Guests can view Recipe details
- [ ] Ensure Recipe viewing does not require authentication
- [ ] Ensure Registered Users can view the same public Recipe information
- [ ] Do not make public Recipe retrieval dependent on authenticated User state

### Accessibility / Usability

- [ ] Use semantic headings for Recipe sections
- [ ] Use appropriate list markup for Ingredients
- [ ] Use ordered content/list markup for sequential cooking instructions where appropriate
- [ ] Provide appropriate image alternative text
- [ ] Ensure missing images do not break the page layout
- [ ] Ensure loading/error/not-found states are understandable

## Security & Scalability Requirements

### Security

- Render Recipe data through normal React rendering rather than unsafe raw HTML unless explicitly required and sanitized.
- Do not use unsafe HTML rendering for Recipe descriptions or instructions without an explicit documented requirement.
- Treat backend Recipe data as external data rather than assuming all content is inherently safe.
- Do not expose backend credentials.
- Do not expose AWS credentials.
- Do not embed secrets in Recipe media URLs or frontend source code.
- Public Recipe viewing must not accidentally expose private User information.
- Frontend visibility rules must not be treated as backend authorization.

Conceptually:

```text id=""1w6b7e""
Recipe API
    │
    ▼
Recipe Data
    │
    ▼
Normal React Rendering
    │
    ▼
Recipe Detail UI
```

Avoid:

```text id=""e62izv""
Recipe API
    │
    ▼
Raw HTML String
    │
    ▼
Unsafe HTML Injection
```

unless explicitly required by the API design and safely sanitized.

### Performance / Scalability

- Retrieve only the requested Recipe rather than downloading the full Recipe collection.
- Do not retrieve all Recipes and search for the matching ID in React.
- Avoid unnecessary repeated requests when rendering a single Recipe.
- Navigating to a Recipe should require only the API requests necessary to render that Recipe.
- Related Ingredient information required for display should be provided efficiently by the Recipe API rather than requiring one frontend request per Ingredient.
- Recipe media should be loaded from the configured media storage location.
- Recipe image/media data should not be embedded as database binary data in the frontend response.
- Do not repeatedly fetch unchanged Recipe data from multiple child components.
- Component decomposition must not introduce duplicate Recipe-detail API calls.
- Avoid loading unrelated User-specific data merely to render a public Recipe.

Conceptually, avoid:

```text id=""p72vma""
GET /api/recipes/
        │
        ▼
Download All Recipes
        │
        ▼
Find Recipe 15 in React
```

Prefer:

```text id=""zpjmc5""
GET /api/recipes/15/
        │
        ▼
Recipe 15
        │
        ▼
Recipe Detail
```

Also avoid:

```text id=""kl4eap""
GET Recipe
   │
   ├── GET Ingredient 1
   ├── GET Ingredient 2
   ├── GET Ingredient 3
   ├── GET Ingredient 4
   └── ...
```

The Recipe Detail API response should provide sufficient related information for normal rendering according to `docs/api-design.md`.

## Additional Acceptance Criteria

- [ ] Page requests only the required Recipe
- [ ] Page does not download the complete Recipe collection to display one Recipe
- [ ] Recipe content is rendered safely
- [ ] Recipe media is not embedded as database binary data
- [ ] Recipe child components do not independently duplicate Recipe-detail requests
- [ ] Ingredient display does not require one frontend API request per Ingredient
- [ ] Missing optional Recipe fields do not break the page
- [ ] Navigating between Recipe IDs does not incorrectly display stale Recipe information

## Route

Expected route:

```text id=""8uqe5q""
/recipes/:id
```

Example:

```text id=""nyvbrm""
/recipes/15
```

The page should use the route ID to retrieve:

```text id=""6m6i86""
GET /api/recipes/15/
```

Conceptually:

```text id=""jup3ae""
/recipes/15
     │
     ▼
Read Route Parameter
     │
     ▼
Recipe ID = 15
     │
     ▼
recipeService.getById(15)
     │
     ▼
GET /api/recipes/15/
     │
     ▼
Recipe Detail
```

The route parameter should be handled safely.

Invalid route values should not cause malformed API requests or application crashes.

For example:

```text id=""eq9wtx""
/recipes/invalid
       │
       ▼
Invalid / Unsupported Recipe ID
       │
       ▼
Appropriate Error / Not-Found Behavior
```

The exact behavior should follow the application's routing/API conventions.

## API Service

Create:

`frontend/src/services/api/recipeService.js`

Conceptually:

```javascript id=""on4f2p""
import { apiClient } from ""./apiClient"";

export const recipeService = {
  getAll(params) {
    return apiClient.get(""/api/recipes/"", { params });
  },

  getById(id) {
    return apiClient.get(`/api/recipes/${id}/`);
  },
};
```

Follow `docs/api-design.md` for the authoritative API contract.

The same `recipeService` should be reusable by:

```text id=""2vctqm""
Recipe Features
      │
      ├── Recipe Search / Browse
      ├── Recipe Detail
      └── Other Recipe UI
```

Do not create:

```text id=""6hlvzg""
recipeDetailService.js
recipeSearchService.js
recipeListService.js
```

if they merely duplicate the same Recipe API domain behavior.

## Data Loading

When the Recipe Detail page loads:

```text id=""7w9ukx""
Recipe Detail Route
       │
       ▼
Read Recipe ID
       │
       ▼
Loading State
       │
       ▼
Recipe API Request
       │
       ├── Success
       │      │
       │      ▼
       │  Display Recipe
       │
       ├── Not Found
       │      │
       │      ▼
       │  Not-Found State
       │
       └── Other Error
              │
              ▼
          Error State
```

Do not display hardcoded Recipe data while waiting for the actual API response in a way that could be mistaken for real Recipe information.

## Navigation Between Recipes

The page must handle route changes correctly.

For example:

```text id=""03x1gf""
/recipes/15
     │
     ▼
Recipe 15

User navigates to:

/recipes/27
     │
     ▼
Load Recipe 27
```

The page must not continue displaying Recipe 15 as though it were Recipe 27 while the new request is being processed.

If multiple Recipe requests can overlap because of rapid navigation, stale responses should not overwrite the currently requested Recipe state.

Conceptually:

```text id=""4l0l5a""
Request Recipe 15
        │
        │ User navigates quickly
        ▼
Request Recipe 27
        │
        ▼
Current Route = 27
```

A late response for Recipe 15 must not incorrectly replace Recipe 27.

Use the project's established request/state-management pattern where applicable.

## Expected Display

Conceptually:

```text id=""hyb4lq""
Chicken Fried Rice

[Recipe Image]

A quick chicken fried rice recipe.

Ingredients

Required
• 200 g Chicken Breast
• 2 cups White Rice
• 2 Eggs
• 1 tbsp Soy Sauce

Optional
• Green Onion

Instructions

1. Prepare the ingredients.
2. Cook the chicken.
3. Add the rice.
4. Add egg and soy sauce.
5. Mix and serve.
```

The exact visual design does not need to match this example.

Only display information actually provided/supported by the Recipe API.

## Ingredient Display

Ingredient information should come from the structured Recipe data returned by the backend.

Conceptually:

```text id=""nw8kmt""
Recipe
   │
   └── RecipeIngredient
           │
           ├── Ingredient
           ├── Quantity
           ├── Unit
           └── Optional / Required
```

The frontend should present this information rather than attempting to reconstruct Recipe Ingredient relationships independently.

For example:

```text id=""un5z2n""
Ingredient: Chicken Breast
Quantity:   200
Unit:       g
Optional:   No

        ↓

200 g Chicken Breast
```

If quantity or unit is optional/missing according to the data model, the page should handle that gracefully rather than displaying malformed text such as:

```text id=""9gtbva""
null null Chicken Breast
```

## Instructions

Cooking instructions should be displayed in the order supplied by the backend/API.

Conceptually:

```text id=""28a9sw""
Instructions

1. Prepare ingredients.
2. Heat the pan.
3. Cook the chicken.
4. Add the rice.
5. Serve.
```

The frontend should not reorder or infer cooking steps independently.

If the API provides structured steps, preserve that structure.

## Recipe Image / Media

If a Recipe has an image:

```text id=""qntgy3""
Recipe API
    │
    ▼
Image URL / Media Reference
    │
    ▼
Configured Media Storage
    │
    ▼
Recipe Detail Page
```

The frontend should render the configured Recipe image.

If no image exists, use appropriate fallback behavior.

For example:

```text id=""xfbx64""
Recipe Has Image
      │
      ├── Yes → Display Image
      │
      └── No  → Placeholder / No Image State
```

Do not:

- Store image binary data directly in frontend source code
- Assume every Recipe has an image
- Break the page when an image is missing
- Expose private storage credentials in image URLs

## Recipe Metadata

Display available metadata supported by the API where appropriate.

Examples may include:

```text id=""srd7kj""
Cuisine
Dietary Tags
Cooking Time
Difficulty
Cost Classification
Other Recipe Tags
```

The exact metadata must follow the Recipe/database/API design.

Do not invent classifications from Recipe text.

For example, do not implement:

```javascript id=""k94d3q""
if (recipe.description.includes(""Korean"")) {
  cuisine = ""Korean"";
}
```

Structured Recipe metadata from the backend should remain authoritative.

## Error Handling

### Recipe Not Found

For a nonexistent Recipe:

```text id=""y77g4g""
/recipes/999999
       │
       ▼
GET /api/recipes/999999/
       │
       ▼
404
       │
       ▼
Recipe Not Found
```

Display an appropriate not-found state.

For example:

```text id=""q6sc51""
Recipe Not Found

The recipe you're looking for could not be found.

[ Back to Recipes ]
```

### General API Error

A server/network failure should not automatically be presented as though the Recipe does not exist.

Conceptually:

```text id=""v6v1pj""
404
 ↓
Recipe Not Found
```

versus:

```text id=""c8udak""
Network / Server Error
 ↓
Unable to Load Recipe
```

Handle these states separately where the API/client provides enough information to distinguish them.

## Guest and Registered User Behavior

Recipe viewing is public functionality.

```text id=""4x7z5c""
Guest ───────────────┐
                     ├──→ Recipe Detail
Registered User ─────┘
```

Authentication should not be required simply to view a Recipe.

Registered Users may eventually receive additional Recipe actions:

```text id=""3zggf4""
Recipe Detail
      │
      ├── Public Recipe Information
      │
      └── Registered User Actions
              │
              ├── Save Recipe
              └── Future Account Features
```

Those account-specific features should be integrated through their own assigned issues.

## Saved Recipes Integration

Saved Recipe functionality is **not** implemented as part of this task.

However, the Recipe Detail architecture should allow the Saved Recipes feature to later add a save/unsave control without requiring the Recipe Detail page to be redesigned.

Conceptually:

```text id=""afq2wi""
Recipe Detail
      │
      ├── Recipe Information
      │
      └── [ Save Recipe ]     ← later feature
```

Issue #9 should not independently implement Saved Recipe persistence.

When Saved Recipes is implemented later, it should use its documented authenticated API behavior rather than storing saved state locally in the Recipe Detail feature.

## Search / Recommendation Integration

Users may reach Recipe Detail from multiple features.

For example:

```text id=""2zt7u2""
Recipe Search
     │
     ▼
Recipe Result
     │
     ▼
/recipes/15
```

or:

```text id=""vbsgdl""
Recommendation Results
         │
         ▼
Recommended Recipe
         │
         ▼
/recipes/15
```

Recipe Detail should not care how the Recipe was discovered.

It should use the Recipe ID from the route and retrieve the canonical Recipe from the Recipe API.

Conceptually:

```text id=""o53xep""
Search ───────────────┐
                      │
Recommendations ──────┼──→ /recipes/:id
                      │
Direct URL ───────────┘
                             │
                             ▼
                       Recipe API
```

This keeps Recipe presentation independent from Recipe discovery logic.

## Dependencies

**Blocked by:**

- Frontend: Implement Application Foundation
- Backend: Implement Recipe Models & API

Conceptually:

```text id=""8y2vnb""
Recipe Models & API ───────┐
                           ├──→ Recipe Detail Page
Application Foundation ────┘
```

This task does **not** need to wait for:

- Recommendation Engine
- Recipe Search & Filtering
- Saved Recipes
- Reviews
- Shopping Lists
- Amazon Cognito

because public Recipe Detail viewing can operate independently once the Recipe API and frontend foundation exist.

Other features can later link to the Recipe Detail route.

## Important

The Recipe Detail page is responsible for **presenting Recipe information returned by the backend**.

It should not reproduce backend business logic.

Conceptually:

```text id=""84ebck""
Backend Recipe API
       │
       ▼
Canonical Recipe Data
       │
       ▼
recipeService
       │
       ▼
Recipe Detail Feature
       │
       ▼
Presentation
```

Not:

```text id=""7bkyfu""
Recipe Detail
     │
     ├── Recommendation Logic
     ├── Dietary Classification Logic
     ├── Allergy Detection
     ├── Recipe Matching
     └── Ingredient Database Logic
```

## Do NOT

- Create a second API client
- Call `fetch()` directly from components
- Hardcode backend URLs
- Hardcode Recipe data as a substitute for the API
- Download all Recipes just to display one Recipe
- Issue one API request per Ingredient when the Recipe API provides related Ingredient data
- Re-fetch the same Recipe independently from multiple child components
- Render unsanitized raw HTML
- Assume every Recipe has an image
- Assume every Ingredient has both quantity and unit
- Infer Recipe classifications from Recipe descriptions
- Calculate recommendation scores
- Implement Recipe matching
- Implement recommendation logic
- Implement Allergy detection/filtering
- Require authentication to view a Recipe
- Implement Saved Recipe persistence as part of this task
- Implement Reviews as part of this task
- Implement Shopping Lists as part of this task
- Implement AI-generated Recipes
- Implement Recipe editing/creation unless separately assigned
- Modify unrelated frontend features
- Change shared API contracts without discussing it with the team

## Acceptance Criteria

### Functional

- [ ] `/recipes/:id` displays the corresponding Recipe
- [ ] Recipe information comes from the backend API
- [ ] Recipe name is displayed
- [ ] Recipe description is displayed when available
- [ ] Recipe Ingredients are displayed
- [ ] Ingredient quantities are displayed when available
- [ ] Ingredient units are displayed when available
- [ ] Required and optional Ingredients can be distinguished
- [ ] Cooking instructions are displayed
- [ ] Cooking instructions preserve the backend-defined order
- [ ] Recipe image is displayed when available
- [ ] Missing Recipe image is handled gracefully
- [ ] Supported Recipe metadata is displayed where appropriate
- [ ] Guests can view Recipe details
- [ ] Registered Users can view Recipe details

### State / Error Handling

- [ ] Loading state is handled
- [ ] API errors are handled
- [ ] Missing/nonexistent Recipes are handled
- [ ] Recipe-not-found state is distinguishable from general API failure where possible
- [ ] Missing optional Recipe fields do not break rendering
- [ ] Invalid route parameters do not crash the application
- [ ] Navigating between Recipe IDs does not incorrectly display stale Recipe data
- [ ] Late/stale API responses do not overwrite the currently requested Recipe where applicable

### Security

- [ ] Recipe content is rendered through safe React rendering
- [ ] Unsanitized raw HTML is not rendered
- [ ] Backend/AWS credentials are not exposed
- [ ] Public Recipe data does not expose private User information
- [ ] Authentication is not unnecessarily required for public Recipe viewing

### Architecture

- [ ] API communication uses `recipeService`
- [ ] `recipeService` uses the shared `apiClient`
- [ ] Components do not call `fetch()` directly
- [ ] Recipe API logic is not duplicated across child components
- [ ] Recipe Detail does not duplicate Recommendation logic
- [ ] Recipe Detail does not duplicate Recipe Search logic
- [ ] Recipe Detail remains compatible with later Saved Recipe integration

### Performance / Scalability

- [ ] Page requests only the required Recipe
- [ ] Page does not download the full Recipe collection to display one Recipe
- [ ] Recipe child components do not introduce duplicate Recipe-detail requests
- [ ] Ingredient display does not require one frontend request per Ingredient
- [ ] Recipe media loads from the configured media location
- [ ] Recipe media is not embedded as database binary data
- [ ] Unrelated authenticated User data is not required to render a public Recipe
- [ ] Recipe-detail request behavior is suitable for later performance/load testing

### Accessibility / Quality

- [ ] Recipe image has appropriate alternative text
- [ ] Ingredient sections use understandable semantic structure
- [ ] Sequential instructions use appropriate ordered structure
- [ ] Loading/error/not-found states are understandable
- [ ] `npm run lint` passes
- [ ] `npm run build` passes
- [ ] Existing frontend functionality still works

## Before Submitting

Update the branch with the latest `main`.

Run:

```bash id=""6uql96""
cd frontend
npm run lint
npm run build
```

Run the development server:

```bash id=""dlqymh""
npm run dev
```

Test a valid Recipe:

```text id=""mh2u1w""
/recipes/15
     │
     ▼
Loading
     │
     ▼
Recipe Retrieved
     │
     ▼
Name / Image / Ingredients /
Instructions / Metadata Displayed
```

Test a Recipe without optional data:

```text id=""cn5ivj""
Recipe Without Image / Description /
Optional Ingredients / Some Metadata
       │
       ▼
Page Still Renders Correctly
```

Test an invalid/nonexistent Recipe:

```text id=""lv6c02""
/recipes/999999
       │
       ▼
Recipe Not Found
```

Test an invalid route value:

```text id=""o4wz6u""
/recipes/invalid
       │
       ▼
Handled Gracefully
```

Test Guest access:

```text id=""x9goyj""
Not Signed In
→ Open /recipes/15
→ Recipe Detail Loads
```

Test navigation between Recipes:

```text id=""84aqps""
Open Recipe 15
→ Navigate to Recipe 27
→ Loading/Transition Handled
→ Recipe 27 Displayed
→ Recipe 15 Does Not Remain as Current Content
```

Verify API communication follows:

```text id=""dr5dtw""
RecipeDetailPage
       │
       ▼
recipeService
       │
       ▼
apiClient
       │
       ▼
GET /api/recipes/:id/
```

and not:

```text id=""w04ozv""
RecipeDetailPage
       │
       ▼
fetch()
       │
       ▼
Backend
```

Test multiple Recipe IDs against the local Django backend.

Then open a Pull Request into `main`.

**Do not push feature implementation directly to `main`.**

## Suggested Branch

`feature/frontend-recipe-detail`"
8,Frontend: Implement Recipe Search & Recommendation Results,open,sophia-dao,,"MVP, frontend, blocked",2026-09-29T04:16:44Z,2026-09-29T17:58:10Z,,https://github.com/sophia-dao/cloud_computing_proj/issues/8,"## Goal

Implement the frontend interface for requesting and displaying Recipe recommendations based on the user's selected Ingredients.

The frontend must support both recommendation modes:

- `AVAILABLE_ONLY` — Recipes the user can make using only Ingredients they currently have
- `PARTIAL_MATCH` — Recipes that use some available Ingredients but may require additional Ingredients

The backend Recommendation Service remains responsible for:

- Determining Recipe matches
- Calculating match scores
- Determining missing Ingredients
- Applying supported dietary preferences
- Applying Allergy exclusions
- Ordering/ranking Recommendation results according to backend rules

The frontend is responsible for collecting the User's selected canonical Ingredient IDs and recommendation mode, sending the request, and presenting the returned results.

This functionality must support both Guests and Registered Users.

## Where to Work

Frontend code is located in:

`frontend/`

Primary locations for this task:

- `frontend/src/features/recommendations/` — Recommendation UI and feature logic
- `frontend/src/features/recipes/` — Recipe-related presentation components
- `frontend/src/services/api/recommendationService.js` — Recommendation API calls
- `frontend/src/pages/` — Recipe discovery/recommendation results page
- `frontend/src/components/common/` — only for genuinely reusable components

Use the existing shared API client:

`frontend/src/services/api/apiClient.js`

Do not create another API client.

Relevant documentation:

- `frontend/README.md`
- `docs/api-design.md`
- `docs/system-design.md`
- `CONTRIBUTING.md`

## Tasks

### API Service

- [ ] Create `frontend/src/services/api/recommendationService.js`
- [ ] Use the existing shared `apiClient`
- [ ] Implement Recommendation requests according to `docs/api-design.md`
- [ ] Send canonical Ingredient IDs
- [ ] Send the selected Recommendation mode
- [ ] Handle backend validation/API errors
- [ ] Keep Recommendation API logic outside React presentation components

### Recommendation Input

- [ ] Integrate selected canonical Ingredient IDs with Recommendation requests
- [ ] Reuse the existing Ingredient Input & Selection functionality
- [ ] Prevent duplicate Ingredient IDs from being submitted where practical
- [ ] Allow the User to select `AVAILABLE_ONLY`
- [ ] Allow the User to select `PARTIAL_MATCH`
- [ ] Make the difference between Recommendation modes understandable
- [ ] Handle the case where no Ingredients are selected according to `docs/api-design.md`
- [ ] Do not infer Ingredient IDs from display names

### Recommendation Request

- [ ] Send Recommendation requests to the backend
- [ ] Prevent accidental duplicate submissions while a request is already in progress
- [ ] Handle slower network responses appropriately
- [ ] Handle overlapping/stale Recommendation requests correctly
- [ ] Do not display stale results as though they belong to a newer Ingredient/mode selection
- [ ] Preserve appropriate User input when a Recommendation request fails

### Recommendation Results

- [ ] Create the Recipe discovery/results page
- [ ] Display returned Recipes
- [ ] Display Recipe name
- [ ] Display Recipe image where available
- [ ] Display backend-provided match information
- [ ] Display backend-provided match score where applicable
- [ ] Display available/matched Ingredient information where provided
- [ ] Display missing Ingredients for partial matches
- [ ] Preserve backend-provided result ordering
- [ ] Create a reusable Recipe result/card component
- [ ] Allow Users to navigate from a result to the Recipe Detail page
- [ ] Handle missing optional Recipe/result fields gracefully

### UI State

- [ ] Handle initial/default state
- [ ] Handle Recommendation loading state
- [ ] Handle no-results state
- [ ] Handle API error state
- [ ] Handle validation errors
- [ ] Handle delayed responses
- [ ] Prevent stale results from replacing newer results
- [ ] Ensure Guests can use Recipe recommendations

## Security & Scalability Requirements

### Security

- Do not treat frontend filtering as authoritative security.
- Do not treat frontend Allergy handling as authoritative.
- Recommendation/filter results must come from backend rules.
- Dietary and Allergy restrictions applied to Recommendation results must remain backend-controlled.
- Do not calculate whether a Recipe is safe for a User based only on frontend data.
- Do not expose backend or AWS credentials.
- Do not expose private Registered User data through Guest Recommendation requests.
- Guest Recommendation requests must not require or accept another User's identity.
- Registered User identity, when applicable, must come from authenticated context rather than arbitrary frontend User IDs.
- Backend validation remains authoritative for Ingredient IDs, Recommendation modes, and other request parameters.

Conceptually:

```text id=""o7q4tu""
Frontend
   │
   │ Selected Ingredient IDs
   │ Recommendation Mode
   ▼
Recommendation API
   │
   │ Validation
   │ Matching
   │ Preferences
   │ Allergy Rules
   │ Match Score
   ▼
Recommendation Results
   │
   ▼
Frontend Presentation
```

Not:

```text id=""j43qzo""
Frontend
   │
   ├── Recipe Matching
   ├── Match Score Calculation
   ├── Allergy Detection
   └── Dietary Validation
```

### Performance / Scalability

- Do not download the complete Recipe database and perform Recommendation matching in React.
- Recommendation calculations must execute on the backend.
- Use paginated/backend-provided results where supported by `docs/api-design.md`.
- Avoid unnecessary duplicate Recommendation API requests.
- Prevent repeated submissions while an identical request is already in progress where practical.
- Loading and error states must remain usable under slower network conditions.
- Recommendation child components must not independently re-request the same Recommendation data.
- Result cards must render the data returned by the Recommendation API rather than issuing one additional API request per Recipe.
- Missing Ingredient information should be returned with Recommendation results where required rather than retrieved through one API request per Ingredient.
- Recipe images should use configured media URLs/references rather than database binary data.
- Result rendering should scale with the returned/paginated result set rather than the entire Recipe database.
- Changing UI presentation should not require rerunning Recommendation calculations locally.

Conceptually, avoid:

```text id=""q37s8n""
Frontend
   │
   ▼
GET Every Recipe
   │
   ▼
GET Every Ingredient
   │
   ▼
Calculate Matches
   │
   ▼
Sort Results
```

Prefer:

```text id=""95otfm""
Selected Ingredients + Mode
          │
          ▼
POST /api/recommendations/
          │
          ▼
Backend RecommendationService
          │
          ▼
Paginated / Bounded Results
          │
          ▼
Frontend Presentation
```

Also avoid:

```text id=""zm7jvw""
Recommendation Results
      │
      ├── Recipe 1 → GET Recipe 1
      ├── Recipe 2 → GET Recipe 2
      ├── Recipe 3 → GET Recipe 3
      └── ...
```

The Recommendation response should provide sufficient data for normal result-card rendering according to `docs/api-design.md`.

## Additional Acceptance Criteria

- [ ] Recipe matching remains backend-controlled
- [ ] Match score calculation remains backend-controlled
- [ ] Missing Ingredient determination remains backend-controlled
- [ ] Dietary/Allergy Recommendation filtering remains backend-controlled
- [ ] Frontend does not download all Recipes for local matching
- [ ] Duplicate/unnecessary Recommendation requests are avoided
- [ ] UI handles delayed API responses correctly
- [ ] Stale Recommendation responses do not overwrite newer results
- [ ] Result cards do not require one additional Recipe API request per result
- [ ] Recommendation child components do not duplicate Recommendation requests
- [ ] Canonical Ingredient IDs are used in Recommendation requests

## Expected User Flow

```text id=""t1h5fp""
Selected Ingredients

Egg
Cabbage
Soy Sauce
Kimchi
        │
        ▼
Choose Matching Mode
        │
        ├── AVAILABLE_ONLY
        │
        └── PARTIAL_MATCH
        │
        ▼
Find Recipes
        │
        ▼
Recommendation API
        │
        ▼
Backend RecommendationService
        │
        ▼
Recipe Results
```

Example result:

```text id=""3e9sq8""
Kimchi Egg Rice

Match: 75%

You have:
✓ Egg
✓ Kimchi
✓ Soy Sauce

Missing:
• Rice

[ View Recipe ]
```

For `AVAILABLE_ONLY`, returned Recipes should not require missing required Ingredients according to backend Recommendation rules.

The frontend must not independently verify or recalculate this condition.

## API

Use:

```text id=""gw8m61""
POST /api/recommendations/
```

Conceptual request:

```json id=""c16wm2""
{
  ""ingredient_ids"": [1, 5, 8, 12],
  ""mode"": ""PARTIAL_MATCH""
}
```

Create:

`frontend/src/services/api/recommendationService.js`

Conceptually:

```javascript id=""pvjq01""
import { apiClient } from ""./apiClient"";

export const recommendationService = {
  getRecommendations(ingredientIds, mode) {
    return apiClient.post(""/api/recommendations/"", {
      ingredient_ids: ingredientIds,
      mode,
    });
  },
};
```

Follow `docs/api-design.md` for the authoritative API contract.

Do not independently modify:

- Request field names
- Mode values
- Pagination format
- Match-score format
- Result structure
- Missing-Ingredient structure

without coordinating the shared API contract.

## Request Data

Recommendation requests must use canonical Ingredient IDs produced by the Ingredient Selection feature.

Conceptually:

```text id=""3s0hz9""
Ingredient Search
       │
       ▼
""Chicken Breast""
       │
       ▼
Canonical Ingredient
ID: 15
       │
       ▼
Recommendation Request
ingredient_ids: [15]
```

Do not send arbitrary Ingredient display strings when the API expects canonical IDs.

Avoid:

```json id=""bf8r1j""
{
  ""ingredients"": [
    ""some chicken"",
    ""rice maybe"",
    ""egg""
  ]
}
```

when the documented API expects:

```json id=""d2p7kn""
{
  ""ingredient_ids"": [15, 27, 31]
}
```

The frontend should not create its own Ingredient identity system.

## Matching Modes

The UI should make the difference between the two modes understandable.

### Available Only

Show Recipes whose required Ingredients are all available according to backend Recommendation logic.

Conceptually:

```text id=""mpm4n1""
AVAILABLE_ONLY

""I only want recipes I can make
with what I have.""
```

Example:

```text id=""z1gh7s""
Available:
Egg
Rice
Soy Sauce

Recipe requires:
Egg
Rice
Soy Sauce

        ↓

Match
```

If the Recipe requires another required Ingredient:

```text id=""p6d4ua""
Available:
Egg
Rice
Soy Sauce

Recipe requires:
Egg
Rice
Soy Sauce
Chicken

        ↓

Not AVAILABLE_ONLY
```

The backend determines this result.

### Partial Match

Show Recipes that use some available Ingredients but may require additional Ingredients.

Conceptually:

```text id=""1qlgpg""
PARTIAL_MATCH

""Show recipes I can almost make.""
```

Example:

```text id=""a1gqzq""
Available:
Egg
Rice
Soy Sauce

Recipe requires:
Egg
Rice
Soy Sauce
Chicken

        ↓

Partial Match

Missing:
Chicken
```

The backend determines:

- Whether the Recipe qualifies
- Which Ingredients match
- Which required Ingredients are missing
- The match score
- Result ordering

The frontend only selects the mode and displays the returned result.

## Match Information

The frontend must use match information returned by the Recommendation API.

For example:

```text id=""jmhcr8""
Backend Response

Recipe
├── Match Score: 75%
├── Matched Ingredients
│   ├── Egg
│   ├── Kimchi
│   └── Soy Sauce
└── Missing Ingredients
    └── Rice
```

The frontend may render:

```text id=""4yvbno""
Match: 75%

You Have:
✓ Egg
✓ Kimchi
✓ Soy Sauce

Missing:
• Rice
```

Do not calculate:

```javascript id=""cc15h5""
matchScore =
  matchedIngredients.length /
  recipeIngredients.length;
```

The backend Recommendation Service defines match semantics.

## Result Ordering

Recommendation results should be displayed in the order returned by the backend unless `docs/api-design.md` explicitly defines client-controlled sorting.

Conceptually:

```text id=""e36i3k""
RecommendationService
        │
        ▼
1. Recipe A — 90%
2. Recipe B — 80%
3. Recipe C — 65%
        │
        ▼
Frontend
        │
        ▼
Same Result Ordering
```

Do not independently rerank Recommendation results based on a frontend-defined formula.

## Recommendation Request State

When the User requests Recommendations:

```text id=""v9o5h3""
Selected Ingredients
       +
Selected Mode
       │
       ▼
[ Find Recipes ]
       │
       ▼
Loading
       │
       ▼
Recommendation API
       │
       ├── Success
       │      │
       │      ▼
       │  Display Results
       │
       ├── No Results
       │      │
       │      ▼
       │  No-Results State
       │
       └── Error
              │
              ▼
          Error State
```

Do not clear the User's Ingredient selection simply because the Recommendation request fails.

## Stale / Overlapping Requests

The frontend must handle rapid changes correctly.

For example:

```text id=""v7hmlb""
Request A:
Egg + Rice
PARTIAL_MATCH

        │
        │ User changes selection quickly
        ▼

Request B:
Egg + Rice + Chicken
AVAILABLE_ONLY
```

If Request A finishes after Request B:

```text id=""44m4vp""
Request B completes
        ↓
Display B Results

Request A completes late
        ↓
Must NOT replace B Results
```

The displayed Recommendations must correspond to the current logical request.

Use the project's established request/state-management approach where applicable.

## Duplicate Submissions

While an identical Recommendation request is already being processed, the UI should prevent accidental repeated submissions where practical.

Conceptually:

```text id=""gxcs89""
[ Find Recipes ]
       │
       ▼
Request In Progress
       │
       ▼
Repeated Click
       │
       ▼
No Unnecessary Duplicate Request
```

This is primarily a frontend UX/performance protection.

Backend APIs must still remain robust to repeated requests.

## No-Results State

A valid Recommendation request may return no matching Recipes.

This is not necessarily an API error.

For example:

```text id=""r1bmxk""
No matching recipes found.

Try:
• Adding more ingredients
• Using PARTIAL_MATCH
• Adjusting your selections
```

The exact wording/design remains flexible.

Do not display a server error when the backend successfully returns an empty result set.

## Guest and Registered User Behavior

Guests must be able to request Recommendations using temporary Ingredient selections.

```text id=""px8l49""
Guest
  │
  ▼
Temporary Ingredient Selection
  │
  ▼
Recommendation UI
  │
  ▼
Recommendation API
```

Authentication must not be required for Guest Recommendation requests unless the documented API contract explicitly requires authentication for a separate User-specific behavior.

Registered Users will eventually also be able to use saved Inventory:

```text id=""9ez2uk""
Registered User
      │
      ├── Temporary Ingredient Selection
      │
      └── Saved Inventory
              │
              ▼
      Recommendation UI
              │
              ▼
      Recommendation API
```

Both flows should ultimately use the same Recommendation interface and backend Recommendation Service.

Do not create separate Recommendation algorithms for Guests and Registered Users.

## Future Inventory Integration

Saved Inventory integration is not the primary responsibility of this task.

However, the Recommendation interface should accept canonical Ingredient selections in a way that allows saved Inventory to later populate or contribute to those selections.

Conceptually:

```text id=""wih74j""
Guest Selection ─────────────┐
                             │
Saved Inventory ─────────────┼──→ Canonical Ingredient IDs
                             │
Manual Registered Selection ─┘
                                      │
                                      ▼
                           Recommendation Request
```

The Recommendation feature should not need a separate matching implementation when Inventory support is added.

## Recipe Result Component

Create a reusable Recipe result/card component within the Recipe feature where appropriate.

Conceptually:

```text id=""nnf6r2""
RecipeResultCard
├── Recipe Image
├── Recipe Name
├── Match Information
├── Missing Ingredients
└── View Recipe
```

The exact component structure and name remain flexible.

The component should receive Recipe/Recommendation result data rather than independently retrieving the Recipe again.

Prefer:

```text id=""o6ot90""
Recommendation Results
        │
        ▼
Recipe Result Data
        │
        ▼
RecipeResultCard
```

Not:

```text id=""5yhz31""
Recommendation Results
        │
        ▼
Recipe ID
        │
        ▼
RecipeResultCard
        │
        ▼
GET /api/recipes/:id/
```

for every result.

## Recipe Detail Navigation

Users should be able to open the canonical Recipe Detail page from Recommendation results.

Conceptually:

```text id=""nssggh""
Recommendation Result

Kimchi Egg Rice

[ View Recipe ]
       │
       ▼
/recipes/15
       │
       ▼
Recipe Detail Page
```

The Recommendation feature should link to the existing Recipe Detail route rather than creating a second Recipe Detail implementation.

## Dependencies

**Blocked by:**

- Frontend: Implement Application Foundation
- Frontend: Implement Ingredient Input & Selection
- Backend: Implement Recipe Models & API
- Backend: Implement Recommendation Engine

Conceptually:

```text id=""9y8tkt""
Application Foundation ──────┐
                             │
Ingredient Selection ────────┤
                             │
Recipe API ──────────────────┼──→ Recommendation Results UI
                             │
Recommendation API ──────────┘
```

Recipe Detail navigation additionally benefits from:

- Frontend: Implement Recipe Detail Page

The Recommendation UI itself does not need to recreate Recipe Detail functionality if that page is not yet complete.

Do not recreate Recommendation logic in the frontend while waiting for the backend.

## Important

The backend is the authoritative source for:

- Recipe matching
- Match scores
- Matched Ingredients
- Missing Ingredients
- Dietary filtering
- Allergy filtering
- Recommendation result ordering/ranking

The frontend is responsible for:

- Ingredient selection
- Recommendation mode selection
- Sending the Recommendation request
- Loading/error/no-results states
- Presenting backend results
- Navigation to Recipe Detail

Conceptually:

```text id=""7rv9uw""
React
  │
  │ Selected Ingredient IDs
  │ Mode
  ▼
Recommendation API
  │
  ▼
Backend RecommendationService
  │
  ├── Match Recipes
  ├── Calculate Scores
  ├── Determine Missing Ingredients
  ├── Apply Preferences
  ├── Apply Allergy Rules
  └── Rank Results
  │
  ▼
Recommendation Results
  │
  ▼
React Presentation
```

## Do NOT

- Calculate Recipe matches in React
- Calculate match scores in React
- Determine missing Ingredients independently in React
- Independently rerank Recommendation results
- Duplicate the backend Recommendation algorithm
- Download the complete Recipe database for local matching
- Issue one Recipe API request per Recommendation result merely to render result cards
- Issue one Ingredient API request per missing Ingredient merely to render results
- Create a second Ingredient-selection implementation
- Send arbitrary Ingredient strings when canonical IDs are required
- Create a second API client
- Call `fetch()` directly from components
- Hardcode backend URLs
- Hardcode Recipe data as a substitute for the API
- Treat frontend Allergy filtering as authoritative
- Treat frontend dietary filtering as authoritative
- Require authentication for Guest Recommendations
- Accept arbitrary User IDs for Recommendation requests
- Create separate Recommendation algorithms for Guests and Registered Users
- Implement AI Recommendations
- Implement Saved Inventory persistence as part of this task
- Implement Shopping Lists as part of this task
- Implement Reviews as part of this task
- Modify unrelated frontend features
- Change the API contract without discussing it with the team

## Acceptance Criteria

### Functional

- [ ] User can request Recipe Recommendations
- [ ] Selected canonical Ingredient IDs are sent to the backend
- [ ] Duplicate Ingredient IDs are not unnecessarily submitted
- [ ] User can choose `AVAILABLE_ONLY`
- [ ] User can choose `PARTIAL_MATCH`
- [ ] Difference between the two modes is understandable
- [ ] Recommendation results are displayed
- [ ] Recipe names are displayed
- [ ] Recipe images are displayed when available
- [ ] Backend-provided match information is displayed
- [ ] Backend-provided match scores are displayed where applicable
- [ ] Missing Ingredients are displayed when applicable
- [ ] Results preserve backend-provided ordering
- [ ] Results can link to Recipe Detail
- [ ] Guest Users can request Recommendations

### State / Error Handling

- [ ] Initial/default state is handled
- [ ] Loading state is handled
- [ ] No-results state is handled
- [ ] API errors are handled
- [ ] Backend validation errors are handled
- [ ] User Ingredient selections are not unnecessarily lost after an API failure
- [ ] Duplicate submissions are prevented while the same request is in progress where practical
- [ ] Delayed API responses are handled correctly
- [ ] Stale responses do not overwrite newer Recommendation results
- [ ] Missing optional result data does not break rendering

### Security / Data Correctness

- [ ] Recipe matching remains backend-controlled
- [ ] Match score calculation remains backend-controlled
- [ ] Missing Ingredient determination remains backend-controlled
- [ ] Dietary filtering remains backend-controlled
- [ ] Allergy filtering remains backend-controlled
- [ ] Frontend does not independently determine Recipe safety
- [ ] Guest Recommendation requests do not expose another User's private data
- [ ] Recommendation requests do not accept arbitrary User identity from the UI

### Architecture

- [ ] API communication uses `recommendationService`
- [ ] `recommendationService` uses the shared `apiClient`
- [ ] Components do not call `fetch()` directly
- [ ] Existing Ingredient Selection functionality is reused
- [ ] Recommendation calculations are not duplicated in React
- [ ] Recipe result/card components do not independently refetch Recipe data
- [ ] Recipe Detail navigation reuses the canonical `/recipes/:id` route
- [ ] Guest and Registered User flows use the same backend Recommendation Service

### Performance / Scalability

- [ ] Frontend does not download all Recipes for local Recommendation matching
- [ ] Frontend does not perform Recommendation scoring locally
- [ ] Duplicate/unnecessary Recommendation requests are avoided
- [ ] Recommendation child components do not duplicate Recommendation requests
- [ ] Result cards do not require one additional Recipe API request per result
- [ ] Missing Ingredient display does not require one API request per Ingredient
- [ ] Paginated/backend-bounded results are supported where defined by the API
- [ ] UI remains usable under delayed/slower API responses
- [ ] Recommendation request behavior is suitable for later load/performance testing

### Quality

- [ ] `npm run lint` passes
- [ ] `npm run build` passes
- [ ] Existing Guest functionality still works
- [ ] Existing frontend functionality still works

## Before Submitting

Update your branch with the latest `main`.

Run:

```bash id=""tz01ub""
cd frontend
npm run lint
npm run build
```

Run the development server:

```bash id=""35ap3f""
npm run dev
```

Test `AVAILABLE_ONLY`:

```text id=""3v8yg5""
Select Ingredients
→ Select AVAILABLE_ONLY
→ Find Recipes
→ Loading State
→ Results Returned
→ No Missing Required Ingredients According to Backend Results
```

Test `PARTIAL_MATCH`:

```text id=""85d3tf""
Select Ingredients
→ Select PARTIAL_MATCH
→ Find Recipes
→ Loading State
→ Results Returned
→ Match Information Displayed
→ Missing Ingredients Displayed
```

Test Guest behavior:

```text id=""oqg6mn""
Not Signed In
→ Select Temporary Ingredients
→ Choose Recommendation Mode
→ Find Recipes
→ Results Returned
```

Test no-results behavior:

```text id=""gbfh0n""
Select Ingredients / Mode
→ Find Recipes
→ Backend Returns Empty Result Set
→ No-Results State Displayed
```

Test API failure:

```text id=""dqydrm""
Select Ingredients
→ Find Recipes
→ API Fails
→ Error Displayed
→ Ingredient Selection Preserved
→ No False Results Displayed
```

Test duplicate submission handling:

```text id=""acsskm""
Select Ingredients
→ Find Recipes
→ Request In Progress
→ Repeated Click
→ No Unnecessary Duplicate Request
```

Test stale request handling:

```text id=""xuvgtu""
Request A
→ Change Ingredients / Mode
→ Request B
→ Request B Completes
→ Request A Completes Later
→ Request B Results Remain Current
```

Test Recipe navigation:

```text id=""p1rjfb""
Recommendation Results
→ Select View Recipe
→ /recipes/:id
→ Recipe Detail Page
```

Verify API communication follows:

```text id=""duvbfg""
Recommendation UI
       │
       ▼
recommendationService
       │
       ▼
apiClient
       │
       ▼
POST /api/recommendations/
```

and not:

```text id=""x5m3xc""
Recommendation Component
       │
       ▼
fetch()
       │
       ▼
Backend
```

Then open a Pull Request into `main`.

**Do not push feature implementation directly to `main`.**

## Suggested Branch

`feature/frontend-recommendations`"
7,Frontend: Implement Ingredient Input & Selection,open,sophia-dao,,"MVP, frontend, blocked",2026-09-29T04:15:36Z,2026-09-29T17:59:40Z,,https://github.com/sophia-dao/cloud_computing_proj/issues/7,"## Goal

Implement the frontend interface that allows users to search for and select the Ingredients they currently have.

This interface must work for both:

- Guests using temporary Ingredient selections
- Registered Users selecting Ingredients for Inventory and/or Recommendation workflows

The component must use canonical Ingredient data provided by the backend rather than allowing arbitrary Ingredient strings to become application Ingredients.

This feature is responsible for:

- Ingredient search
- Displaying canonical Ingredient results
- Ingredient selection/removal
- Maintaining temporary selected-Ingredient state
- Providing canonical Ingredient IDs to consuming features

This feature is **not** responsible for:

- Persisting User Inventory
- Recipe matching
- Recommendation scoring
- Ingredient normalization
- Creating new canonical Ingredients

## Where to Work

Frontend code is located in:

`frontend/`

Primary locations for this task:

- `frontend/src/features/ingredients/` — Ingredient-specific UI and feature logic
- `frontend/src/services/api/ingredientService.js` — Ingredient API calls
- `frontend/src/components/` — only for components genuinely reusable outside the Ingredient feature

Use the existing shared API client:

`frontend/src/services/api/apiClient.js`

Do not create another API client.

Relevant documentation:

- `frontend/README.md`
- `docs/api-design.md`
- `docs/system-design.md`
- `CONTRIBUTING.md`

## Tasks

### API Service

- [ ] Create `frontend/src/services/api/ingredientService.js`
- [ ] Use the existing shared `apiClient`
- [ ] Implement Ingredient search according to `docs/api-design.md`
- [ ] Implement Ingredient retrieval where required
- [ ] Keep Ingredient API logic outside React presentation components
- [ ] Use query parameters safely through the shared API client

### Ingredient Search

- [ ] Create Ingredient search/input component
- [ ] Allow Users to enter Ingredient search text
- [ ] Search canonical Ingredients through the backend Ingredient API
- [ ] Display matching canonical Ingredients returned by the backend
- [ ] Handle empty/blank search input appropriately
- [ ] Handle no-results state
- [ ] Handle search loading state
- [ ] Handle Ingredient API errors
- [ ] Use reasonable debouncing or equivalent request control
- [ ] Avoid unnecessary requests for extremely short/empty queries where appropriate
- [ ] Handle stale/out-of-order search responses correctly
- [ ] Avoid displaying results belonging to an older search query as though they belong to the current query

### Ingredient Selection

- [ ] Allow Users to select an Ingredient from canonical search results
- [ ] Allow Users to select multiple Ingredients
- [ ] Display currently selected Ingredients
- [ ] Allow Users to remove selected Ingredients
- [ ] Prevent duplicate selections
- [ ] Preserve canonical Ingredient IDs
- [ ] Preserve canonical Ingredient display information needed by the UI
- [ ] Do not create arbitrary Ingredient records from unmatched search text
- [ ] Provide selected canonical Ingredient IDs to consuming features

### Reusability

- [ ] Ensure the component works without authentication
- [ ] Support temporary Guest Ingredient selection
- [ ] Allow Registered User features to reuse the same selection experience
- [ ] Keep Inventory persistence outside this feature
- [ ] Keep Recommendation requests/calculations outside this feature
- [ ] Define a clear selected-Ingredient input/output interface for consuming features

### Accessibility / Usability

- [ ] Ingredient search input has an accessible label
- [ ] Search results are keyboard accessible
- [ ] Users can understand which Ingredients are already selected
- [ ] Selected Ingredients can be removed using accessible controls
- [ ] Loading, empty, and error states are understandable
- [ ] Selection state does not rely only on color

## Security & Scalability Requirements

### Security

- Treat User search input as external/untrusted data.
- Treat backend responses as external data.
- Render Ingredient names using normal React rendering.
- Do not bypass backend validation.
- Do not construct unsafe backend queries in frontend code.
- Do not create arbitrary Ingredient IDs on the frontend.
- Do not expose credentials, API secrets, AWS credentials, or authentication secrets in frontend code.
- Guest Ingredient selection must not require access to private User data.
- Registered User identity must not be required merely to search canonical Ingredients.
- Backend Ingredient validation remains authoritative.

Conceptually:

```text
User Input
    │
    ▼
Ingredient Search
    │
    ▼
Ingredient API
    │
    ▼
Canonical Ingredient
    │
    ▼
Frontend Selection
```

Not:

```text
User types:
""some chicken thing""
       │
       ▼
Frontend creates:
Ingredient ID = 999
       │
       ▼
Application Ingredient
```

Only canonical backend Ingredients should become selected application Ingredients.

### Performance / Scalability

- Do not retrieve the entire Ingredient database on every search.
- Ingredient search should use the backend search endpoint.
- Do not implement client-side filtering over the entire Ingredient dataset as the primary search mechanism.
- Avoid sending an API request on every keystroke without control.
- Use reasonable debouncing, request cancellation, stale-response protection, or an equivalent request-management strategy.
- Avoid unnecessary requests for blank search input.
- A minimum query length may be used if consistent with the documented UX/API behavior.
- Avoid issuing additional API requests merely to retrieve information already contained in a search result.
- Do not independently re-fetch selected Ingredients unless required.
- Search result size/pagination should follow the backend API contract.
- Ingredient child components must not independently duplicate search requests.
- Search performance should remain reasonable as the canonical Ingredient dataset grows.

Conceptually, avoid:

```text
Page Load
   │
   ▼
GET Every Ingredient
   │
   ▼
Store Entire Database in React
   │
   ▼
Filter Locally for Every Search
```

Prefer:

```text
User Types Search
       │
       ▼
Controlled / Debounced Query
       │
       ▼
GET /api/ingredients/?search=...
       │
       ▼
Bounded Search Results
       │
       ▼
Display Results
```

## Additional Acceptance Criteria

- [ ] Ingredient search does not repeatedly download the entire Ingredient dataset
- [ ] Search requests are reasonably controlled
- [ ] Blank search input does not generate unnecessary repeated requests
- [ ] Stale/out-of-order responses do not replace newer search results
- [ ] Search result rendering does not require one additional request per Ingredient
- [ ] Selected Ingredients do not require unnecessary repeated API retrieval
- [ ] No secrets or credentials are included in frontend code
- [ ] Canonical Ingredient IDs remain unchanged after selection
- [ ] Arbitrary unmatched search text cannot silently become a canonical Ingredient

## Expected User Flow

Example:

```text
User types:

""chick""
        │
        ▼
Controlled Search Request
        │
        ▼
Frontend calls Ingredient API
        │
        ▼
Results:

Chicken Breast
Chicken Thigh
Ground Chicken
        │
        ▼
User selects ""Chicken Breast""
        │
        ▼
Selected Ingredients:

[ Chicken Breast × ]
```

The selected item should retain the canonical Ingredient ID returned by the backend.

Conceptually:

```javascript
{
  id: 12,
  name: ""Chicken Breast"",
  category: ""Poultry""
}
```

The frontend should not replace the canonical ID with a locally generated value.

## API

Use the Ingredient API implemented by the backend.

Expected calls include:

```text
GET /api/ingredients/
GET /api/ingredients/?search=chicken
GET /api/ingredients/{id}/
```

Create:

`frontend/src/services/api/ingredientService.js`

Conceptually:

```javascript
import { apiClient } from ""./apiClient"";

export const ingredientService = {
  getAll(params) {
    return apiClient.get(""/api/ingredients/"", { params });
  },

  search(query) {
    return apiClient.get(""/api/ingredients/"", {
      params: {
        search: query,
      },
    });
  },

  getById(id) {
    return apiClient.get(`/api/ingredients/${id}/`);
  },
};
```

Follow `docs/api-design.md` for the authoritative API contract.

Using the shared API client's query-parameter support is preferred over manually constructing query strings where practical.

Do not independently change:

- Search parameter names
- Pagination format
- Ingredient response structure
- Ingredient ID format

without coordinating changes to the shared API contract.

## Search Request Management

Ingredient search can produce many requests if unmanaged.

For example, typing:

```text
c
ch
chi
chic
chick
chicke
chicken
```

should not necessarily produce seven immediately overlapping requests.

Conceptually:

```text
User Typing
    │
    ▼
Debounce / Request Control
    │
    ▼
Stable Search Query
    │
    ▼
Ingredient API
```

The exact debounce interval does not need to be hardcoded by this issue unless defined elsewhere.

The implementation should simply use a reasonable value/strategy consistent with the application's UX.

## Stale Search Responses

Search responses may arrive out of order.

For example:

```text
Request A:
""chi""

      │
      │ User keeps typing
      ▼

Request B:
""chicken""
```

If Request B completes first:

```text
Request B
""chicken""
    │
    ▼
Display Chicken Results
```

and Request A completes later:

```text
Request A
""chi""
    │
    ▼
Must NOT overwrite the current
""chicken"" results
```

The displayed results must correspond to the current logical search query.

Use the project's established request-management pattern where applicable.

## Empty Search Input

Blank search input should be handled intentionally.

For example:

```text
Search: """"
     │
     ▼
No Search Request
```

or another behavior explicitly defined by `docs/api-design.md` / the application's UX.

Do not repeatedly request the entire Ingredient collection merely because the search field is empty.

If the application intentionally supports browsing Ingredients without a search query, that behavior should use the documented paginated Ingredient API rather than downloading the entire dataset.

## Component Responsibility

The Ingredient feature should be responsible for:

```text
Search
   ↓
Ingredient API
   ↓
Canonical Results
   ↓
Selection
   ↓
Canonical Ingredient IDs
```

For example:

```text
Selected:

Egg
Cabbage
Soy Sauce
Kimchi

        ↓

Canonical IDs:

[3, 7, 11, 18]
```

Those IDs may then be consumed by other features.

For example:

```text
Ingredient Selection
        │
        ├──→ Recommendation Feature
        │
        └──→ Inventory Feature
```

The Ingredient feature itself should not decide what those consuming features do with the selected Ingredients.

## Selected Ingredient Contract

A selected Ingredient should retain enough canonical information for both display and downstream operations.

Conceptually:

```javascript
{
  id: 12,
  name: ""Chicken Breast"",
  category: ""Poultry""
}
```

The minimum required canonical identity is the backend Ingredient ID.

Consuming features can then derive:

```javascript
selectedIngredients.map((ingredient) => ingredient.id);
```

Conceptually:

```text
Selected Ingredient Objects
        │
        ▼
Extract Canonical IDs
        │
        ▼
[3, 7, 11, 18]
        │
        ├──→ Recommendation Request
        └──→ Inventory Operation
```

Do not maintain one unrelated Ingredient identity representation for each frontend feature.

## Duplicate Selection

The same canonical Ingredient should not appear multiple times in the current selection.

For example:

```text
Selected:

Egg
Rice
Chicken Breast
```

If the User selects `Chicken Breast` again:

```text
Chicken Breast
      │
      ▼
Already Selected
      │
      ▼
Do Not Add Duplicate
```

Duplicate detection should use canonical identity rather than display-name comparison where possible.

Prefer:

```javascript
ingredient.id
```

rather than relying only on:

```javascript
ingredient.name
```

because the backend Ingredient ID is the authoritative identity.

## Guest Behavior

Guests must be able to use this component.

Guest selections should remain temporary frontend state.

```text
Guest
  │
  ▼
Ingredient Input
  │
  ▼
Temporary Selection
  │
  ▼
Recommendation Request
```

Do not require an account merely to search or select Ingredients.

Temporary Guest selection does not create persistent Inventory records.

For example:

```text
Guest selects:
Egg
Rice
Chicken

      │
      ▼
Temporary Frontend State
```

Closing/reloading the application may clear that temporary selection unless another explicitly assigned feature defines temporary persistence behavior.

This issue should not introduce persistent anonymous Inventory.

## Registered User Behavior

Registered Users should eventually be able to use the same Ingredient selection experience with their saved Inventory.

Conceptually:

```text
Registered User
      │
      ▼
Ingredient Selection
      │
      ▼
Canonical Ingredient
      │
      ▼
Inventory Feature
      │
      ▼
Inventory API
```

Inventory persistence is handled by the Inventory feature, not this component.

The Ingredient Selection feature should provide the selected canonical Ingredient to the Inventory feature.

It should not directly decide that every selection must become persistent Inventory.

This distinction allows the same component to support:

```text
Ingredient Selection
      │
      ├── Guest Recommendation Input
      ├── Registered Recommendation Input
      └── Registered Inventory Management
```

## Recommendation Integration

Recommendation logic is not implemented in this issue.

Later:

```text
Ingredient Selection
        │
        ▼
Canonical Ingredient IDs
        │
        ▼
Recommendation Feature
        │
        ▼
Recommendation API
```

For example:

```text
Egg            → ID 3
Rice           → ID 7
Soy Sauce      → ID 11
Kimchi         → ID 18

        ↓

[3, 7, 11, 18]

        ↓

POST /api/recommendations/
```

Issue #7 provides the Ingredient selection.

The Recommendation feature determines when and how to send those IDs to the Recommendation API.

## Inventory Integration

Inventory persistence is also not implemented in this issue.

Later:

```text
Ingredient Selection
        │
        ▼
Canonical Ingredient
        │
        ▼
Inventory Feature
        │
        ▼
Inventory API
```

The Ingredient component should remain reusable rather than containing Inventory-specific persistence logic.

For example, avoid embedding logic such as:

```javascript
function selectIngredient(ingredient) {
  addToSelection(ingredient);
  saveToUserInventory(ingredient.id);
}
```

inside the generic selection component.

Selecting an Ingredient and persisting an Ingredient to Inventory are separate responsibilities.

## Dependencies

**Blocked by:**

- Backend: Implement Ingredient Foundation
- Frontend: Implement Application Foundation

Conceptually:

```text
Ingredient API ──────────────┐
                             ├──→ Ingredient Input & Selection
Frontend Foundation ─────────┘
```

This issue does not need to wait for:

- Recommendation Engine
- Recipe Detail
- User Inventory
- User Profile
- Saved Recipes
- Amazon Cognito

because basic Guest Ingredient selection can operate using the public Ingredient API.

Other frontend features can reuse this component later.

Do not create hardcoded Ingredient data while waiting for the backend API.

## Important

The frontend should use **canonical Ingredients returned by the backend**.

For example:

```text
User searches:
""chicken""

        ↓

Backend Canonical Ingredients

        ↓

Chicken Breast
Chicken Thigh
Ground Chicken
```

The frontend should store/select the corresponding Ingredient ID.

Conceptually:

```text
""Chicken Breast""
       │
       ▼
Ingredient ID 12
       │
       ▼
Selected Ingredient
```

Not:

```text
""Chicken Breast""
       │
       ▼
Frontend Generates ID
       │
       ▼
Local Ingredient Record
```

The backend Ingredient Foundation remains the authoritative Ingredient vocabulary.

## Do NOT

- Create a second API client
- Call `fetch()` directly from components
- Hardcode the Django backend URL
- Maintain a separate hardcoded Ingredient database in React
- Download the complete Ingredient database for every search
- Use the entire Ingredient dataset for primary client-side search
- Send uncontrolled requests for every keystroke
- Allow stale search responses to overwrite newer results
- Create arbitrary Ingredient IDs on the frontend
- Create canonical Ingredients from unmatched User-entered strings
- Use Ingredient names as the primary identity when canonical IDs are available
- Implement Ingredient normalization in React
- Implement Recipe matching in this feature
- Implement Recommendation scoring in this feature
- Send Recommendation requests from the generic Ingredient component
- Implement Inventory persistence inside this feature
- Automatically persist every Registered User selection to Inventory
- Require authentication for basic Ingredient selection
- Create permanent anonymous Inventory
- Implement AI Ingredient recognition
- Implement image scanning
- Modify unrelated frontend features
- Change the API contract without discussing it with the team

## Acceptance Criteria

### Functional

- [ ] User can search for Ingredients
- [ ] Search results come from the backend Ingredient API
- [ ] Canonical Ingredient information is displayed
- [ ] User can select an Ingredient
- [ ] User can select multiple Ingredients
- [ ] Selected Ingredients are visibly displayed
- [ ] User can remove a selected Ingredient
- [ ] Duplicate selections are prevented
- [ ] Duplicate detection uses canonical identity where appropriate
- [ ] Selected Ingredients retain their canonical backend IDs
- [ ] Selected canonical IDs can be provided to consuming features
- [ ] Guest Users can use Ingredient selection
- [ ] Registered User features can reuse Ingredient selection

### Search / State Handling

- [ ] Empty search input is handled appropriately
- [ ] Empty results are handled
- [ ] Loading state is handled
- [ ] API errors are handled
- [ ] Search requests are reasonably controlled
- [ ] Blank queries do not generate unnecessary repeated API requests
- [ ] Stale/out-of-order search responses do not replace newer results
- [ ] Selected Ingredients remain stable while new searches are performed
- [ ] Search failure does not unnecessarily clear existing selected Ingredients

### Security / Data Correctness

- [ ] Canonical Ingredient IDs come from the backend
- [ ] Arbitrary Ingredient IDs are not created in React
- [ ] Arbitrary unmatched search strings do not silently become application Ingredients
- [ ] Backend validation remains authoritative
- [ ] No backend/AWS credentials or secrets are exposed
- [ ] Ingredient names are rendered safely
- [ ] Guest search/selection does not require private User information

### Architecture

- [ ] API communication uses `ingredientService`
- [ ] `ingredientService` uses the shared `apiClient`
- [ ] Components do not call `fetch()` directly
- [ ] No backend URL is hardcoded inside components
- [ ] Ingredient selection remains reusable
- [ ] Recommendation logic is not implemented in this feature
- [ ] Inventory persistence is not implemented in this feature
- [ ] Ingredient normalization is not implemented in React
- [ ] Consuming features can obtain canonical selected Ingredient IDs

### Performance / Scalability

- [ ] Ingredient search does not repeatedly download the entire Ingredient dataset
- [ ] Search uses the backend Ingredient search endpoint
- [ ] Search requests are debounced or otherwise reasonably controlled
- [ ] Stale search requests/responses are handled appropriately
- [ ] Search result rendering does not require one additional API request per result
- [ ] Selected Ingredients are not unnecessarily re-fetched
- [ ] Ingredient child components do not generate duplicate search requests
- [ ] Paginated/bounded Ingredient results are supported according to the API contract
- [ ] Search behavior remains suitable as the Ingredient dataset grows

### Accessibility / Quality

- [ ] Ingredient search has an accessible label
- [ ] Search results can be operated using appropriate keyboard controls
- [ ] Selected Ingredients are clearly identifiable
- [ ] Remove controls are accessible
- [ ] Selection state does not rely only on color
- [ ] Loading/error/empty states are understandable
- [ ] `npm run lint` passes
- [ ] `npm run build` passes
- [ ] Existing frontend functionality still works

## Before Submitting

Update the branch with the latest `main`.

Run:

```bash
cd frontend
npm run lint
npm run build
```

Run the development server:

```bash
npm run dev
```

Test normal Ingredient search:

```text
Type ""chick""
→ Search Request
→ Canonical Results Displayed
→ Select Chicken Breast
→ Chicken Breast Appears in Selected Ingredients
→ Canonical ID Retained
```

Test multiple selections:

```text
Search Egg
→ Select Egg

Search Rice
→ Select Rice

Selected:
[ Egg × ] [ Rice × ]
```

Test duplicate prevention:

```text
Select Egg
→ Search Egg Again
→ Attempt to Select Egg
→ Duplicate Not Added
```

Test removal:

```text
Selected:
[ Egg × ] [ Rice × ]

Remove Egg
→

Selected:
[ Rice × ]
```

Test no results:

```text
Search Unsupported Ingredient
→ Backend Returns Empty Results
→ Empty Search State Displayed
```

Test Guest behavior:

```text
Not Signed In
→ Search Ingredients
→ Select Ingredients
→ Temporary Selection Works
```

Test request control:

```text
Type Quickly:

c
ch
chi
chic
chick
chicken

→ Requests Are Controlled
→ No Unnecessary Request Storm
```

Test stale response handling:

```text
Search ""chi""
→ Request A

Immediately search ""chicken""
→ Request B

Request B Completes
→ Chicken Results Displayed

Request A Completes Later
→ Current Chicken Results Are NOT Replaced
```

Test API failure:

```text
Existing Selected Ingredients:
Egg
Rice

Search Chicken
→ API Failure
→ Error State Displayed
→ Existing Egg/Rice Selection Remains
```

Verify the selected Ingredient contract:

```text
Selected UI:

Egg
Rice
Chicken Breast

        ↓

Canonical Selected Objects

        ↓

IDs:

[3, 7, 12]
```

Verify API communication follows:

```text
Ingredient Component
       │
       ▼
ingredientService
       │
       ▼
apiClient
       │
       ▼
Ingredient API
```

and not:

```text
Ingredient Component
       │
       ▼
fetch()
       │
       ▼
Ingredient API
```

Test Ingredient searching and selection against the local Django backend.

Then open a Pull Request into `main`.

**Do not push feature implementation directly to `main`.**

## Suggested Branch

`feature/frontend-ingredients`"
6,Backend: Implement Recipe Recommendation Engine,open,sophia-dao,,"backend, MVP, blocked",2026-09-29T04:14:21Z,2026-09-29T18:01:38Z,,https://github.com/sophia-dao/cloud_computing_proj/issues/6,"## Goal

Implement the core backend `RecommendationService` that recommends Recipes based on Ingredients available to the User.

The same Recommendation Engine must support:

1. Temporary Ingredients selected by Guests
2. Saved Inventory belonging to Registered Users

The Recommendation system must initially support two deterministic matching modes:

- `AVAILABLE_ONLY`
- `PARTIAL_MATCH`

This task implements deterministic Recipe matching.

AI/ML-based Recommendations and AI-generated Recipes are **not** part of this task.

The Recommendation module owns Recipe matching behavior, while existing Ingredient, Recipe, Inventory, User/Profile, and authentication modules remain authoritative for their respective data.

## Where to Work

Backend code is located in:

`backend/`

The Recommendation Django app is located in:

`backend/apps/recommendations/`

Primary locations for this task:

- `backend/apps/recommendations/services.py` — Recommendation business logic
- `backend/apps/recommendations/serializers.py` — request/response validation
- `backend/apps/recommendations/views.py` — Recommendation API
- `backend/apps/recommendations/urls.py` — Recommendation routes
- `backend/apps/recommendations/tests/` — Recommendation tests

Create files/directories if they do not already exist.

The Recommendation module will use data from:

- `backend/apps/ingredients/`
- `backend/apps/recipes/`
- `backend/apps/inventory/`
- `backend/apps/users/` where User preferences/allergies are integrated

Relevant documentation:

- `backend/README.md`
- `docs/requirements.md`
- `docs/system-design.md`
- `docs/database-design.md`
- `docs/api-design.md`
- `CONTRIBUTING.md`

## Core Architecture

Both Guest and Registered User Ingredient sources must feed the same Recommendation logic.

```text
Guest Ingredient IDs ──────────┐
                               │
                               ▼
                     RecommendationService
                               ▲
                               │
Saved User Inventory ──────────┘
                               │
                               ▼
                         Recipe Data
                               │
                               ▼
                    Recommendation Results
```

Do **not** implement separate Recommendation algorithms for Guests and Registered Users.

The difference is only where the available Ingredient IDs originate.

Conceptually:

```text
Guest
  │
  ▼
Temporary Ingredient IDs
  │
  └─────────────┐
                │
                ▼
       RecommendationService
                ▲
                │
  ┌─────────────┘
  │
Saved Inventory
  ▲
  │
Registered User
```

The core matching service should operate on canonical Ingredient IDs and should not need to know whether those IDs came from Guest input or persistent Inventory.

## Tasks

### Recommendation Service

- [ ] Implement reusable `RecommendationService`
- [ ] Accept canonical Ingredient IDs as Recommendation input
- [ ] Support `AVAILABLE_ONLY`
- [ ] Support `PARTIAL_MATCH`
- [ ] Calculate deterministic match scores
- [ ] Identify matched required Ingredients
- [ ] Identify missing required Ingredients
- [ ] Treat optional Ingredients correctly
- [ ] Rank partial matches deterministically
- [ ] Keep matching logic independent from HTTP/view logic
- [ ] Keep matching logic independent from Inventory persistence
- [ ] Keep matching logic reusable for Guest and Registered User flows

### Input Validation

- [ ] Validate Recommendation mode
- [ ] Validate submitted Ingredient IDs
- [ ] Handle nonexistent Ingredient IDs according to `docs/api-design.md`
- [ ] Handle malformed Ingredient IDs
- [ ] Handle duplicate Ingredient IDs deterministically
- [ ] Handle empty Ingredient input according to the documented API contract
- [ ] Reject unsupported request fields/values where required by the API contract
- [ ] Ensure Guest requests cannot request another User's Inventory
- [ ] Ensure saved Inventory is derived from authenticated request context

### Recommendation API

- [ ] Implement `POST /api/recommendations/`
- [ ] Validate requests through serializers
- [ ] Delegate matching logic to `RecommendationService`
- [ ] Serialize Recommendation results according to `docs/api-design.md`
- [ ] Return appropriate validation errors
- [ ] Support Guest Recommendation requests
- [ ] Support authenticated Inventory input where defined by the API contract
- [ ] Support pagination/bounded results where defined by the API contract

### Performance

- [ ] Avoid obvious N+1 Recipe/Ingredient queries
- [ ] Retrieve Recipe Ingredient relationships efficiently
- [ ] Use `select_related`, `prefetch_related`, annotations, aggregation, or equivalent database-efficient patterns where appropriate
- [ ] Avoid one database query per Recipe
- [ ] Avoid one database query per Ingredient
- [ ] Perform matching/filtering in the database where practical
- [ ] Avoid repeatedly loading the same Ingredient relationships
- [ ] Ensure Recommendation result serialization does not reintroduce N+1 behavior
- [ ] Keep implementation suitable for automated load testing

### Tests

- [ ] Test `AVAILABLE_ONLY`
- [ ] Test `PARTIAL_MATCH`
- [ ] Test match score calculation
- [ ] Test missing required Ingredients
- [ ] Test optional Ingredients
- [ ] Test Recipes using only a subset of User Ingredients
- [ ] Test duplicate Ingredient IDs
- [ ] Test invalid Ingredient IDs
- [ ] Test invalid Recommendation modes
- [ ] Test empty Ingredient input according to API behavior
- [ ] Test Guest Recommendation access
- [ ] Test authenticated Inventory ownership
- [ ] Test cross-user Inventory isolation
- [ ] Test deterministic result ordering
- [ ] Test major API validation behavior
- [ ] Add query-efficiency tests where practical

## Matching Mode 1: `AVAILABLE_ONLY`

Return Recipes whose **required Ingredients are all available** to the User.

Example:

```text
User has:

Egg
Cabbage
Soy Sauce
Kimchi
```

Recipe requires:

```text
Egg
```

Result:

```text
✓ MATCH
```

Recipe requires:

```text
Egg
Cabbage
```

Result:

```text
✓ MATCH
```

Recipe requires:

```text
Egg
Soy Sauce
Kimchi
```

Result:

```text
✓ MATCH
```

Recipe requires:

```text
Egg
Chicken Breast
```

Result:

```text
✗ NO MATCH
```

A Recipe does **not** need to use every Ingredient the User has.

The rule is:

```text
Required Recipe Ingredients ⊆ Available User Ingredients
```

For example:

```text
User Ingredients:

A, B, C, D, E

Recipe requires:

A, C

Result:

MATCH
```

Unused User Ingredients do not affect eligibility.

### Optional Ingredients

Optional Recipe Ingredients must not cause an otherwise valid Recipe to fail `AVAILABLE_ONLY`.

For example:

```text
User has:

Egg
Rice

Recipe:

Required:
- Egg
- Rice

Optional:
- Green Onion
```

The User does not have Green Onion.

Result:

```text
✓ MATCH
```

because all **required** Ingredients are available.

Optional Ingredients may be included in presentation metadata if the API contract requires them, but they must not be treated as missing required Ingredients.

## Matching Mode 2: `PARTIAL_MATCH`

Return Recipes that use at least some of the Ingredients available to the User, even if additional required Ingredients are missing.

Example:

```text
User has:

Egg
Cabbage
Soy Sauce
Kimchi
```

Recipe requires:

```text
Egg             ✓ Available
Chicken Breast  ✗ Missing
Soy Sauce       ✓ Available
Rice            ✗ Missing
```

The Recipe may still appear.

The result should identify:

```text
Matched Required Ingredients
Missing Required Ingredients
Match Score
```

Conceptually:

```text
Available Ingredients
        │
        ▼
Required Recipe Ingredients
        │
        ├── Intersection → Matched
        │
        └── Difference   → Missing
```

Recipes with stronger required-Ingredient overlap should generally appear before weaker matches.

The exact ordering must remain deterministic.

## Match Score

For the initial implementation, use the deterministic score defined by the project:

```text
match_score =
matched_required_ingredients / total_required_ingredients
```

Example:

```text
Recipe requires 5 Ingredients.

User has 4 of them.

match_score = 4 / 5 = 0.80
```

The API may represent this according to `docs/api-design.md`, for example:

```text
0.80
```

or:

```text
80%
```

Follow `docs/api-design.md` for the authoritative representation.

Do not independently introduce a different score format or algorithm.

### Required vs. Optional Ingredients

Only required Ingredients participate in the initial match-score denominator unless `docs/api-design.md` or another authoritative design document explicitly specifies otherwise.

For example:

```text
Required:
A
B
C

Optional:
D
E

User has:
A
B
D
```

Initial score:

```text
Matched required = 2
Total required   = 3

match_score = 2 / 3
```

The presence of optional Ingredient `D` does not change the required-Ingredient score.

### Zero Required Ingredients

The implementation must explicitly handle a Recipe with zero required Ingredients rather than performing division by zero.

Behavior for such Recipes should follow the Recipe data constraints and `docs/api-design.md`.

If the Recipe model guarantees at least one required Ingredient, validate/enforce that invariant in the appropriate owning layer rather than relying on Recommendation code to fail unexpectedly.

Do not silently invent a score formula for this edge case.

## Partial Match Eligibility

`PARTIAL_MATCH` should only return Recipes satisfying the overlap behavior established by the API/design.

Conceptually, for the initial behavior:

```text
Matched Required Ingredients > 0
```

Example:

```text
User:
A, B

Recipe:
A, C, D

Matched:
A

Missing:
C, D

Score:
1 / 3
```

Result:

```text
PARTIAL MATCH
```

Whereas:

```text
User:
A, B

Recipe:
C, D

Matched:
None
```

should not be treated as an Ingredient-based partial match unless the documented API contract explicitly defines zero-overlap results.

## Recommendation Input

The core service should work from a collection of canonical Ingredient IDs.

Conceptually:

```python
RecommendationService.recommend(
    ingredient_ids=[1, 5, 8, 12],
    mode=""AVAILABLE_ONLY"",
)
```

This allows both Guest and Registered User flows to reuse the same service.

The service should normalize duplicate IDs where appropriate.

For example:

```text
Input:

[1, 5, 5, 8, 12, 12]

        ↓

Logical Available Ingredients:

{1, 5, 8, 12}
```

Duplicate submitted IDs must not artificially increase match scores or Ingredient counts.

## Guest Flow

```text
Frontend
   │
   ▼
Temporary Canonical Ingredient IDs
   │
   ▼
Recommendation API
   │
   ▼
RecommendationService
   │
   ▼
Recommendation Results
```

Guest Ingredient selections remain temporary.

The Recommendation module must not create persistent Inventory records for Guest requests.

## Registered User Flow

For Registered Users, saved Inventory can provide canonical Ingredient IDs.

```text
Authenticated User
       │
       ▼
Saved Inventory
       │
       ▼
Canonical Ingredient IDs
       │
       ▼
RecommendationService
       │
       ▼
Recommendation Results
```

The Recommendation algorithm should not care where the Ingredient IDs originated.

Inventory ownership remains the responsibility of the Inventory/User authorization layers.

The Recommendation API must not allow a client to choose an arbitrary User whose Inventory should be loaded.

Prefer:

```text
Authenticated Request
        │
        ▼
request.user
        │
        ▼
User Inventory
        │
        ▼
Ingredient IDs
```

Not:

```text
POST /recommendations/

{
  ""user_id"": 123
}
```

followed by loading User 123's private Inventory.

## API

Expected endpoint:

```text
POST /api/recommendations/
```

Conceptual Guest request:

```json
{
  ""ingredient_ids"": [1, 5, 8, 12],
  ""mode"": ""AVAILABLE_ONLY""
}
```

Conceptual partial-match request:

```json
{
  ""ingredient_ids"": [1, 5, 8, 12],
  ""mode"": ""PARTIAL_MATCH""
}
```

For authenticated Users, the API may additionally support using saved Inventory according to `docs/api-design.md`.

Do not independently introduce a new Inventory-selection request contract.

Example response:

```json
{
  ""results"": [
    {
      ""recipe"": {
        ""id"": 15,
        ""name"": ""Kimchi Egg Rice""
      },
      ""match_score"": 0.75,
      ""matched_ingredients"": [
        {
          ""id"": 1,
          ""name"": ""Egg""
        }
      ],
      ""missing_ingredients"": [
        {
          ""id"": 7,
          ""name"": ""Rice""
        }
      ]
    }
  ]
}
```

Follow `docs/api-design.md` for the authoritative request and response contract.

## Service / API Separation

The Recommendation algorithm should remain reusable business logic rather than being implemented directly inside the API view.

Prefer:

```text
RecommendationView
       │
       ▼
Request Serializer
       │
       ▼
Validated Input
       │
       ▼
RecommendationService
       │
       ▼
Recommendation Results
       │
       ▼
Response Serialization
```

Avoid:

```text
RecommendationView
       │
       ├── Validate IDs manually
       ├── Query Recipes
       ├── Calculate matches
       ├── Calculate scores
       ├── Determine missing Ingredients
       └── Serialize everything
```

The view should coordinate HTTP behavior.

The service should own Recommendation business logic.

## Deterministic Ranking

`PARTIAL_MATCH` results should rank stronger matches ahead of weaker matches according to the documented matching rules.

Primary ordering:

```text
Higher match_score
        ↓
Earlier result
```

Example:

```text
Recipe A: 0.90
Recipe B: 0.75
Recipe C: 0.50
```

Result:

```text
1. Recipe A
2. Recipe B
3. Recipe C
```

### Tie-Breaking

Equal match scores must not produce unstable/unpredictable ordering.

Use a deterministic secondary ordering consistent with the application's API/database design.

For example, if no other product requirement exists, an existing stable Recipe field such as Recipe ID may be used as a final tie-breaker.

The important requirement is:

```text
Same Data + Same Request
        │
        ▼
Stable Result Ordering
```

This is particularly important for:

- Pagination
- Automated tests
- Load testing
- Consistent frontend behavior

Do not introduce random ranking.

## Dietary Preferences and Allergies

The architecture should allow Registered User preferences and Allergies to be applied to Recommendations.

Keep Ingredient matching and filtering responsibilities clearly separated.

Conceptually:

```text
Available Ingredients
        │
        ▼
RecommendationService
        │
        ├── Ingredient Matching
        │
        └── Filters
             ├── Allergies
             ├── Dietary Preferences
             └── Cuisine Preferences
```

Allergy exclusions should remain authoritative on the backend.

Do not duplicate Allergy/filtering logic in the frontend.

If preference/filter integration is not yet available when this issue is implemented, keep the Recommendation Service structured so filters can later be applied without rewriting the core matching algorithm.

For example:

```text
Recommendation Input
        │
        ▼
Candidate Recipes
        │
        ▼
Eligibility / User Filters
        │
        ▼
Ingredient Matching
        │
        ▼
Ranking
        │
        ▼
Results
```

The exact pipeline may vary according to the final backend architecture.

## Security & Scalability Requirements

### Security

- Validate all submitted Ingredient IDs.
- Reject malformed Ingredient IDs.
- Reject unsupported Recommendation modes.
- Validate Recommendation request structure through serializers.
- Guest Recommendation requests must not provide access to private User Inventory.
- Guest requests must not accept arbitrary User identity for Inventory lookup.
- Saved Inventory must only be loaded from the authenticated User's account.
- User identity must come from authenticated request context.
- Backend validation remains authoritative.
- Recommendation results must respect backend-controlled Allergy restrictions when that integration is enabled.
- Do not construct unsafe raw SQL from User-supplied Ingredient IDs or mode values.
- Do not expose internal credentials, database information, or sensitive User information through Recommendation responses.

Conceptually:

```text
Request
   │
   ▼
Serializer Validation
   │
   ▼
Validated Ingredient IDs + Mode
   │
   ▼
RecommendationService
```

### Scalability / Performance

The Recommendation Service must be designed so Recipe matching can operate efficiently as the number of Recipes, Recipe Ingredients, and canonical Ingredients increases.

Avoid:

```text
Load all Recipes
      │
      ▼
For each Recipe
      │
      ▼
Query Recipe Ingredients
      │
      ▼
Compare
```

This can produce N+1 query behavior.

Prefer database-efficient retrieval and bulk/prefetched relationships where appropriate.

Conceptually:

```text
Recommendation Request
        │
        ▼
Bounded / Efficient Recipe Query
        │
        ▼
Bulk Ingredient Relationship Data
        │
        ▼
Matching / Annotation / Aggregation
        │
        ▼
Ordered Results
```

Possible Django techniques may include, where appropriate:

```text
select_related()
prefetch_related()
Prefetch()
annotate()
Count()
Q()
Exists()
Subquery()
```

The exact implementation is left to the developer.

The requirement is efficient query behavior, not use of a particular Django method.

### Avoid N+1 During Serialization

Query efficiency must include result serialization.

An implementation such as:

```text
1 Recipe Query
      +
100 Result Recipes
      ×
Ingredient Query Per Recipe
```

still has an N+1 problem even if the initial Recipe query is efficient.

Required related data should be fetched efficiently before serialization.

### Pagination / Bounded Results

Recommendation result sets should support pagination or another documented bounded-result strategy if defined by `docs/api-design.md`.

Do not return an unbounded Recipe dataset if the application Recipe collection can grow significantly.

Stable ordering must be used with pagination.

### Database Indexing

Use the indexes and relationships defined by `docs/database-design.md`.

Frequently queried Recipe/Ingredient relationship fields should support efficient lookups.

Do not create redundant indexes without checking the existing model/database design.

## Load / Scalability Testing

The Recommendation API will be a primary endpoint used during load/scalability testing.

The implementation should be suitable for measuring:

- Requests per second
- Average latency
- p95 latency
- Error rate
- CPU utilization
- Database query behavior

The Recommendation implementation should not contain obvious per-Recipe query growth that makes performance degrade unnecessarily as the Recipe dataset grows.

Conceptually:

```text
Small Dataset
     │
     ▼
Recommendation Query Pattern
     │
     ▼
Larger Dataset

Query count should not grow
linearly because of one query
per Recipe.
```

The exact performance target/statistics should be defined in the system-design/load-testing work rather than invented inside this feature issue unless already documented.

## Additional Acceptance Criteria

- [ ] Recommendation input is validated
- [ ] Unsupported modes are rejected
- [ ] Malformed Ingredient IDs are rejected appropriately
- [ ] Duplicate Ingredient IDs do not affect scoring
- [ ] Guest requests cannot access another User's Inventory
- [ ] Saved Inventory is derived from authenticated User context
- [ ] Recommendation implementation avoids obvious per-Recipe N+1 queries
- [ ] Recommendation serialization avoids obvious N+1 queries
- [ ] Matching does not require unnecessary repeated database queries
- [ ] Matching logic is separate from API/view logic
- [ ] Result ordering is deterministic
- [ ] Result ordering remains stable for pagination where applicable
- [ ] Implementation can be exercised through automated load testing
- [ ] Optional Ingredients do not incorrectly affect required-Ingredient scoring
- [ ] Zero-required-Ingredient behavior is safely handled according to model/API rules

## Dependencies

**Blocked by:**

- Backend: Implement Ingredient Foundation
- Backend: Implement Recipe Models & API

Saved Registered User Inventory integration additionally depends on:

- Backend: Implement User Inventory

User-specific dietary preference/Allergy integration additionally depends on:

- Backend: Implement User Profile & Preferences

Conceptually:

```text
Ingredient Foundation ─────┐
                           │
Recipe Models & API ───────┼──→ RecommendationService
                           │
User Inventory ────────────┤
                           │
User Preferences ──────────┘
      (later filters)
```

Guest Recommendations can operate from explicitly supplied canonical Ingredient IDs once Ingredient and Recipe foundations exist.

Saved Inventory does not need to block implementation/testing of the core matching algorithm.

For example:

```text
Core RecommendationService
        │
        ├── Guest Ingredient IDs ✓
        │
        └── Inventory IDs        later integration
```

Do not create temporary replacement Ingredient, Recipe, Inventory, or User models while waiting for dependencies.

## Important

The Recommendation module owns Recipe matching logic.

It should answer:

> Given these available Ingredients, which Recipes match, which required Ingredients are present/missing, and what is the deterministic match score?

It should **not** own:

- User Inventory
- Recipe definitions
- Canonical Ingredient definitions
- User authentication
- User Profile data

Conceptually:

```text
Inventory
    │
    ▼
Available Ingredients
    │
    ▼
RecommendationService
    ▲
    │
Recipe Requirements
    ▲
    │
Recipes
```

Ownership remains:

```text
Ingredient App
    └── Canonical Ingredients

Recipe App
    └── Recipes + RecipeIngredient relationships

Inventory App
    └── User's saved Ingredients

Users App
    └── Profile / Preferences / Allergies

Recommendations App
    └── Matching + Recommendation result generation
```

This separation should be preserved.

## Do NOT

- Create separate Recommendation Engines for Guests and Registered Users
- Create another Ingredient model
- Create another Recipe model
- Create another Inventory model
- Duplicate User/Profile models
- Store Guest Ingredients as persistent User Inventory
- Allow Guest requests to retrieve private Inventory
- Accept arbitrary `user_id` values for private Inventory Recommendation requests
- Count duplicate submitted Ingredient IDs multiple times
- Count optional Ingredients as required for `AVAILABLE_ONLY`
- Count optional Ingredients in the required-Ingredient match-score denominator unless explicitly required by the API contract
- Require a Recipe to use every Ingredient the User entered
- Perform division by zero for Recipes with no required Ingredients
- Implement Recommendation calculations in React
- Implement Recommendation calculations inside the Inventory app
- Implement Recommendation calculations inside the Recipe app
- Put all Recommendation business logic directly in the API view
- Execute one Ingredient query per Recipe
- Reintroduce N+1 queries during serialization
- Use random/non-deterministic ranking
- Implement AI/ML Recommendations
- Implement AI-generated Recipes
- Implement Shopping Lists as part of this task
- Implement Reviews as part of this task
- Modify unrelated Django apps
- Change shared models or API contracts without discussing it with the team

## Acceptance Criteria

### Core Recommendation Logic

- [ ] `RecommendationService` exists as reusable business logic
- [ ] Service accepts canonical Ingredient IDs
- [ ] Guest and Registered User inputs can use the same core service
- [ ] `AVAILABLE_ONLY` mode works
- [ ] `PARTIAL_MATCH` mode works
- [ ] Recipes do not need to use every Ingredient the User has
- [ ] `AVAILABLE_ONLY` rejects Recipes with missing required Ingredients
- [ ] Optional Ingredients do not invalidate an `AVAILABLE_ONLY` match
- [ ] `PARTIAL_MATCH` identifies matched required Ingredients
- [ ] `PARTIAL_MATCH` identifies missing required Ingredients
- [ ] Match score is calculated consistently
- [ ] Optional Ingredients do not incorrectly change required-Ingredient match score
- [ ] Stronger partial matches rank ahead of weaker matches
- [ ] Equal-score ordering is deterministic
- [ ] Duplicate input Ingredient IDs do not affect results/scores
- [ ] Zero-required-Ingredient edge cases are handled safely

### Guest / Registered User Behavior

- [ ] Guest Ingredient input works without persistent Inventory
- [ ] Guest Recommendation requests do not require authentication
- [ ] Guest requests cannot access private User Inventory
- [ ] Architecture supports saved User Inventory as another Ingredient source
- [ ] Saved Inventory is loaded only from authenticated User context
- [ ] Cross-user Inventory access is prevented

### Validation / API

- [ ] Invalid Recommendation modes are rejected
- [ ] Invalid Ingredient IDs are handled appropriately
- [ ] Malformed Ingredient input is handled appropriately
- [ ] Empty Ingredient input follows documented API behavior
- [ ] API follows `docs/api-design.md`
- [ ] Recommendation view delegates matching logic to `RecommendationService`
- [ ] Request validation uses the appropriate serializer/API validation layer
- [ ] Response structure follows the documented contract

### Security

- [ ] User identity is not accepted arbitrarily from Recommendation requests
- [ ] Private Inventory access is based on authenticated context
- [ ] User-supplied values do not produce unsafe raw SQL
- [ ] Recommendation responses do not expose unrelated private User information
- [ ] Backend remains authoritative for Allergy/dietary restrictions when integrated

### Performance / Scalability

- [ ] Recommendation implementation avoids obvious per-Recipe N+1 queries
- [ ] Recommendation result serialization avoids obvious N+1 queries
- [ ] Matching does not require one database query per Recipe
- [ ] Matching does not require one database query per Ingredient
- [ ] Related Recipe/Ingredient data is retrieved efficiently
- [ ] Database filtering/aggregation is used where practical
- [ ] Result ordering is stable
- [ ] Pagination/bounded results are supported where defined by the API
- [ ] Implementation is suitable for automated load testing
- [ ] Query behavior can be measured during performance testing

### Testing / Quality

- [ ] Tests cover both Recommendation modes
- [ ] Tests cover optional Ingredients
- [ ] Tests cover duplicate Ingredient IDs
- [ ] Tests cover invalid Ingredient IDs
- [ ] Tests cover invalid Recommendation modes
- [ ] Tests cover Guest behavior
- [ ] Tests cover authenticated Inventory ownership where integrated
- [ ] Tests cover deterministic ordering
- [ ] Tests cover important edge cases
- [ ] `python manage.py check` passes
- [ ] `python manage.py test` passes
- [ ] Existing functionality still works

## Required Test Cases

At minimum, include tests for:

### `AVAILABLE_ONLY`

```text
User: A, B, C
Recipe: A

Expected:
MATCH
```

```text
User: A, B, C
Recipe: A, B

Expected:
MATCH
```

```text
User: A, B, C
Recipe: A, D

Expected:
NO MATCH
```

### User Has Extra Ingredients

```text
User: A, B, C, D, E
Recipe: A, C

Expected:
MATCH
```

This confirms that a Recipe does not need to use every available User Ingredient.

### Optional Ingredient

```text
User:
A, B

Recipe:
Required: A, B
Optional: C

Expected:
AVAILABLE_ONLY MATCH
```

Missing optional Ingredient `C` must not invalidate the match.

### `PARTIAL_MATCH`

```text
User: A, B, C

Recipe required:
A, B, D, E

Expected:

Matched:
A, B

Missing:
D, E

Match Score:
2 / 4 = 0.50
```

### Stronger Partial Match Ranking

```text
User:
A, B, C

Recipe 1 requires:
A, B, C, D
Score = 3 / 4 = 0.75

Recipe 2 requires:
A, D, E, F
Score = 1 / 4 = 0.25

Expected Order:

1. Recipe 1
2. Recipe 2
```

### Duplicate Input IDs

```text
Input:

[A, A, B, B, C]

Logical Available Ingredients:

A, B, C
```

Duplicate IDs must not increase match counts or scores.

### No Overlap

```text
User:
A, B

Recipe:
C, D

Matched:
None
```

Expected behavior should follow the documented `PARTIAL_MATCH` contract and should not accidentally produce a positive match because of unrelated data.

### Invalid Mode

```text
mode = ""MAGIC_AI_MODE""

Expected:
Validation Error
```

### Invalid Ingredient ID

```text
ingredient_ids:
[1, 2, 999999]

Expected:
Behavior defined by docs/api-design.md
```

The implementation must not silently create Ingredient `999999`.

### Cross-User Inventory

```text
Authenticated User:
User A

Existing Inventory:
User A → A, B
User B → C, D

Request:
Use saved Inventory

Expected:

RecommendationService receives:
A, B

It must NOT receive:
C, D
```

### Deterministic Ordering

Given identical database state and identical input:

```text
Request 1
Request 2
Request 3
```

should produce the same logical ordering.

## Before Submitting

Update the branch with the latest `main` after Ingredient and Recipe foundation work has been merged.

Run:

```bash
cd backend
python manage.py check
python manage.py test
```

Manually test Guest Recommendations:

```text
POST /api/recommendations/

Ingredient IDs:
A, B, C

Mode:
AVAILABLE_ONLY

→ Validate Results
```

Test partial matching:

```text
Ingredient IDs:
A, B, C

Mode:
PARTIAL_MATCH

→ Validate:
Matched Ingredients
Missing Ingredients
Match Score
Result Ordering
```

Test invalid input:

```text
Invalid Mode
→ Rejected

Invalid Ingredient ID
→ Appropriate Validation Response

Duplicate Ingredient IDs
→ No Score Inflation
```

Where authenticated Inventory integration is available:

```text
Sign In as User A
→ Request Recommendation Using Saved Inventory
→ Only User A Inventory Used
```

Review query behavior using appropriate Django testing/debugging tools to verify the implementation does not introduce obvious N+1 Recipe/Ingredient queries.

Then open a Pull Request into `main`.

**Do not push feature implementation directly to `main`.**

## Suggested Branch

`feature/recommendations`"
5,Backend: Implement User Inventory,open,sophia-dao,,"backend, MVP, blocked",2026-09-29T04:13:04Z,2026-09-29T18:05:49Z,,https://github.com/sophia-dao/cloud_computing_proj/issues/5,"## Goal

Implement persistent Ingredient Inventory management for Registered Users.

A Registered User should be able to maintain a persistent list of canonical Ingredients they currently have available.

The Inventory will later be used as one possible Ingredient source for the Recommendation Engine.

This task is responsible for persistent Registered User Inventory only.

Guest Ingredient selections remain temporary and must not create persistent Inventory records.

## Where to Work

Backend code is located in:

`backend/`

The Inventory Django app is located in:

`backend/apps/inventory/`

Primary locations for this task:

- `backend/apps/inventory/models.py` — Inventory models
- `backend/apps/inventory/serializers.py` — API serialization and validation
- `backend/apps/inventory/views.py` — Inventory API views
- `backend/apps/inventory/urls.py` — Inventory API routes
- `backend/apps/inventory/admin.py` — Django Admin registration
- `backend/apps/inventory/tests/` — Inventory tests

Create files/directories if they do not already exist.

The Inventory module will reference data from:

- `backend/apps/ingredients/` — canonical Ingredient data
- the project's User/authentication model

Relevant documentation:

- `backend/README.md`
- `docs/database-design.md`
- `docs/api-design.md`
- `docs/system-design.md`
- `CONTRIBUTING.md`

## Core Responsibility

Inventory answers:

> What canonical Ingredients does this Registered User currently have?

Conceptually:

```text
Authenticated User
       │
       ▼
Saved Inventory
       │
       ▼
Canonical Ingredients
```

Inventory does **not** answer:

> What Recipes can this User make?

That responsibility belongs to the Recommendation module.

```text
Inventory
    │
    ▼
Available Ingredient IDs
    │
    ▼
RecommendationService
    │
    ▼
Recipe Matches
```

## Tasks

### Model

- [ ] Implement the `InventoryItem` model according to `docs/database-design.md`
- [ ] Associate each `InventoryItem` with a Registered User
- [ ] Reference the shared canonical `Ingredient` model
- [ ] Prevent duplicate `(user, ingredient)` relationships
- [ ] Enforce duplicate prevention at the database level
- [ ] Add timestamps/other Inventory fields only where defined by the database design
- [ ] Add appropriate indexes where required by the database design/query patterns
- [ ] Create and commit required Django migrations

### API / Serialization

- [ ] Create Inventory serializers
- [ ] Validate submitted canonical Ingredient IDs
- [ ] Reject nonexistent Ingredient references appropriately
- [ ] Prevent clients from assigning arbitrary Inventory ownership
- [ ] Implement Inventory retrieval
- [ ] Implement adding an Ingredient to Inventory
- [ ] Implement removing an Ingredient from Inventory
- [ ] Implement updating Inventory-specific information only if supported by `docs/database-design.md`
- [ ] Return API responses according to `docs/api-design.md`

### Authentication / Authorization

- [ ] Require authentication for persistent Inventory endpoints
- [ ] Derive Inventory ownership from authenticated request context
- [ ] Ensure Users can retrieve only their own Inventory
- [ ] Ensure Users can modify only their own Inventory
- [ ] Ensure Users can delete only their own Inventory items
- [ ] Reject or safely hide cross-user Inventory access according to the API's authorization behavior
- [ ] Do not accept arbitrary `user_id` values for Inventory ownership

### Performance

- [ ] Retrieve associated Ingredient information efficiently
- [ ] Avoid N+1 queries when serializing Inventory Items and Ingredients
- [ ] Ensure User Inventory lookup uses appropriate database indexing
- [ ] Avoid unnecessary repeated queries
- [ ] Keep Inventory queries suitable for later load/scalability testing

### Administration / Testing

- [ ] Register appropriate Inventory models with Django Admin
- [ ] Add model tests
- [ ] Add API tests
- [ ] Add authentication tests
- [ ] Add ownership/isolation tests
- [ ] Add duplicate-prevention tests
- [ ] Add invalid Ingredient tests
- [ ] Add query-efficiency tests where practical

## Data Relationship

Inventory must reference the shared canonical `Ingredient` model.

Conceptually:

```text
User
  │
  │ 1:N
  ▼
InventoryItem
  │
  │ N:1
  ▼
Ingredient
```

For example:

```text
User Inventory

├── Egg
├── Cabbage
├── Soy Sauce
└── Kimchi
```

Each Inventory entry references an existing canonical Ingredient.

Do not create Inventory-specific copies of Ingredient records.

Conceptually:

```text
Correct:

User
 │
 ▼
InventoryItem
 │
 ▼
Canonical Ingredient
```

Not:

```text
User
 │
 ▼
InventoryItem
 ├── ingredient_name = ""Egg""
 ├── ingredient_category = ""Dairy""
 └── duplicated Ingredient data
```

The canonical `Ingredient` model remains the authoritative source of Ingredient identity and metadata.

## Conceptual Model

Follow `docs/database-design.md` for the authoritative model.

Conceptually:

```text
InventoryItem
├── id
├── user
├── ingredient
└── created_at
```

If additional fields such as quantity, unit, expiration date, or other metadata are not defined by the database design, do not independently add them as part of this issue.

The minimum relationship is:

```text
User + Ingredient
       │
       ▼
InventoryItem
```

## Database Uniqueness

The same canonical Ingredient should not appear more than once in the same User's Inventory.

Conceptually:

```text
User A + Egg
      │
      ▼
InventoryItem #1

User A + Egg again
      │
      ▼
Rejected / Existing Relationship
```

But:

```text
User A + Egg
User B + Egg
```

is valid because each User maintains an independent Inventory.

The database should enforce uniqueness of:

```text
(user, ingredient)
```

using the constraint mechanism defined by the project's Django/database conventions.

Do not rely only on frontend duplicate prevention.

Do not rely only on a serializer check.

Conceptually:

```text
Frontend Prevention
        +
Serializer Validation
        +
Database Constraint
```

The database constraint is the final protection against duplicate relationships, including concurrent requests.

## Inventory Item ID vs. Ingredient ID

`InventoryItem.id` and `Ingredient.id` represent different entities.

Example:

```text
InventoryItem
├── id: 42
├── user: User A
└── ingredient
     ├── id: 10
     └── name: Egg
```

Here:

```text
42 = InventoryItem ID
10 = canonical Ingredient ID
```

Adding an Inventory Item conceptually uses the canonical Ingredient ID:

```json
{
  ""ingredient_id"": 10
}
```

The resulting Inventory relationship may have its own Inventory Item ID:

```json
{
  ""id"": 42,
  ""ingredient"": {
    ""id"": 10,
    ""name"": ""Egg""
  }
}
```

Do not confuse these identifiers when implementing retrieval, update, or deletion.

## API

Expected endpoints should follow `docs/api-design.md`.

Conceptually:

```text
GET    /api/inventory/
POST   /api/inventory/
PATCH  /api/inventory/{id}/
DELETE /api/inventory/{id}/
```

`docs/api-design.md` remains authoritative.

If Inventory Items contain no mutable Inventory-specific fields, `PATCH` may not be necessary.

Do not invent mutable Inventory fields solely to justify an update endpoint.

For the minimum Inventory relationship, the primary operations may simply be:

```text
GET
POST
DELETE
```

If `PATCH` is part of the documented API because Inventory metadata exists, implement only the supported fields.

## Retrieve Inventory

Conceptually:

```text
GET /api/inventory/
```

The backend determines the User from authenticated context.

```text
Authenticated Request
        │
        ▼
request.user
        │
        ▼
InventoryItem.objects.filter(user=request.user)
```

Conceptual response:

```json
[
  {
    ""id"": 1,
    ""ingredient"": {
      ""id"": 10,
      ""name"": ""Egg""
    }
  },
  {
    ""id"": 2,
    ""ingredient"": {
      ""id"": 14,
      ""name"": ""Kimchi""
    }
  }
]
```

The exact response structure must follow `docs/api-design.md`.

The client should not need to submit:

```text
GET /api/inventory/?user_id=123
```

to retrieve its own Inventory.

## Add Ingredient

Conceptually:

```text
POST /api/inventory/
```

Request:

```json
{
  ""ingredient_id"": 10
}
```

Flow:

```text
Authenticated User
        │
        ▼
ingredient_id = 10
        │
        ▼
Validate Canonical Ingredient
        │
        ▼
Create:

InventoryItem
├── user = request.user
└── ingredient = Ingredient #10
```

The frontend must not control the `user` relationship.

Do not accept:

```json
{
  ""user_id"": 123,
  ""ingredient_id"": 10
}
```

as a way for the client to choose Inventory ownership.

## Remove Ingredient

Conceptually:

```text
DELETE /api/inventory/{id}/
```

The `{id}` represents the Inventory Item according to the documented API contract.

Deletion must be scoped to the authenticated User.

Conceptually:

```text
InventoryItem ID 42

Authenticated User A
        │
        ▼
Does Item 42 belong to User A?
        │
        ├── Yes → Delete
        │
        └── No  → Reject / Not Accessible
```

Do not perform:

```python
InventoryItem.objects.get(id=item_id)
```

and delete it without ownership scoping.

Conceptually, ownership must be part of the lookup:

```text
Inventory Item ID
       +
Authenticated User
       │
       ▼
Authorized Inventory Item
```

The exact implementation may use queryset scoping, object permissions, or another project-standard Django/DRF approach.

## Update Inventory Item

Implement `PATCH` only if the Inventory data model contains mutable Inventory-specific fields.

For example, if the documented model eventually contains:

```text
InventoryItem
├── ingredient
├── quantity
├── unit
└── expiration_date
```

then:

```text
PATCH /api/inventory/{id}/
```

may be appropriate.

However, if `InventoryItem` only represents:

```text
User ↔ Ingredient
```

then changing the Ingredient relationship itself is generally unnecessary.

The User can:

```text
DELETE old InventoryItem
POST new InventoryItem
```

Follow `docs/database-design.md` and `docs/api-design.md`.

Do not independently expand Inventory scope.

## Authentication & Authorization

Persistent Inventory is private User-owned data.

All Inventory API operations require authentication.

Conceptually:

```text
User A
→ User A Inventory
✓ Allowed

User A
→ User B Inventory
✗ Not Allowed

User B
→ User B Inventory
✓ Allowed

Guest
→ Persistent User Inventory
✗ Not Allowed
```

Authorization must be enforced by the backend.

Frontend route visibility is not authorization.

For example:

```text
Frontend hides Inventory button
```

does **not** protect:

```text
/api/inventory/
```

The backend must independently enforce authentication and ownership.

## Ownership

Inventory ownership must come from authenticated request context.

Conceptually:

```text
Authentication
      │
      ▼
request.user
      │
      ▼
Inventory Query
      │
      ▼
Only This User's Inventory
```

Never trust:

```text
user_id
```

provided by the client to determine ownership.

For creation:

```text
InventoryItem.user = request.user
```

conceptually.

For retrieval/update/delete:

```text
Inventory queryset
        │
        ▼
Filter by authenticated User
```

before object access.

This prevents cross-user access even if a User guesses another Inventory Item ID.

## Cross-User Access

Assume:

```text
User A Inventory:

Item 10 → Egg
Item 11 → Rice

User B Inventory:

Item 20 → Chicken
```

If User A attempts:

```text
DELETE /api/inventory/20/
```

User A must not be able to delete User B's Chicken entry.

Likewise, User A must not be able to retrieve or modify Item 20 through any Inventory endpoint.

The exact HTTP response for inaccessible objects should follow the project's API/security conventions.

The critical requirement is that no unauthorized Inventory data or modification is allowed.

## Invalid Ingredient IDs

Inventory Items must reference existing canonical Ingredients.

Example:

```json
{
  ""ingredient_id"": 999999
}
```

If Ingredient `999999` does not exist:

```text
Request
   │
   ▼
Validation
   │
   ▼
Invalid Ingredient
   │
   ▼
Appropriate API Error
```

Do not:

- Create Ingredient `999999`
- Store `""999999""` as arbitrary Ingredient text
- Silently create a new canonical Ingredient
- Create an invalid foreign-key relationship

The Ingredient Foundation remains authoritative.

## Guest vs. Registered User Inventory

This module is specifically responsible for **persistent Registered User Inventory**.

### Registered User

```text
Registered User
      │
      ▼
Canonical Ingredient
      │
      ▼
Inventory API
      │
      ▼
InventoryItem
      │
      ▼
Database
```

### Guest

Guest Ingredient input remains temporary:

```text
Guest
  │
  ▼
Ingredient Selection
  │
  ▼
Temporary Frontend State
  │
  ▼
Recommendation Request
```

Guests should still be able to select Ingredients and request Recipe Recommendations through the appropriate Guest workflow.

Their Ingredient selections do **not** become persistent `InventoryItem` records.

Do not create anonymous Inventory ownership such as:

```text
AnonymousUser
    │
    ▼
InventoryItem
```

for this feature.

## Recommendation Integration

Both Guest selections and Registered User Inventory eventually feed the same Recommendation Service.

```text
Guest Ingredient IDs ─────────┐
                              │
                              ▼
                    RecommendationService
                              ▲
                              │
Saved User Inventory ─────────┘
```

Inventory's responsibility ends after providing the User's available canonical Ingredients.

Conceptually:

```text
Inventory
    │
    ▼
Ingredient IDs
    │
    ▼
RecommendationService
```

The Inventory app must not determine Recipe eligibility, missing Recipe Ingredients, or match scores.

## Query Efficiency

Inventory retrieval should efficiently include the associated canonical Ingredient data.

Avoid:

```text
GET User Inventory
       │
       ▼
Inventory Item 1
       │
       └── Query Ingredient

Inventory Item 2
       │
       └── Query Ingredient

Inventory Item 3
       │
       └── Query Ingredient

...
```

This creates N+1 query behavior.

Prefer efficient relationship retrieval.

Conceptually:

```text
Inventory Query
      │
      ▼
Inventory Items
      +
Related Ingredients
      │
      ▼
Serialize Results
```

Django techniques such as:

```text
select_related()
```

may be appropriate for the `InventoryItem → Ingredient` foreign-key relationship.

The exact implementation is left to the developer.

The requirement is efficient query behavior.

## Scalability / Performance

Inventory queries should remain efficient as the number of Users and Inventory Items grows.

Requirements:

- Inventory lookup should be scoped by authenticated User at the database level.
- User ownership fields should support efficient lookup.
- `(user, ingredient)` uniqueness should be enforced by the database.
- Related Ingredient information should be retrieved efficiently.
- Inventory serialization should avoid N+1 queries.
- The API should not load Inventory belonging to unrelated Users and filter it later in Python.
- Database filtering should occur before serialization.
- Inventory operations should not require scanning the complete Inventory table.

Prefer:

```text
Authenticated User
       │
       ▼
Indexed User Lookup
       │
       ▼
Only User's Inventory
       │
       ▼
Related Ingredients
```

Avoid:

```text
Load Every InventoryItem
       │
       ▼
Python
       │
       ▼
Filter Current User
```

## Database Indexing

Use the indexes and constraints defined by `docs/database-design.md`.

Because Inventory retrieval frequently filters by User:

```text
WHERE user_id = ?
```

the relationship should support efficient User lookup.

The `(user, ingredient)` uniqueness constraint may also provide useful database indexing depending on the database implementation.

Do not create redundant indexes without checking existing foreign-key indexes and constraints.

The goal is appropriate query performance, not maximizing the number of indexes.

## Concurrency / Duplicate Protection

Duplicate prevention must remain correct even if two requests attempt to add the same Ingredient at nearly the same time.

For example:

```text
Request A:
Add Egg

Request B:
Add Egg
```

Both requests may pass application-level duplicate checks before either completes.

Therefore:

```text
Database Unique Constraint
```

must remain the final source of truth.

The API should handle a duplicate creation attempt according to the documented API behavior rather than creating two Inventory rows.

Conceptually:

```text
Application Validation
        │
        ▼
Database Constraint
        │
        ▼
At Most One:
(User, Ingredient)
```

## Security & Scalability Requirements

### Security

- Inventory endpoints require authentication.
- Inventory is private User-owned data.
- User identity comes from authenticated request context.
- Clients cannot select arbitrary Inventory owners.
- Users can retrieve only their own Inventory.
- Users can modify only their own Inventory.
- Users can delete only their own Inventory.
- Guest Users cannot create persistent Inventory records.
- Ingredient IDs are validated against canonical Ingredient data.
- Backend authorization remains authoritative.
- Frontend behavior must not be relied upon for Inventory security.
- Cross-user object IDs must not bypass ownership enforcement.
- Do not expose unrelated private User information through Inventory responses.

### Scalability / Performance

- Inventory retrieval must filter by User in the database.
- Inventory retrieval should efficiently include associated Ingredient information.
- Avoid N+1 queries when returning Inventory Items and Ingredients.
- The `(user, ingredient)` relationship must be unique at the database level.
- User ownership fields should support efficient frequent Inventory lookup.
- Avoid unnecessary repeated queries.
- Do not load unrelated Users' Inventory into application memory.
- Inventory behavior should remain suitable for later automated load testing.

## Additional Acceptance Criteria

- [ ] Inventory endpoints require authentication
- [ ] User identity comes from authenticated request context
- [ ] Users cannot access another User's Inventory
- [ ] Users cannot modify another User's Inventory
- [ ] Users cannot delete another User's Inventory Items
- [ ] Clients cannot assign arbitrary Inventory ownership
- [ ] Duplicate `(user, ingredient)` relationships are prevented at the database level
- [ ] Concurrent duplicate creation cannot create multiple relationships
- [ ] Inventory retrieval avoids obvious N+1 queries
- [ ] Inventory serialization avoids obvious N+1 queries
- [ ] User Inventory lookup is appropriately indexed
- [ ] Inventory queries filter by User before serialization
- [ ] Canonical Ingredient references are validated
- [ ] Guest Users cannot create persistent Inventory records
- [ ] Inventory implementation can be exercised during later load testing

## Dependencies

**Blocked by:**

- Backend: Implement Ingredient Foundation

The canonical `Ingredient` model must exist before this task can be completed.

Persistent User ownership also depends on the project's User/authentication foundation.

Conceptually:

```text
Ingredient Foundation ───────┐
                             ├──→ InventoryItem
User/Auth Foundation ────────┘
```

This feature will later feed:

```text
Inventory
    │
    ▼
RecommendationService
```

but the Recommendation Engine does not need to be implemented for Inventory CRUD to work.

Do not create replacement Ingredient or User models to bypass dependencies.

## Important

Inventory is responsible for answering:

> What Ingredients does this Registered User have?

It is **not** responsible for:

- Determining which Recipes match
- Calculating Recommendation scores
- Determining missing Recipe Ingredients
- Managing Guest temporary Ingredient selections
- Defining canonical Ingredients
- Managing User authentication

Ownership remains:

```text
Ingredient App
    └── Canonical Ingredients

Inventory App
    └── User ↔ Ingredient persistence

Recommendation App
    └── Recipe matching

Authentication/User System
    └── User identity
```

Keep these responsibilities separate.

## Do NOT

- Create another Ingredient model
- Create another User model
- Duplicate Ingredient data inside `InventoryItem`
- Store Ingredients only as arbitrary strings
- Create arbitrary Ingredient IDs
- Silently create canonical Ingredients from Inventory requests
- Accept arbitrary `user_id` values to determine Inventory ownership
- Query Inventory without authenticated User scoping
- Allow Users to retrieve another User's Inventory
- Allow Users to modify another User's Inventory
- Allow Users to delete another User's Inventory
- Rely only on frontend checks for authorization
- Rely only on serializer validation for `(user, ingredient)` uniqueness
- Implement Recipe matching inside the Inventory app
- Implement Recommendation scoring inside the Inventory app
- Determine missing Recipe Ingredients inside the Inventory app
- Create persistent Inventory records for Guests
- Implement Guest temporary Ingredient state in the backend Inventory app
- Implement Shopping Lists as part of this task
- Implement Reviews as part of this task
- Implement frontend functionality
- Add unsupported quantity/expiration/unit fields without checking the database design
- Modify unrelated Django apps
- Change shared models or API contracts without discussing it with the team

## Acceptance Criteria

### Model / Data Integrity

- [ ] `InventoryItem` model exists according to `docs/database-design.md`
- [ ] Inventory Items reference the canonical `Ingredient` model
- [ ] Inventory Items reference the application's Registered User model
- [ ] Duplicate Ingredients for the same User are prevented
- [ ] `(user, ingredient)` uniqueness is enforced at the database level
- [ ] Required migration(s) are included
- [ ] Unsupported duplicate Ingredient data is not stored inside Inventory Items

### Functional

- [ ] Registered Users can retrieve their Inventory
- [ ] Registered Users can add Ingredients to their Inventory
- [ ] Registered Users can remove Ingredients from their Inventory
- [ ] Supported Inventory-specific information can be updated if defined by the data model
- [ ] Empty Inventory returns a valid empty state/response
- [ ] Invalid Ingredient IDs are handled appropriately
- [ ] Duplicate-add attempts are handled appropriately
- [ ] API responses follow `docs/api-design.md`

### Authentication / Authorization

- [ ] Inventory endpoints require authentication
- [ ] Guest Users cannot access persistent Inventory endpoints
- [ ] User identity comes from authenticated request context
- [ ] Clients do not select arbitrary Inventory ownership
- [ ] Users retrieve only their own Inventory
- [ ] Users cannot retrieve another User's Inventory Items
- [ ] Users cannot modify another User's Inventory Items
- [ ] Users cannot delete another User's Inventory Items
- [ ] Guessing another Inventory Item ID does not bypass ownership enforcement

### Architecture

- [ ] Inventory uses the shared canonical Ingredient model
- [ ] Inventory does not create another Ingredient model
- [ ] Inventory does not implement Recipe matching
- [ ] Inventory does not implement Recommendation scoring
- [ ] Inventory does not persist Guest Ingredient selections
- [ ] Inventory remains usable independently of Recommendation implementation

### Performance / Scalability

- [ ] Inventory retrieval filters by authenticated User in the database
- [ ] Inventory retrieval avoids obvious N+1 queries
- [ ] Ingredient serialization avoids one additional query per Inventory Item
- [ ] User Inventory lookup is appropriately indexed
- [ ] `(user, ingredient)` uniqueness is enforced efficiently
- [ ] Inventory does not load unrelated Users' records
- [ ] Query behavior is suitable for later scalability/load testing

### Testing / Quality

- [ ] Tests cover Inventory retrieval
- [ ] Tests cover Inventory creation
- [ ] Tests cover Inventory deletion
- [ ] Tests cover invalid Ingredient IDs
- [ ] Tests cover duplicate prevention
- [ ] Tests cover unauthenticated access
- [ ] Tests cover cross-user retrieval protection
- [ ] Tests cover cross-user modification/deletion protection
- [ ] Tests cover empty Inventory
- [ ] Tests cover update behavior if `PATCH` is supported
- [ ] Query-efficiency tests are included where practical
- [ ] `python manage.py check` passes
- [ ] `python manage.py test` passes
- [ ] Existing functionality still works

## Required Test Cases

At minimum, include tests for the following behaviors.

### Retrieve Own Inventory

```text
User A Inventory:
Egg
Rice

User A:
GET /api/inventory/

Expected:
Egg
Rice
```

User B's Inventory must not appear.

### Empty Inventory

```text
User A Inventory:
Empty

User A:
GET /api/inventory/

Expected:
Valid empty response
```

### Add Ingredient

```text
User A
+
Canonical Ingredient: Egg

POST /api/inventory/

{
  ""ingredient_id"": <egg_id>
}

Expected:

User A Inventory contains Egg
```

### Duplicate Ingredient

```text
User A Inventory:
Egg

User A attempts:
Add Egg again

Expected:

No second (User A, Egg) InventoryItem
```

The database uniqueness constraint must remain the final protection.

### Same Ingredient, Different Users

```text
User A:
Egg

User B:
Egg

Expected:

Valid
```

Uniqueness is per:

```text
(user, ingredient)
```

not globally per Ingredient.

### Invalid Ingredient

```text
POST /api/inventory/

{
  ""ingredient_id"": 999999
}

Expected:

Appropriate validation response
No InventoryItem created
No new Ingredient created
```

### Unauthenticated Access

```text
Guest:

GET /api/inventory/
POST /api/inventory/
DELETE /api/inventory/{id}/

Expected:

Authentication required
```

### Cross-User Retrieval

```text
User A owns:
InventoryItem #10

User B attempts to retrieve/access:
InventoryItem #10

Expected:

Not accessible
```

### Cross-User Delete

```text
User A owns:
InventoryItem #10 → Egg

User B:

DELETE /api/inventory/10/

Expected:

Rejected / Not Accessible

User A's Egg remains.
```

### Cross-User Update

If `PATCH` is supported:

```text
User A owns:
InventoryItem #10

User B:

PATCH /api/inventory/10/

Expected:

Rejected / Not Accessible
```

### Canonical Ingredient Relationship

```text
Ingredient #10:
Egg

InventoryItem:
ingredient_id = 10

Expected:

Inventory references Ingredient #10.

It does NOT create another ""Egg"" record.
```

### Query Efficiency

Create multiple Inventory Items:

```text
User A:

Egg
Rice
Chicken
Soy Sauce
Kimchi
```

Retrieve:

```text
GET /api/inventory/
```

Verify that associated Ingredient serialization does not produce one additional Ingredient query for every Inventory Item.

The exact query-count expectation should be based on the final implementation and test setup rather than an arbitrary number defined here.

## Before Submitting

Update the branch with the latest `main`, especially after the Ingredient Foundation and User/authentication foundation have been merged.

Run:

```bash
cd backend
python manage.py check
python manage.py test
```

Manually test authenticated Inventory operations:

```text
Sign In as User A
→ GET Inventory
→ Add Ingredient
→ GET Inventory
→ Remove Ingredient
→ GET Inventory
```

Test duplicate prevention:

```text
Add Egg
→ Add Egg Again
→ Confirm No Duplicate Relationship
```

Test authorization:

```text
User A Creates Inventory Item
→ Sign In as User B
→ Attempt to Access/Modify/Delete User A Item
→ Confirm Access Is Prevented
```

Test Guest behavior:

```text
Not Authenticated
→ Attempt Persistent Inventory Operation
→ Authentication Required
```

Review database/query behavior to confirm Inventory retrieval does not introduce obvious N+1 Ingredient queries.

Then open a Pull Request into `main`.

**Do not push feature implementation directly to `main`.**

## Suggested Branch

`feature/inventory`"
4,Backend: Implement Recipe Models & API,open,sophia-dao,,"backend, MVP, blocked",2026-09-29T04:11:05Z,2026-09-29T18:08:16Z,,https://github.com/sophia-dao/cloud_computing_proj/issues/4,"## Goal

Implement the core Recipe domain and REST API.

Recipes must use the shared canonical `Ingredient` model so Recipe data can later be used consistently by:

- Inventory
- Recipe Search and Filtering
- Recommendation Engine
- Recipe Detail
- Saved Recipes
- Other Recipe-related features

This task establishes the authoritative Recipe data structure for the application.

The Recipe domain is responsible for describing:

> What is this Recipe, what Ingredients does it require, how is it prepared, and how is it classified?

It is **not** responsible for determining whether a User can make the Recipe.

## Where to Work

Backend code is located in:

`backend/`

The Recipe Django app is located in:

`backend/apps/recipes/`

Primary locations for this task:

- `backend/apps/recipes/models.py` — Recipe, RecipeIngredient, and Tag models
- `backend/apps/recipes/serializers.py` — API serialization and validation
- `backend/apps/recipes/views.py` — Recipe API views
- `backend/apps/recipes/urls.py` — Recipe API routes
- `backend/apps/recipes/admin.py` — Django Admin registration
- `backend/apps/recipes/tests/` — Recipe tests

Create files/directories if they do not already exist.

The Recipe module will reference:

- `backend/apps/ingredients/` — canonical Ingredient data

Relevant documentation:

- `backend/README.md`
- `docs/database-design.md`
- `docs/api-design.md`
- `docs/system-design.md`
- `CONTRIBUTING.md`

## Core Responsibility

The Recipe module answers:

> What is this Recipe?

and:

> What Ingredients does this Recipe require?

Conceptually:

```text
Recipe
   │
   ├── Name
   ├── Description
   ├── Instructions
   ├── Image / Media Reference
   ├── Metadata
   ├── Tags
   │
   └── RecipeIngredient
          │
          ├── Ingredient
          ├── Quantity
          ├── Unit
          └── Required / Optional
```

The Recipe module does **not** answer:

> Can this User make this Recipe?

That belongs to the Recommendation module.

```text
Recipe Domain
     │
     ▼
Recipe Requirements
     │
     ▼
RecommendationService
     ▲
     │
Available User Ingredients
```

## Tasks

### Recipe Model

- [ ] Implement the `Recipe` model according to `docs/database-design.md`
- [ ] Store Recipe name/title
- [ ] Store Recipe description where supported
- [ ] Store cooking instructions
- [ ] Support Recipe image/media reference where defined
- [ ] Support Recipe metadata defined by the database design
- [ ] Add appropriate timestamps if defined by the database design
- [ ] Add appropriate indexes for frequently searched/filterable fields
- [ ] Create and commit required Django migrations

### RecipeIngredient Model

- [ ] Implement the `RecipeIngredient` relationship model
- [ ] Associate `RecipeIngredient` with a Recipe
- [ ] Reference the shared canonical `Ingredient` model
- [ ] Support required vs. optional Ingredients
- [ ] Store Ingredient quantity where applicable
- [ ] Store Ingredient unit where applicable
- [ ] Support Ingredient display/order information if defined by the database design
- [ ] Prevent invalid duplicate Recipe/Ingredient relationships where appropriate
- [ ] Enforce applicable uniqueness constraints at the database level
- [ ] Validate quantity/unit/optional fields

### Tag Model

- [ ] Implement the shared Recipe `Tag` model according to `docs/database-design.md`
- [ ] Support Recipe ↔ Tag many-to-many relationships
- [ ] Support documented Tag types such as:
  - `DIET`
  - `CUISINE`
  - `COST`
  - `OTHER`
- [ ] Validate Tag type values
- [ ] Prevent invalid duplicate Tags according to the documented data model
- [ ] Include Tags in appropriate Recipe API responses
- [ ] Add indexes/constraints required for efficient Tag filtering
- [ ] Keep Tag classifications reusable by later Search/Filtering functionality

### API / Serialization

- [ ] Create Recipe serializers
- [ ] Create RecipeIngredient serializers
- [ ] Create Tag serializers where appropriate
- [ ] Validate Recipe input through backend serializers
- [ ] Validate RecipeIngredient input through backend serializers
- [ ] Validate Tag input through backend serializers
- [ ] Implement Recipe list endpoint
- [ ] Implement Recipe detail endpoint
- [ ] Return nested Ingredient information where required by `docs/api-design.md`
- [ ] Return Recipe Tags where required by `docs/api-design.md`
- [ ] Return Recipe media references/URLs where applicable
- [ ] Support pagination for Recipe list responses
- [ ] Ensure API responses follow `docs/api-design.md`

### Permissions

- [ ] Allow public Recipe read access where defined by the API contract
- [ ] Ensure public read access does not imply unrestricted modification access
- [ ] Protect Recipe create/update/delete operations with appropriate backend permissions
- [ ] Protect RecipeIngredient modification through appropriate permissions
- [ ] Protect Tag modification through appropriate permissions
- [ ] Do not rely on frontend visibility for authorization

### Performance

- [ ] Avoid N+1 queries when retrieving Recipe Ingredients
- [ ] Avoid N+1 queries when retrieving canonical Ingredient information
- [ ] Avoid N+1 queries when retrieving Recipe Tags
- [ ] Optimize Recipe list retrieval
- [ ] Optimize Recipe detail retrieval
- [ ] Ensure serializers do not reintroduce N+1 queries
- [ ] Use database filtering/query optimization where appropriate
- [ ] Keep Recipe endpoints suitable for later scalability/load testing

### Administration / Testing

- [ ] Register appropriate Recipe models with Django Admin
- [ ] Add Recipe model tests
- [ ] Add RecipeIngredient tests
- [ ] Add Tag tests
- [ ] Add Recipe list API tests
- [ ] Add Recipe detail API tests
- [ ] Add validation tests
- [ ] Add permission tests
- [ ] Add pagination tests
- [ ] Add query-efficiency tests where practical

## Data Relationships

### Recipe ↔ Ingredient

Recipes must reference the shared canonical Ingredient model.

```text
Recipe
   │
   │ 1:N
   ▼
RecipeIngredient
   │
   │ N:1
   ▼
Ingredient
```

Conceptually:

```text
Chicken Fried Rice
│
├── Chicken Breast
│     quantity: 200
│     unit: g
│     optional: false
│
├── White Rice
│     quantity: 2
│     unit: cup
│     optional: false
│
├── Egg
│     quantity: 2
│     unit: item
│     optional: false
│
└── Green Onion
      quantity: 1
      unit: item
      optional: true
```

Do not store the Ingredient only as Recipe-specific text.

Avoid:

```text
RecipeIngredient
├── ingredient_name = ""Chicken Breast""
├── quantity = 200
└── unit = ""g""
```

Prefer:

```text
RecipeIngredient
├── ingredient → Ingredient #12
├── quantity = 200
└── unit = ""g""
```

where:

```text
Ingredient #12
└── name = ""Chicken Breast""
```

The canonical `Ingredient` model remains the authoritative source for Ingredient identity.

## RecipeIngredient Relationship

`RecipeIngredient` represents the relationship between a Recipe and a canonical Ingredient.

Conceptually:

```text
RecipeIngredient
├── id
├── recipe
├── ingredient
├── quantity
├── unit
├── optional
└── order / position (if defined)
```

Follow `docs/database-design.md` for the authoritative fields.

Do not independently add fields that are not part of the project's data design.

### Required vs. Optional

Required Ingredients:

```text
optional = false
```

Optional Ingredients:

```text
optional = true
```

This distinction is important because the Recommendation Engine will later use required Ingredients when determining Recipe eligibility.

For example:

```text
Recipe:

Required:
- Chicken
- Rice
- Egg

Optional:
- Green Onion
```

A User missing Green Onion may still be able to make the Recipe.

The Recipe domain stores this distinction.

The Recommendation domain decides how that distinction affects matching.

## RecipeIngredient Uniqueness

A Recipe should not accidentally contain duplicate relationships to the same canonical Ingredient unless the database design explicitly supports such behavior.

For example:

```text
Chicken Fried Rice
├── Egg
├── Rice
└── Egg
```

would normally represent duplicate RecipeIngredient data.

Where appropriate, enforce uniqueness of:

```text
(recipe, ingredient)
```

at the database level.

Conceptually:

```text
Recipe #1 + Ingredient #10
            │
            ▼
      RecipeIngredient

Recipe #1 + Ingredient #10 again
            │
            ▼
        Rejected
```

But:

```text
Recipe #1 + Egg
Recipe #2 + Egg
```

is valid.

The same canonical Ingredient can belong to many Recipes.

If the documented database design intentionally permits the same Ingredient to appear multiple times in one Recipe for separate steps or sections, follow that design instead.

## Quantity

Quantity should represent the amount of an Ingredient required by the Recipe where applicable.

Conceptually:

```text
Chicken Breast
quantity = 200
unit = ""g""
```

or:

```text
Egg
quantity = 2
unit = ""item""
```

Quantity validation should reject clearly invalid values according to the database design.

For example, negative quantities should not be silently accepted unless the documented model has a specific reason to support them.

Do not use floating-point storage if the database design specifies a more appropriate numeric representation such as a decimal field.

Follow `docs/database-design.md`.

## Unit

Ingredient unit should follow the representation defined by the database design.

Examples may include:

```text
g
kg
ml
cup
tbsp
tsp
item
```

Do not independently create a second unit-classification system if units are already defined elsewhere in the project.

If units are stored as controlled choices, validate against those choices.

If units are stored as strings according to the database design, apply the documented validation rules.

## Ingredient Ordering

Recipe Ingredients should be returned in a deterministic order.

If `docs/database-design.md` defines a position/order field, use it.

Conceptually:

```text
RecipeIngredient

position 1 → Chicken
position 2 → Rice
position 3 → Egg
position 4 → Soy Sauce
```

The same Recipe should not display Ingredients in an unpredictable order between requests.

If no explicit order field exists, use a stable ordering consistent with the project's model/API design.

Do not introduce an ordering field independently if the database design explicitly defines another approach.

## Recipe ↔ Tag Relationship

Recipes may be classified using shared Tags.

Conceptually:

```text
Recipe
  │
  │ M:N
  ▼
Tag
```

Example:

```text
Kimchi Fried Rice
│
├── CUISINE → Korean
├── DIET    → Vegetarian
├── COST    → Cheap
└── OTHER   → Quick
```

These Tags will later support Recipe Search and Filtering.

Tag relationships must use structured application data.

Do not infer classifications from Recipe names or descriptions.

Avoid:

```python
if ""korean"" in recipe.description.lower():
    cuisine = ""Korean""
```

Prefer:

```text
Recipe
  │
  ▼
Tag(type=CUISINE, name=Korean)
```

## Tag Types

Support the Tag types defined by `docs/database-design.md`.

Expected categories include:

```text
DIET
CUISINE
COST
OTHER
```

Examples:

```text
DIET
├── Vegan
├── Vegetarian
└── Halal

CUISINE
├── Vietnamese
├── Korean
├── Japanese
├── Italian
└── Mexican

COST
├── Cheap
├── Moderate
└── Expensive

OTHER
├── Quick
├── Easy
└── High Protein
```

These are conceptual examples.

Do not independently add unsupported Tag values.

The database design/data seeding strategy remains authoritative for available Tags.

## Tag Identity / Uniqueness

Tag identity should follow `docs/database-design.md`.

For example, if Tag identity is conceptually:

```text
(type, name)
```

then duplicate relationships such as:

```text
CUISINE → Korean
CUISINE → Korean
```

should not produce separate equivalent Tag records.

However:

```text
CUISINE → American
OTHER   → American
```

may represent distinct classifications if allowed by the documented model.

Use database constraints where appropriate.

Do not rely only on frontend behavior to prevent duplicate Tag data.

## Recipe Media

Recipe images/media must not be stored as raw binary data inside the relational database.

Prefer:

```text
Recipe
  │
  ▼
Media Reference / Storage Key / URL
  │
  ▼
Configured Media Storage
```

Conceptually:

```text
Recipe Table
├── id
├── name
├── description
└── image reference
```

Not:

```text
Recipe Table
├── id
├── name
└── image binary blob
```

The exact storage mechanism should follow `docs/system-design.md`.

For example, if the system architecture uses object storage:

```text
Recipe
   │
   ▼
Storage Reference
   │
   ▼
Object Storage
```

The Recipe API may expose the appropriate media URL/reference according to the documented API contract.

Do not hardcode storage-provider URLs into Recipe business logic.

## API

Expected initial endpoints:

```text
GET /api/recipes/
GET /api/recipes/{id}/
```

Follow `docs/api-design.md` for the authoritative API contract.

### Recipe List

Conceptually:

```text
GET /api/recipes/
```

returns a paginated collection of Recipes.

The list response should include only the information required by the documented API.

Do not unnecessarily return large Recipe payloads if the list contract defines a smaller representation.

Conceptually:

```json
{
  ""count"": 100,
  ""next"": ""..."",
  ""previous"": null,
  ""results"": [
    {
      ""id"": 1,
      ""name"": ""Chicken Fried Rice"",
      ""description"": ""A simple chicken fried rice recipe."",
      ""image"": ""..."",
      ""tags"": [
        {
          ""id"": 4,
          ""name"": ""Korean"",
          ""type"": ""CUISINE""
        }
      ]
    }
  ]
}
```

The exact pagination/response structure must follow `docs/api-design.md`.

### Recipe Detail

Conceptually:

```text
GET /api/recipes/1/
```

The Recipe detail response should provide enough information for the frontend Recipe Detail page to display the Recipe.

Conceptual response:

```json
{
  ""id"": 1,
  ""name"": ""Chicken Fried Rice"",
  ""description"": ""A simple chicken fried rice recipe."",
  ""instructions"": ""..."",
  ""image"": ""..."",
  ""tags"": [
    {
      ""id"": 4,
      ""name"": ""Asian"",
      ""type"": ""OTHER""
    }
  ],
  ""ingredients"": [
    {
      ""ingredient"": {
        ""id"": 1,
        ""name"": ""Chicken Breast""
      },
      ""quantity"": 200,
      ""unit"": ""g"",
      ""optional"": false
    },
    {
      ""ingredient"": {
        ""id"": 8,
        ""name"": ""Green Onion""
      },
      ""quantity"": 1,
      ""unit"": ""item"",
      ""optional"": true
    }
  ]
}
```

The exact structure must follow `docs/api-design.md`.

## Public Read Access

Recipe viewing is public functionality.

Conceptually:

```text
Guest ──────────────┐
                    ├──→ GET Recipe List
Registered User ────┤
                    └──→ GET Recipe Detail
```

Authentication should not be required simply to browse public Recipes unless the authoritative API design specifies otherwise.

Public read access does **not** imply public write access.

## Modification Permissions

Recipe creation/modification is separate from Recipe viewing.

Conceptually:

```text
GET Recipe
     │
     ├── Guest ✓
     └── Registered User ✓

POST/PATCH/DELETE Recipe
     │
     ▼
Authorized Role / Permission Required
```

The exact roles allowed to create/update/delete Recipes should follow the project's authentication/authorization design.

Do not assume:

```text
Authenticated User = Can Modify Every Recipe
```

unless explicitly defined by the requirements.

Backend permissions must enforce modification access.

Frontend button visibility is not authorization.

## Validation

Backend serializers/models must validate Recipe data.

Examples include:

- Required Recipe fields
- Valid Ingredient references
- Valid Tag references
- Valid Tag types
- Valid quantity values
- Valid units where controlled
- Required/optional Ingredient state
- Duplicate RecipeIngredient relationships
- Duplicate Tag relationships where applicable
- Supported Recipe metadata

Invalid requests should return appropriate API validation responses.

Do not silently create canonical Ingredients when an invalid Ingredient ID is supplied.

Example:

```json
{
  ""ingredient_id"": 999999,
  ""quantity"": 2,
  ""unit"": ""item""
}
```

If Ingredient `999999` does not exist:

```text
Validation Error
```

Not:

```text
Create Ingredient #999999
```

## Security Requirements

### Input Validation

All Recipe, RecipeIngredient, and Tag write operations must be validated by the backend.

Do not trust client-provided data simply because it came from the application's frontend.

### Permissions

Public Recipe read access must remain separate from modification permissions.

For example:

```text
GET /api/recipes/1/
✓ Public

DELETE /api/recipes/1/
✗ Public
```

Modification operations require the permissions defined by the application's authorization design.

### Safe Output

Recipe text should be returned as normal structured data.

Do not introduce unsanitized executable content into Recipe API responses.

If rich-text/HTML Recipe instructions are ever supported, sanitization behavior must follow the project's documented security design.

### Credentials

Recipe models/API responses must not expose:

- Database credentials
- AWS credentials
- Storage secrets
- Authentication secrets
- Internal service credentials

Media responses should expose only the references/URLs appropriate for clients.

## Scalability / Performance Requirements

### Pagination

Recipe list endpoints must support pagination.

Avoid:

```text
GET /api/recipes/
       │
       ▼
Return Every Recipe
```

as the Recipe dataset grows.

Prefer:

```text
GET /api/recipes/
       │
       ▼
Paginated Query
       │
       ▼
Bounded Result Set
```

Pagination behavior should follow `docs/api-design.md`.

### RecipeIngredient Query Efficiency

Avoid:

```text
Recipe List
   │
   ▼
Recipe 1
   └── Query Ingredients

Recipe 2
   └── Query Ingredients

Recipe 3
   └── Query Ingredients

...
```

This creates N+1 query behavior.

Use appropriate Django query optimization.

Possible techniques include:

```text
select_related()
prefetch_related()
Prefetch()
```

where appropriate.

For example:

```text
Recipe
   │
   ▼
RecipeIngredient
   │
   ▼
Ingredient
```

can be retrieved efficiently through properly prefetched relationships.

### Tag Query Efficiency

Likewise, avoid:

```text
Recipe 1 → Query Tags
Recipe 2 → Query Tags
Recipe 3 → Query Tags
...
```

Recipe Tags should be prefetched efficiently where they are included in API responses.

### Serializer Query Efficiency

An efficient view queryset can still become inefficient if serializer methods execute additional queries.

Avoid serializer behavior conceptually equivalent to:

```text
For every Recipe:
    query Ingredients
    query Tags
```

The queryset and serializer design should work together to avoid obvious N+1 behavior.

### Search / Filtering Preparation

Later Recipe Search/Filtering will query fields and relationships such as:

```text
Recipe Name
Tags
RecipeIngredient
Ingredient
```

Fields frequently searched or filtered should use appropriate indexes according to `docs/database-design.md`.

Do not create excessive/redundant indexes without checking:

- Existing primary-key indexes
- Foreign-key indexes
- Unique constraints
- Database behavior

The goal is efficient query patterns, not maximizing index count.

## Scalability Testing Preparation

Recipe endpoints will later participate in system scalability/load testing.

The implementation should support measurement of:

- Requests per second
- Average response latency
- p95 response latency
- Error rate
- Database query behavior
- CPU/resource utilization

This issue does not need to invent arbitrary performance targets unless those targets are already defined in `docs/system-design.md`.

However, it must avoid architectural problems that obviously prevent scaling, including:

- Unbounded Recipe list responses
- N+1 Ingredient queries
- N+1 Tag queries
- Binary image storage in the relational database
- Loading the complete Recipe dataset unnecessarily
- Python-side filtering that should occur in the database

## Search / Filtering Preparation

This issue establishes the structured Recipe data that Issue #13 will later query.

Conceptually:

```text
Recipe
  │
  ├── Name
  │
  ├── Tags
  │     ├── DIET
  │     ├── CUISINE
  │     ├── COST
  │     └── OTHER
  │
  └── RecipeIngredient
          │
          ▼
      Ingredient
```

Later:

```text
Search / Filters
      │
      ▼
Structured Recipe Data
      │
      ▼
Filtered Recipes
```

Issue #4 should establish the relationships.

It should **not** implement the complete Recipe Search/Filtering behavior assigned to Issue #13.

## Recommendation Preparation

This issue also establishes the data the Recommendation Engine will consume.

Conceptually:

```text
Recipe
   │
   ▼
RecipeIngredient
   │
   ├── Canonical Ingredient
   └── Required / Optional
          │
          ▼
RecommendationService
```

The Recipe module stores:

```text
Recipe Requirements
```

The Recommendation module later compares those requirements against:

```text
Available User Ingredients
```

Do not put that comparison logic inside the Recipe app.

## Inventory Relationship

Inventory and RecipeIngredient both reference the same canonical Ingredient model.

Conceptually:

```text
                 Ingredient
                 ▲        ▲
                 │        │
                 │        │
        InventoryItem   RecipeIngredient
             ▲                ▲
             │                │
            User            Recipe
```

This shared canonical identity is what allows the Recommendation Engine to compare:

```text
User Inventory Ingredient IDs
```

against:

```text
Recipe Required Ingredient IDs
```

without string matching.

This is an important architectural requirement.

## Saved Recipe Preparation

Saved Recipes will later reference the Recipe record itself.

Conceptually:

```text
User
  │
  ▼
SavedRecipe
  │
  ▼
Recipe
```

Issue #4 only establishes the authoritative Recipe record.

It should not implement User Saved Recipe relationships.

## Dependencies

**Blocked by:**

- Backend: Implement Ingredient Foundation

The shared canonical `Ingredient` model must be available before this feature is completed.

Conceptually:

```text
Ingredient Foundation
        │
        ▼
Recipe + RecipeIngredient
        │
        ├──→ Recommendation Engine
        ├──→ Recipe Search / Filtering
        ├──→ Recipe Detail
        └──→ Saved Recipes
```

If the Ingredient model has not been merged yet, do not create a duplicate temporary Ingredient model.

The Tag model belongs to the Recipe domain according to the current database design and should be implemented as part of this issue.

## Important

The Recipe domain describes Recipe data.

It should answer:

> What is this Recipe?

> What Ingredients does it require?

> Which Ingredients are optional?

> How much of each Ingredient is needed?

> How is the Recipe prepared?

> How is the Recipe classified?

It should **not** answer:

> Does this User have enough Ingredients?

> What percentage of this Recipe can this User make?

> Which Ingredients is this User missing?

> Should this Recipe be recommended to this User?

Those questions belong to other modules.

Conceptually:

```text
Recipe Module
     │
     ▼
Recipe Definition
     │
     ▼
Other Services
```

Ownership should remain:

```text
Ingredient App
    └── Canonical Ingredients

Recipe App
    ├── Recipes
    ├── RecipeIngredient relationships
    └── Recipe Tags

Inventory App
    └── User's available Ingredients

Recommendation App
    └── Recipe matching

Search / Filtering
    └── Recipe lookup/filter queries
```

## Do NOT

- Create another Ingredient model
- Duplicate canonical Ingredient information inside `RecipeIngredient`
- Store Ingredients only as arbitrary Recipe-specific strings
- Silently create canonical Ingredients from Recipe requests
- Create duplicate RecipeIngredient relationships where the data model prohibits them
- Implement Recommendation scoring in the Recipe app
- Determine whether a User can make a Recipe
- Determine missing User Ingredients
- Implement User Inventory logic in the Recipe app
- Implement persistent User Saved Recipes in this task
- Implement full Recipe Search/Filtering behavior assigned to the Search issue
- Infer Tags from Recipe names/descriptions
- Implement AI-generated Recipes
- Implement AI Recipe parsing
- Store Recipe image binary data directly in the relational database
- Hardcode storage-provider credentials
- Allow unrestricted public Recipe modification
- Rely on frontend visibility for Recipe write permissions
- Return an unbounded Recipe collection
- Introduce obvious N+1 Ingredient queries
- Introduce obvious N+1 Tag queries
- Implement Reviews as part of this task
- Implement Shopping Lists as part of this task
- Implement frontend functionality
- Modify unrelated Django apps
- Change shared models or API contracts without discussing it with the team

## Acceptance Criteria

### Recipe Model

- [ ] `Recipe` model exists according to `docs/database-design.md`
- [ ] Recipes can be stored and retrieved
- [ ] Recipe name/title can be represented
- [ ] Recipe description can be represented where supported
- [ ] Cooking instructions can be represented
- [ ] Recipe metadata defined by the database design can be represented
- [ ] Recipe media is represented using the configured storage-reference approach
- [ ] Required migrations are included

### RecipeIngredient

- [ ] Recipes can contain multiple Ingredients
- [ ] Recipe Ingredients reference the canonical `Ingredient` model
- [ ] Quantity can be represented
- [ ] Unit can be represented
- [ ] Required/optional Ingredients can be represented
- [ ] Recipe Ingredient ordering is deterministic
- [ ] Duplicate RecipeIngredient relationships are prevented where required
- [ ] Applicable uniqueness is enforced at the database level
- [ ] Invalid canonical Ingredient references are rejected

### Tags

- [ ] `Tag` model exists according to `docs/database-design.md`
- [ ] Recipe ↔ Tag many-to-many relationships work
- [ ] Documented Tag types are supported
- [ ] Invalid Tag types are rejected
- [ ] Duplicate Tag data is prevented according to the database design
- [ ] Recipe API responses include Tags where defined by the API contract
- [ ] Tags can later support structured Recipe filtering

### API

- [ ] Recipe list API works
- [ ] Recipe detail API works
- [ ] Recipe list supports pagination
- [ ] Recipe detail returns Ingredient information required by the frontend
- [ ] Recipe detail returns required/optional state
- [ ] Recipe detail returns quantity/unit where available
- [ ] Recipe Tags are returned where required
- [ ] Recipe media references/URLs are returned where required
- [ ] API responses follow `docs/api-design.md`
- [ ] Missing/nonexistent Recipes return appropriate responses
- [ ] Invalid data is appropriately rejected

### Security / Permissions

- [ ] Public Recipe read access works where defined
- [ ] Public read access does not grant public modification
- [ ] Recipe create/update/delete permissions are backend-enforced
- [ ] RecipeIngredient modifications are appropriately protected
- [ ] Tag modifications are appropriately protected
- [ ] Invalid Ingredient references cannot create arbitrary canonical Ingredients
- [ ] Backend validation remains authoritative
- [ ] No credentials/secrets are exposed through Recipe data

### Performance / Scalability

- [ ] Recipe list responses are paginated
- [ ] Recipe + RecipeIngredient retrieval avoids obvious N+1 behavior
- [ ] RecipeIngredient + Ingredient retrieval avoids obvious N+1 behavior
- [ ] Recipe + Tag retrieval avoids obvious N+1 behavior
- [ ] Serializer behavior does not reintroduce obvious N+1 queries
- [ ] Appropriate searchable/filterable fields are indexed
- [ ] Recipe media is not stored as relational database binary data
- [ ] Database queries are used efficiently
- [ ] Recipe endpoints are suitable for later load testing

### Architecture

- [ ] Recipe domain uses the shared canonical Ingredient model
- [ ] Recipe domain does not duplicate Inventory logic
- [ ] Recipe domain does not implement Recommendation scoring
- [ ] Recipe domain does not determine User Recipe eligibility
- [ ] Recipe domain provides structured data usable by Recommendation
- [ ] Recipe domain provides structured Tags usable by Search/Filtering
- [ ] Recipe domain remains the authoritative source for Recipe information

### Testing / Quality

- [ ] Tests cover Recipe model behavior
- [ ] Tests cover RecipeIngredient relationships
- [ ] Tests cover required/optional Ingredients
- [ ] Tests cover quantity/unit validation
- [ ] Tests cover RecipeIngredient duplicate prevention
- [ ] Tests cover Tag relationships
- [ ] Tests cover Tag validation
- [ ] Tests cover Recipe list endpoint
- [ ] Tests cover Recipe detail endpoint
- [ ] Tests cover pagination
- [ ] Tests cover public read behavior
- [ ] Tests cover modification permissions
- [ ] Tests cover nonexistent Recipes
- [ ] Query-efficiency tests are included where practical
- [ ] `python manage.py check` passes
- [ ] `python manage.py test` passes
- [ ] Existing functionality still works

## Required Test Cases

At minimum, include tests for the following behaviors.

### Recipe with Multiple Ingredients

```text
Recipe:
Chicken Fried Rice

Ingredients:
Chicken
Rice
Egg
Soy Sauce

Expected:
All canonical Ingredient relationships are stored and returned.
```

### Required vs. Optional Ingredient

```text
Recipe:

Required:
Chicken
Rice

Optional:
Green Onion

Expected:

Chicken:
optional = false

Rice:
optional = false

Green Onion:
optional = true
```

### Canonical Ingredient Reference

```text
Canonical Ingredient:

Ingredient #10
name = Egg

RecipeIngredient:

ingredient_id = 10

Expected:

RecipeIngredient references Ingredient #10.

It does NOT create another Egg record.
```

### Duplicate RecipeIngredient

Assuming `(recipe, ingredient)` uniqueness is required:

```text
Recipe:
Chicken Fried Rice

Existing:
Egg

Attempt:
Add Egg again

Expected:

Duplicate relationship rejected.
```

### Same Ingredient Across Recipes

```text
Recipe A:
Egg

Recipe B:
Egg

Expected:

Valid.

Both RecipeIngredient relationships reference
the same canonical Egg Ingredient.
```

### Invalid Ingredient ID

```text
Attempt to create RecipeIngredient:

ingredient_id = 999999

Expected:

Validation error
No RecipeIngredient created
No Ingredient created
```

### Tag Relationship

```text
Recipe:
Kimchi Fried Rice

Tags:
CUISINE → Korean
OTHER   → Quick

Expected:

Both structured Tags are associated with the Recipe.
```

### Invalid Tag Type

```text
Tag:

type = ""MAGIC""

Expected:

Validation error
```

### Public Recipe Read

```text
Guest:

GET /api/recipes/
GET /api/recipes/{id}/

Expected:

Allowed
```

where public Recipe read is defined by the API contract.

### Unauthorized Modification

```text
Unauthorized User:

DELETE /api/recipes/{id}/

Expected:

Rejected
```

according to the project's permission model.

### Recipe Detail

```text
GET /api/recipes/{id}/

Expected:

Recipe
├── Name
├── Description
├── Instructions
├── Media Reference
├── Tags
└── Ingredients
      ├── Canonical Ingredient
      ├── Quantity
      ├── Unit
      └── Optional State
```

### Recipe List Pagination

Create enough Recipes to exceed one page.

```text
GET /api/recipes/
```

Expected:

```text
Paginated response
```

according to `docs/api-design.md`.

### Query Efficiency

Create multiple Recipes with multiple Ingredients and Tags.

Retrieve the Recipe list/detail endpoints.

Verify that Ingredient and Tag serialization does not generate one additional query per Recipe/Ingredient/Tag.

The exact query-count expectation should be based on the final implementation and test setup rather than an arbitrary number defined in this issue.

## Before Submitting

Update the branch with the latest `main`, especially after the Ingredient Foundation has been merged.

Run:

```bash
cd backend
python manage.py check
python manage.py test
```

Manually test Recipe list:

```text
GET /api/recipes/
→ Paginated Recipe Results
```

Test Recipe detail:

```text
GET /api/recipes/{id}/

→ Recipe Name
→ Description
→ Instructions
→ Tags
→ Ingredients
→ Quantity / Unit
→ Required / Optional State
```

Test invalid Ingredient relationships:

```text
Invalid Ingredient ID
→ Validation Error
→ No Canonical Ingredient Created
```

Test permissions:

```text
Guest
→ GET Recipe
→ Allowed

Unauthorized Modification
→ POST/PATCH/DELETE
→ Rejected according to permission rules
```

Review query behavior to confirm Recipe/Ingredient/Tag serialization does not introduce obvious N+1 queries.

Then open a Pull Request into `main`.

**Do not push feature implementation directly to `main`.**

## Suggested Branch

`feature/recipes`"
3,Frontend: Implement Application Foundation,open,sophia-dao,brookesayer,"MVP, frontend",2026-09-29T03:56:31Z,2026-09-30T21:54:42Z,,https://github.com/sophia-dao/cloud_computing_proj/issues/3,"## Goal

Establish the shared React frontend foundation that all future frontend features will build on.

This task focuses on:

- Application structure
- Routing
- Shared layout
- Navigation
- Page-level organization
- Centralized backend API communication
- Environment-based configuration
- Basic backend connectivity
- Shared frontend development conventions

This issue establishes infrastructure and architectural boundaries.

**Do not implement complete Recipe, Ingredient, Inventory, Recommendation, Profile, Saved Recipe, or authentication features yet.**

## Where to Work

Frontend code is located in:

`frontend/`

Primary locations for this task:

- `frontend/src/app/` — application-wide configuration
- `frontend/src/app/router/` — routing configuration
- `frontend/src/components/common/` — genuinely reusable components
- `frontend/src/components/layout/` — shared application layout
- `frontend/src/services/api/` — backend API communication
- `frontend/src/pages/` — page-level components
- `frontend/src/App.jsx` — root application component

Create directories if they do not already exist.

Relevant documentation:

- `frontend/README.md` — frontend structure and development rules
- `docs/system-design.md` — overall application architecture
- `docs/api-design.md` — frontend/backend API contract
- `CONTRIBUTING.md` — team development guidelines

## Core Responsibility

This issue establishes the common frontend infrastructure.

Conceptually:

```text
React Application
       │
       ├── Routing
       │
       ├── Shared Layout
       │
       ├── Navigation
       │
       ├── Pages
       │
       └── API Infrastructure
               │
               ▼
            Django API
```

Future frontend features should build on this foundation rather than recreating it.

For example:

```text
Frontend Foundation
       │
       ├── Ingredient Feature
       ├── Recommendation Feature
       ├── Recipe Feature
       ├── Dashboard
       ├── Profile
       └── Saved Recipes
```

## Tasks

### Application Structure

- [ ] Establish the shared frontend directory structure
- [ ] Keep application-wide configuration under `src/app/`
- [ ] Keep shared layout components under `src/components/layout/`
- [ ] Keep genuinely reusable components under `src/components/common/`
- [ ] Keep page-level route components under `src/pages/`
- [ ] Keep backend API infrastructure under `src/services/api/`
- [ ] Keep `App.jsx` focused on application composition rather than feature business logic

### Routing

- [ ] Install/configure React Router if it is not already available
- [ ] Create the initial application routing structure
- [ ] Create routes for initial application pages
- [ ] Create a shared layout route where appropriate
- [ ] Create a Not Found (`404`) route/page
- [ ] Verify navigation between routes
- [ ] Keep route configuration centralized
- [ ] Do not implement authoritative authorization through frontend routing

### Shared Layout

- [ ] Create shared application layout
- [ ] Create basic navigation/header component
- [ ] Provide a shared content area for routed pages
- [ ] Keep the layout reusable across Guest and future Registered User experiences
- [ ] Avoid embedding feature-specific business logic in the layout

### Placeholder Pages

- [ ] Create Home / Recipe Discovery placeholder
- [ ] Create Recipe Search placeholder
- [ ] Create Recipe Detail placeholder
- [ ] Create Dashboard placeholder
- [ ] Create Profile placeholder
- [ ] Create Login placeholder
- [ ] Create Not Found page
- [ ] Clearly indicate that feature functionality will be implemented by later issues

### API Infrastructure

- [ ] Create the shared `apiClient.js`
- [ ] Centralize low-level HTTP request behavior in `apiClient`
- [ ] Configure API base URL using `VITE_API_BASE_URL`
- [ ] Create `healthService.js`
- [ ] Use `apiClient` from `healthService`
- [ ] Verify frontend communication with `/api/health/`
- [ ] Establish consistent handling of successful JSON responses
- [ ] Establish consistent handling of API error responses
- [ ] Establish reasonable handling of network failures
- [ ] Keep API infrastructure ready for later authentication integration
- [ ] Ensure components do not implement their own token handling

### Environment Configuration

- [ ] Read backend base URL from `VITE_API_BASE_URL`
- [ ] Add/update `.env.example` with required non-secret frontend environment variables
- [ ] Ensure real `.env` files remain excluded from Git where appropriate
- [ ] Do not hardcode development/production backend addresses into components
- [ ] Fail clearly or document behavior when required API configuration is missing

### Quality

- [ ] Ensure ESLint passes
- [ ] Ensure production build succeeds
- [ ] Verify application starts locally
- [ ] Verify all initial routes render
- [ ] Verify backend health request succeeds
- [ ] Verify existing frontend functionality still works

## Suggested Frontend Structure

The exact structure may follow `frontend/README.md`, but conceptually:

```text
frontend/src/
│
├── app/
│   └── router/
│       └── ...
│
├── components/
│   ├── common/
│   └── layout/
│       ├── AppLayout.jsx
│       └── Header.jsx
│
├── features/
│   └── ...
│
├── pages/
│   ├── HomePage.jsx
│   ├── RecipeSearchPage.jsx
│   ├── RecipeDetailPage.jsx
│   ├── DashboardPage.jsx
│   ├── ProfilePage.jsx
│   ├── LoginPage.jsx
│   └── NotFoundPage.jsx
│
├── services/
│   └── api/
│       ├── apiClient.js
│       └── healthService.js
│
├── App.jsx
└── main.jsx
```

Follow the existing project structure if it differs.

Do not reorganize unrelated existing code solely to match this conceptual example.

## Initial Routes

Create the routing foundation for approximately:

```text
/                  Home / Recipe Discovery
/recipes           Recipe Search
/recipes/:id       Recipe Details
/dashboard         User Dashboard
/profile           User Profile
/login             Login
*                  Not Found
```

The authoritative route structure should remain consistent with project documentation.

These pages may initially contain simple placeholders.

Example:

```text
Recipe Search

Recipe search functionality will be implemented here.
```

The purpose of this issue is to establish routing and structure, not complete each feature.

## Routing Architecture

Prefer centralized route configuration rather than defining unrelated routing behavior throughout feature components.

Conceptually:

```text
Application Router
       │
       ▼
Shared Layout
       │
       ├── /
       ├── /recipes
       ├── /recipes/:id
       ├── /dashboard
       ├── /profile
       └── /login
```

The shared layout can conceptually provide:

```text
---------------------------------
Header / Navigation
---------------------------------

        Routed Page

---------------------------------
```

Do not put all route-specific page logic inside `App.jsx`.

`App.jsx` should remain primarily responsible for application composition.

## Route Parameters

The routing foundation must support dynamic route parameters needed by later features.

For example:

```text
/recipes/:id
```

should support URLs such as:

```text
/recipes/15
```

Issue #3 only establishes the route.

The Recipe Detail feature will later use the `id` parameter to retrieve:

```text
GET /api/recipes/15/
```

Do not implement complete Recipe retrieval in this issue.

## Shared Navigation

Create a basic navigation/header suitable for the initial application.

Conceptually:

```text
Recipe Suggestion App

Home    Recipes    Dashboard    Profile
```

The exact visual design is flexible.

Authentication-aware navigation may be expanded later.

For this issue, do not hardcode fake authenticated User information simply to simulate the final navigation.

For example, avoid:

```javascript
const user = {
  name: ""Alex"",
  authenticated: true,
};
```

as permanent application behavior.

Authentication-aware User information will come from the authentication/profile architecture in later issues.

## API Service Architecture

Frontend components should not directly manage backend connection details.

Use:

```text
React Component
      │
      ▼
Feature Service
      │
      ▼
Shared apiClient
      │
      ▼
Django REST API
```

For example:

```text
RecipeDetailPage
      │
      ▼
recipeService
      │
      ▼
apiClient
      │
      ▼
Django
```

Issue #3 establishes only:

```text
apiClient
healthService
```

Feature-specific services are implemented by later issues.

Examples include:

```text
ingredientService
recommendationService
recipeService
inventoryService
userService
```

These future services must reuse the same `apiClient`.

## Shared API Client

Create:

```text
frontend/src/services/api/apiClient.js
```

`apiClient` should be the centralized low-level HTTP interface used by frontend services.

Conceptually:

```javascript
apiClient.get(...)
apiClient.post(...)
apiClient.put(...)
apiClient.patch(...)
apiClient.delete(...)
```

The exact implementation may use the project's chosen HTTP mechanism.

The important architecture is:

```text
Feature Components
       │
       ▼
Feature Services
       │
       ▼
ONE Shared apiClient
       │
       ▼
Backend
```

Not:

```text
Ingredient Feature ──→ API Client A
Recipe Feature ──────→ API Client B
Inventory Feature ───→ fetch()
Profile Feature ─────→ API Client C
```

## HTTP Implementation

The shared `apiClient` may internally use the HTTP approach selected by the project.

If the project currently uses native `fetch`, it may continue using `fetch`.

Do not add another HTTP dependency such as Axios unless there is a documented reason and the team agrees to the change.

The architectural rule is:

> React components and feature services should not need to know which low-level HTTP library is used.

Conceptually:

```text
Feature Service
      │
      ▼
apiClient
      │
      ├── fetch
      │
      └── or another team-approved implementation
```

Only the shared API infrastructure should own those low-level details.

## API Base URL

The API base URL must come from:

```text
VITE_API_BASE_URL
```

For local development:

```env
VITE_API_BASE_URL=http://127.0.0.1:8000
```

Conceptually:

```text
Environment
    │
    ▼
VITE_API_BASE_URL
    │
    ▼
apiClient
    │
    ▼
Django Backend
```

Do not write:

```javascript
fetch(""http://127.0.0.1:8000/api/..."");
```

inside React components.

Likewise, do not hardcode a production EC2 address such as:

```text
http://<ec2-address>/api/
```

inside application source code.

Deployment infrastructure should be changeable through environment configuration.

## Environment Files

Provide an example environment configuration where appropriate.

For example:

```text
frontend/.env.example
```

containing:

```env
VITE_API_BASE_URL=http://127.0.0.1:8000
```

This is configuration, not a secret.

Real environment-specific files should remain excluded from version control according to the repository's `.gitignore` and development rules.

Do not commit:

- Authentication secrets
- AWS credentials
- Private API keys
- Database credentials
- Signing secrets
- Private tokens

Remember that Vite variables exposed to frontend code are visible to the client.

Therefore:

```text
VITE_*
```

must not contain secrets.

## Health Service

Create:

```text
frontend/src/services/api/healthService.js
```

Conceptually:

```javascript
import { apiClient } from ""./apiClient"";

export const healthService = {
  check() {
    return apiClient.get(""/api/health/"");
  },
};
```

The exact syntax should match the final `apiClient` interface.

The purpose is to establish:

```text
Component/Page
      │
      ▼
healthService
      │
      ▼
apiClient
      │
      ▼
GET /api/health/
```

rather than:

```text
Component
      │
      ▼
fetch(""http://127.0.0.1:8000/api/health/"")
```

## Backend Connection Test

The frontend should successfully call:

```text
GET /api/health/
```

Expected response:

```json
{
  ""status"": ""ok"",
  ""message"": ""Recipe App API is running""
}
```

This confirms:

```text
React
  │
  ▼
Service Layer
  │
  ▼
Shared API Client
  │
  ▼
HTTP
  │
  ▼
Django REST API
```

The health check is only for verifying connectivity.

Do not build application business logic around the health endpoint.

## API Error Handling Foundation

`apiClient` should establish predictable error behavior for future feature services.

Conceptually:

```text
HTTP Request
     │
     ├── Success
     │      │
     │      ▼
     │   Return Data
     │
     └── Failure
            │
            ▼
       Consistent Error
```

Future components should not need completely different error-handling logic depending on which feature service they call.

At minimum, the shared infrastructure should distinguish appropriately between:

```text
Successful Response
API Error Response
Network Failure
```

Do not hide errors silently.

Do not require every component to independently parse low-level HTTP behavior.

The exact error object/interface should remain simple and consistent with the project's frontend design.

## Authentication Preparation

Amazon Cognito integration is **not** implemented in this issue.

However, `apiClient` should be structured so authentication can later be integrated centrally.

Future architecture:

```text
Cognito
   │
   ▼
Authentication State / Token
   │
   ▼
apiClient
   │
   ▼
Authorization Header
   │
   ▼
Django
```

Avoid architecture such as:

```text
Dashboard
   └── manually attach token

Profile
   └── manually attach token differently

Inventory
   └── manually attach token again
```

Authentication/token handling should eventually be integrated once through shared infrastructure.

Do not implement fake authentication in this issue merely to prepare for Cognito.

## Frontend Route Security

Frontend route protection is a User-experience mechanism.

It is **not** authoritative authorization.

For example, later the frontend may prevent Guests from navigating normally to:

```text
/dashboard
/profile
```

However:

```text
Hidden Route
≠
Protected Backend Resource
```

A User can still manually send HTTP requests.

Therefore:

```text
Frontend Route Guard
        │
        ▼
UX Convenience
```

while:

```text
Django Authentication
        +
Backend Authorization
        │
        ▼
Actual Security
```

Issue #3 should not create a false assumption that React route guards protect private backend data.

## Shared Components

Only place components under:

```text
src/components/common/
```

when they are genuinely reusable across multiple features.

Examples may include simple:

```text
LoadingIndicator
ErrorMessage
EmptyState
```

if needed by the foundation.

Do not prematurely create large generic abstractions without an actual shared use case.

Feature-specific components should later live with their features.

For example:

```text
features/ingredients/
features/recommendations/
features/recipes/
features/inventory/
features/profile/
```

This prevents `components/common/` from becoming a collection of unrelated feature components.

## Page vs. Feature Responsibility

Pages should primarily compose feature components and route-level behavior.

Conceptually:

```text
Page
 │
 ├── Route Context
 │
 ├── Page Layout
 │
 └── Feature Components
```

Feature business logic should live in the appropriate feature/service layer.

Avoid eventually turning pages into large components containing:

```text
API calls
business logic
data transformations
authentication
presentation
routing
```

all in one file.

Issue #3 should establish a structure that makes this separation possible.

## App.jsx Responsibility

`App.jsx` should remain small and focused.

Conceptually:

```text
App
 │
 ▼
Router / Application Providers
 │
 ▼
Application
```

Avoid:

```text
App.jsx
├── Ingredient Search Logic
├── Recipe API Logic
├── Recommendation Logic
├── Inventory Logic
├── Profile Logic
├── Authentication Logic
└── Every Page
```

Future feature implementation should remain modular.

## Security Requirements

### Secrets

No frontend source file should contain private secrets.

Do not commit:

```text
AWS_SECRET_ACCESS_KEY
Database Password
Cognito Client Secret
Private API Key
JWT Signing Secret
```

Client-side JavaScript is visible to the User.

Environment variables exposed through Vite do not become secret merely because they are stored in `.env`.

### Backend Configuration

Backend location must be configured through:

```text
VITE_API_BASE_URL
```

Do not tie frontend source code to:

- `localhost`
- A specific developer machine
- A specific EC2 instance
- A specific production hostname

### Authentication

Components must not independently implement token storage or authentication header logic.

Authentication will later be integrated through shared authentication/API infrastructure.

### Backend Authority

The frontend must not be treated as the security boundary.

Private data and protected operations must eventually remain protected by Django regardless of frontend route behavior.

## Scalability / Performance Requirements

### Centralized API Communication

All future feature services should reuse:

```text
apiClient
```

This allows shared behavior such as:

- Base URL configuration
- Authentication headers
- Common request behavior
- Error handling
- Future timeout behavior
- Future observability/logging integration

to be changed in one location.

### Environment Independence

Architecture should allow:

```text
Local Backend
       ↓
Development Backend
       ↓
Staging Backend
       ↓
Production Backend
```

without changing React component source code.

Only environment configuration should need to change.

### Modular Feature Growth

The application structure should support adding future features without turning `App.jsx` or shared components into monolithic files.

Conceptually:

```text
Application Foundation
       │
       ├── Ingredients
       ├── Recipes
       ├── Recommendations
       ├── Inventory
       ├── Profile
       └── Saved Recipes
```

Each feature should be able to grow largely within its own feature directory.

### Route Scalability

Adding a new page should not require rewriting unrelated page components.

Centralized routing should make new route registration predictable.

### API Scalability

Feature-specific services should later follow:

```text
ingredientService
       │
       ▼
apiClient

recipeService
       │
       ▼
apiClient

recommendationService
       │
       ▼
apiClient

inventoryService
       │
       ▼
apiClient
```

not independent HTTP implementations.

## Additional Acceptance Criteria

### Security

- [ ] No secrets are committed in frontend source code
- [ ] No secrets are committed in frontend environment examples
- [ ] Backend URL is environment-configurable
- [ ] Components do not implement their own authentication/token handling
- [ ] Frontend route protection is not treated as authoritative backend security
- [ ] Frontend architecture does not depend on a specific EC2 instance address
- [ ] `VITE_*` variables contain only client-safe configuration

### Architecture

- [ ] Shared `apiClient` exists
- [ ] `healthService` uses `apiClient`
- [ ] Components do not directly manage backend base URLs
- [ ] Future feature services can reuse `apiClient`
- [ ] `App.jsx` does not contain feature business logic
- [ ] Routing configuration is centralized
- [ ] Shared layout is separated from page-specific features
- [ ] Feature-specific code is not unnecessarily placed in `components/common/`

### Reliability

- [ ] API success responses can be handled consistently
- [ ] API error responses can be handled consistently
- [ ] Network failures do not cause an unhandled application crash
- [ ] Missing/invalid API configuration produces understandable development behavior
- [ ] Unknown frontend routes render the Not Found page

### Scalability / Maintainability

- [ ] Backend deployment location can change through environment configuration
- [ ] New feature services do not require another API client
- [ ] New routes can be added without restructuring the entire application
- [ ] Architecture supports future centralized authentication integration
- [ ] Frontend feature modules can grow independently

## Dependencies

The Django health endpoint must be available for the backend connection test.

Conceptually:

```text
Backend Foundation
      │
      ▼
GET /api/health/
      │
      ▼
Frontend Foundation
```

This task does **not** depend on:

- Ingredient Foundation
- Recipe Models & API
- Inventory
- Recommendation Engine
- User Profile
- Saved Recipes
- Amazon Cognito integration

Once this issue is merged, feature-specific frontend development can begin.

Conceptually:

```text
Frontend Foundation
       │
       ├──→ Ingredient Input & Selection
       ├──→ Recommendation UI
       ├──→ Recipe Detail
       ├──→ Dashboard
       ├──→ Profile
       └──→ Saved Recipes
```

## Important

Keep this task focused on the **shared frontend foundation**.

The foundation should establish conventions without prematurely implementing future features.

Our OOP/modular design philosophy does **not** mean every React component needs to be implemented as a JavaScript class.

React functional components are appropriate.

The important architectural principle is separation of concerns:

```text
Presentation
     │
     ▼
Feature Logic
     │
     ▼
Feature Service
     │
     ▼
Shared API Client
     │
     ▼
Backend
```

Not every layer needs to be an object/class.

## Do NOT

- Implement Recommendation algorithms in React
- Implement complete Ingredient functionality
- Implement complete Recipe functionality
- Implement complete Inventory functionality
- Implement complete Recommendation functionality
- Implement complete Profile functionality
- Implement Saved Recipes functionality
- Implement Cognito authentication yet
- Create a separate authentication system
- Create fake permanent authentication state
- Hardcode backend URLs inside components
- Hardcode a specific EC2 address
- Hardcode production deployment details
- Put secrets in `VITE_*` environment variables
- Commit real secrets in `.env` files
- Create multiple competing API clients
- Call low-level `fetch()` directly from feature components
- Make future feature services bypass `apiClient`
- Put all application logic inside `App.jsx`
- Put all future feature logic inside page components
- Add Redux or another global state library unless discussed with the team
- Add a UI framework without discussing it with the team
- Add Axios or another HTTP dependency without discussing it with the team
- Treat frontend route guards as backend authorization
- Implement custom token handling separately in individual components
- Modify backend code unrelated to the health-check connection
- Change documented API contracts without discussing it with the team
- Over-engineer shared abstractions before they have a real shared use case

## Acceptance Criteria

### Application Foundation

- [ ] React application starts successfully
- [ ] Application directory structure follows project conventions
- [ ] `App.jsx` remains focused on application composition
- [ ] Shared layout exists
- [ ] Basic navigation/header exists
- [ ] Existing frontend functionality still works

### Routing

- [ ] React Router is configured
- [ ] `/` route works
- [ ] `/recipes` route works
- [ ] `/recipes/:id` route works
- [ ] `/dashboard` route works
- [ ] `/profile` route works
- [ ] `/login` route works
- [ ] Unknown routes render the Not Found page
- [ ] Navigation between placeholder pages works
- [ ] Dynamic Recipe route parameters are supported
- [ ] Route configuration is centralized

### API Infrastructure

- [ ] `apiClient.js` exists
- [ ] `healthService.js` exists
- [ ] `healthService` uses `apiClient`
- [ ] API base URL comes from `VITE_API_BASE_URL`
- [ ] Frontend can successfully call `/api/health/`
- [ ] Components do not hardcode backend URLs
- [ ] Components do not create independent HTTP configuration
- [ ] API errors have consistent handling
- [ ] Network failures are handled without crashing the application
- [ ] Architecture supports future centralized authentication integration

### Environment / Security

- [ ] `.env.example` documents `VITE_API_BASE_URL`
- [ ] Real environment files remain ignored where appropriate
- [ ] No secrets are committed
- [ ] No AWS/database/authentication credentials appear in frontend source
- [ ] Frontend architecture does not depend on a specific EC2 instance
- [ ] Components do not independently implement token handling
- [ ] Frontend routes are not treated as authoritative security controls

### Maintainability / Scalability

- [ ] Future feature services can reuse `apiClient`
- [ ] Backend environment can change without modifying React components
- [ ] New routes can be added predictably
- [ ] Shared layout does not contain feature-specific business logic
- [ ] Feature-specific functionality can remain modular
- [ ] No unnecessary global-state/UI/HTTP framework is introduced

### Quality

- [ ] `npm run lint` passes
- [ ] `npm run build` passes
- [ ] `npm run dev` starts successfully
- [ ] Implementation follows `frontend/README.md`
- [ ] Implementation follows `docs/api-design.md`
- [ ] Implementation follows `docs/system-design.md`

## Required Verification

### Route Verification

Verify:

```text
/
→ Home / Recipe Discovery Placeholder

/recipes
→ Recipe Search Placeholder

/recipes/15
→ Recipe Detail Placeholder

/dashboard
→ Dashboard Placeholder

/profile
→ Profile Placeholder

/login
→ Login Placeholder

/something-that-does-not-exist
→ Not Found
```

### Navigation Verification

Verify basic navigation:

```text
Home
  ↓
Recipes
  ↓
Dashboard
  ↓
Profile
```

Routes should change without requiring separate standalone HTML pages.

### Environment Verification

Configure:

```env
VITE_API_BASE_URL=http://127.0.0.1:8000
```

Start the frontend and verify `apiClient` uses this configuration.

Then verify that backend location is **not** duplicated throughout components.

### Health Check

With the Django backend running:

```text
Frontend
   │
   ▼
healthService
   │
   ▼
apiClient
   │
   ▼
GET /api/health/
```

Expected backend response:

```json
{
  ""status"": ""ok"",
  ""message"": ""Recipe App API is running""
}
```

Confirm the frontend can receive and handle the response.

### API Failure Verification

Stop the backend or otherwise simulate an unavailable API.

Verify:

```text
Health Request
     │
     ▼
Network Failure
     │
     ▼
Handled Error State
```

The React application should not crash because the backend is temporarily unavailable.

### Configuration Verification

Verify that frontend source does not contain hardcoded infrastructure such as:

```text
http://127.0.0.1:8000
http://localhost:8000
http://<ec2-ip>
```

outside appropriate environment/example configuration.

### Build Verification

Run:

```bash
cd frontend
npm run lint
npm run build
```

Both must complete successfully.

## Before Submitting

Update the branch with the latest `main`.

Run:

```bash
cd frontend
npm install
npm run lint
npm run build
```

Start the development environment:

```bash
npm run dev
```

With the Django backend running, verify:

```text
Frontend Starts
      │
      ▼
Initial Routes Work
      │
      ▼
Navigation Works
      │
      ▼
Health Service
      │
      ▼
apiClient
      │
      ▼
GET /api/health/
      │
      ▼
Successful Response
```

Also verify:

```text
Invalid Route
      │
      ▼
404 Page
```

and:

```text
Backend Unavailable
      │
      ▼
Handled API Error
      │
      ▼
Frontend Remains Usable
```

Then open a Pull Request into `main`.

**Do not push feature implementation directly to `main`.**

## Suggested Branch

`feature/frontend-foundation`"
2,Backend: Implement User Profile & Preferences,open,sophia-dao,Huyle0425,"backend, MVP",2026-09-29T03:43:48Z,2026-10-05T18:37:49Z,,https://github.com/sophia-dao/cloud_computing_proj/issues/2,"## Goal

Implement the application-side User/Profile domain, including application user information, dietary preferences, cuisine preferences, allergies, and optional onboarding information.

This task establishes the authoritative application data associated with a Registered User.

This data will later be used by:

- User Dashboard
- User Profile interface
- Inventory
- Recipe Search/Filtering
- Recommendation Engine
- Saved Recipes

> Authentication will eventually be handled by Amazon Cognito. This task focuses on **application user data** and must not implement or replace the planned Cognito authentication architecture.

## Where to Work

Backend code is located in:

`backend/`

The User Django app is located in:

`backend/apps/users/`

Primary locations for this task:

- `backend/apps/users/models.py` — application User/Profile, preference, and allergy models/relationships
- `backend/apps/users/serializers.py` — API serialization and validation
- `backend/apps/users/views.py` — User/Profile API views
- `backend/apps/users/urls.py` — User/Profile API routes
- `backend/apps/users/admin.py` — Django Admin registration
- `backend/apps/users/tests/` — User/Profile tests

Create files/directories if they do not already exist.

This module may reference shared application data defined elsewhere where required by `docs/database-design.md`.

Relevant documentation:

- `backend/README.md`
- `docs/requirements.md`
- `docs/database-design.md`
- `docs/api-design.md`
- `docs/system-design.md`
- `CONTRIBUTING.md`

## Core Responsibility

The User/Profile domain answers:

> Who is the application User and what application-specific settings belong to them?

Conceptually:

```text
Authenticated Identity
        │
        ▼
Application User
        │
        ├── Profile Information
        ├── Dietary Preferences
        ├── Cuisine Preferences
        └── Allergies
```

The User/Profile domain stores this information.

It does **not** perform Recipe matching or Recommendation calculations.

## Authentication vs. Application User Data

Authentication and application-specific User data must remain conceptually separate.

```text
Amazon Cognito
      │
      │ Authenticated Identity
      ▼
Django Application User
      │
      ├── Profile
      ├── Preferences
      ├── Allergies
      ├── Inventory
      └── Saved Recipes
```

Amazon Cognito will eventually answer:

> Who authenticated?

Django application data answers:

> What application data belongs to that authenticated identity?

Do not move application-specific information such as Inventory, Saved Recipes, or Recipe preferences into Cognito merely because Cognito manages authentication.

## Tasks

### Application User / Profile

- [ ] Implement the application User/Profile structure defined in `docs/database-design.md`
- [ ] Support the application fields defined by the database design
- [ ] Support display name where defined
- [ ] Support email representation according to the documented identity architecture
- [ ] Support avatar/media reference where defined
- [ ] Support application authorization/admin information where defined
- [ ] Support timestamps where defined
- [ ] Create and commit required Django migrations
- [ ] Add appropriate database constraints/indexes

### Authentication Identity Preparation

- [ ] Keep application User identity compatible with future Cognito integration
- [ ] Follow `docs/system-design.md` for how an authenticated Cognito identity maps to a Django application User
- [ ] Do not depend on client-supplied User IDs for current-user operations
- [ ] Keep identity mapping centralized rather than feature-specific
- [ ] Do not implement a competing authentication mechanism

### Preferences

- [ ] Implement dietary preference support
- [ ] Implement cuisine preference support
- [ ] Use the representation defined by `docs/database-design.md`
- [ ] Prevent duplicate preference relationships where applicable
- [ ] Validate preference values/references
- [ ] Allow Users to have zero preferences
- [ ] Allow preferences to be added and removed
- [ ] Create serializers for preference data
- [ ] Implement current-user preference retrieval
- [ ] Implement current-user preference updates

### Allergies

- [ ] Implement User allergy support
- [ ] Use the canonical allergen representation defined by `docs/database-design.md`
- [ ] Prevent duplicate User/allergen relationships where applicable
- [ ] Validate allergen references
- [ ] Allow Users to have zero allergies
- [ ] Allow allergies to be added and removed
- [ ] Create serializers for allergy data
- [ ] Implement current-user allergy retrieval
- [ ] Implement current-user allergy updates

### API

- [ ] Implement current-user Profile retrieval
- [ ] Implement supported current-user Profile updates
- [ ] Implement current-user preference retrieval
- [ ] Implement current-user preference updates
- [ ] Implement current-user allergy retrieval
- [ ] Implement current-user allergy updates
- [ ] Ensure `/me/` endpoints derive User identity from authenticated request context
- [ ] Validate all update requests
- [ ] Return API responses according to `docs/api-design.md`

### Administration / Testing

- [ ] Register appropriate User/Profile models with Django Admin
- [ ] Add Profile model tests
- [ ] Add preference tests
- [ ] Add allergy tests
- [ ] Add current-user API tests
- [ ] Add validation tests
- [ ] Add authentication/authorization tests
- [ ] Add cross-user access tests
- [ ] Add duplicate relationship tests where applicable
- [ ] Add query-efficiency tests where practical

## Data Relationships

The exact model implementation must follow `docs/database-design.md`.

Conceptually:

```text
Application User
      │
      ├── Profile Information
      │
      ├── Dietary Preferences
      │
      ├── Cuisine Preferences
      │
      └── Allergies
```

These relationships should use structured application data rather than arbitrary frontend-only strings when the database design defines canonical entities.

## Preferences

Preferences are optional application settings.

Conceptually:

```text
User
 │
 ├── Dietary Preferences
 │      ├── Halal
 │      ├── Vegan
 │      └── Vegetarian
 │
 └── Cuisine Preferences
        ├── Vietnamese
        ├── Korean
        └── Japanese
```

These examples are conceptual.

The exact supported values and representation must follow `docs/database-design.md`.

Do not independently create a second classification system if the application already defines shared structured values.

## Preference Uniqueness

A User should not accidentally have the same preference relationship multiple times.

Conceptually:

```text
User #15
  │
  ├── Halal
  └── Halal
```

should not produce duplicate equivalent relationships.

Where appropriate, enforce relationship uniqueness at the database level.

For example, if preferences use a relationship model:

```text
(user, preference)
```

should be unique where required by the database design.

Do not rely only on the frontend to prevent duplicates.

## Allergies

Allergies must remain distinguishable from general preferences.

Conceptually:

```text
User
 │
 ├── Preferences
 │      ├── Halal
 │      └── Korean
 │
 └── Allergies
        ├── Peanut
        └── Shellfish
```

A cuisine preference means:

> The User prefers this type of Recipe.

An allergy means:

> Recipes containing this allergen may need to be excluded.

These are not interchangeable.

## Canonical Allergen Data

User allergies should reference the allergen representation defined by `docs/database-design.md`.

Conceptually:

```text
User
  │
  ▼
UserAllergy
  │
  ▼
Allergen
```

if the database design uses an explicit relationship model.

Avoid storing unrelated free-form values when canonical Allergen data exists.

For example, avoid:

```text
allergy = ""peanuts maybe""
```

when the application provides:

```text
Allergen #1
name = Peanut
```

The User/Profile module stores the relationship.

Later Recipe filtering/recommendation logic decides how that allergy affects Recipe results.

## Allergy Uniqueness

A User should not have duplicate relationships to the same Allergen.

Conceptually:

```text
User #15 + Peanut
        │
        ▼
    UserAllergy

User #15 + Peanut again
        │
        ▼
      Rejected
```

Where appropriate, enforce uniqueness of:

```text
(user, allergen)
```

at the database level.

## Optional Preferences / Onboarding

Preferences and allergies are optional.

A newly registered User must not be required to configure them before using normal application functionality.

Conceptually:

```text
Account Available
      │
      ▼
Optional Preference Setup
      │
      ├── Dietary Preferences
      ├── Cuisine Preferences
      └── Allergies
      │
      ├── Save
      │
      └── Skip
      ▼
Application
```

A User who skips preference setup should still have a valid application account.

Conceptually:

```text
User
├── Dietary Preferences: []
├── Cuisine Preferences: []
└── Allergies: []
```

must be valid.

Do not invent placeholder preferences simply because none were selected.

## Current-User API

Current-user operations should use authenticated identity rather than a client-selected User ID.

Expected endpoints include:

```text
GET   /api/users/me/
PATCH /api/users/me/

GET   /api/users/me/preferences/
PATCH /api/users/me/preferences/

GET /api/users/me/allergies/
PUT /api/users/me/allergies/
```

Follow `docs/api-design.md` for the authoritative API contract.

The important ownership pattern is:

```text
Authenticated Request
        │
        ▼
request.user / authenticated identity context
        │
        ▼
Application User
        │
        ▼
User's Data
```

Not:

```text
Frontend
   │
   ▼
user_id = 15
   │
   ▼
Backend trusts 15
```

## Profile API

Conceptually:

```text
GET /api/users/me/
```

may return:

```json
{
  ""id"": 15,
  ""email"": ""user@example.com"",
  ""display_name"": ""Alex"",
  ""avatar"": null,
  ""is_admin"": false
}
```

The exact response must follow `docs/api-design.md`.

Do not expose private authentication-provider data or internal security information merely because it exists in the User model.

## Profile Updates

Conceptually:

```text
PATCH /api/users/me/
```

should update only fields the User is permitted to modify.

For example, the client must not automatically be allowed to change security-sensitive fields such as:

```text
is_admin
```

simply because those fields appear in a Profile response.

Serializer/update permissions must distinguish:

```text
Readable Fields
```

from:

```text
User-Modifiable Fields
```

Follow the documented authorization model.

## Preference API

Conceptually:

```text
GET /api/users/me/preferences/
```

retrieves the authenticated User's preferences.

Example response/request representation may resemble:

```json
{
  ""dietary_preferences"": [
    ""halal""
  ],
  ""cuisine_preferences"": [
    ""vietnamese"",
    ""korean""
  ]
}
```

Updates:

```text
PATCH /api/users/me/preferences/
```

must validate all supplied values/references.

The exact representation must follow `docs/api-design.md`.

## Allergy API

Conceptually:

```text
GET /api/users/me/allergies/
```

retrieves the authenticated User's allergies.

Updating the collection may use:

```text
PUT /api/users/me/allergies/
```

with a conceptual request:

```json
{
  ""allergen_ids"": [1, 4]
}
```

If the documented API defines `PUT` as collection replacement, the submitted collection should become the User's complete allergy collection.

For example:

```text
Existing:
Peanut
Dairy

PUT:
[Peanut, Shellfish]

Result:
Peanut
Shellfish
```

Do not invent alternate PATCH/PUT semantics independently of `docs/api-design.md`.

## Invalid References

Invalid canonical preference/allergen references must be rejected.

For example:

```json
{
  ""allergen_ids"": [999999]
}
```

should not silently create:

```text
Allergen #999999
```

Instead:

```text
Validation Error
```

The User/Profile API must not become an alternate endpoint for creating canonical classification data.

## Authentication Requirements

All private current-user endpoints require authenticated identity.

Conceptually:

```text
Guest
  │
  ▼
GET /api/users/me/
  │
  ▼
Rejected
```

and:

```text
Authenticated User
        │
        ▼
GET /api/users/me/
        │
        ▼
Own Profile
```

The exact authentication mechanism will eventually use the architecture defined for Amazon Cognito.

This issue must not implement a competing login/session/token system.

## Authorization / Ownership

Ownership must be enforced by Django.

Conceptually:

```text
User A
  │
  ▼
User A Profile
  │
  ▼
✓ Allowed
```

but:

```text
User A
  │
  ▼
User B Profile
  │
  ▼
✗ Rejected
```

The frontend hiding User B's identifier is not sufficient security.

The backend must prevent cross-user access.

## Client-Supplied User IDs

Normal User-facing `/me/` endpoints must not accept arbitrary ownership identifiers.

Avoid requests such as:

```json
{
  ""user_id"": 52,
  ""dietary_preferences"": [""vegan""]
}
```

where `user_id` determines whose preferences are modified.

Instead:

```text
Authenticated Identity
        │
        ▼
Backend Determines User
```

This same ownership convention will later be reused by:

- Inventory
- Saved Recipes
- Other private User-owned resources

## Cognito Identity Mapping

The application must remain compatible with the Cognito architecture defined by `docs/system-design.md`.

Conceptually:

```text
Cognito Identity
       │
       │ stable identity mapping
       ▼
Django Application User
```

The exact mapping field and synchronization/provisioning behavior must follow the documented architecture.

Do not independently choose an insecure or unstable mapping strategy.

In particular, do not assume a client-provided email address alone is sufficient proof of identity.

The authenticated identity must come from validated authentication context once Cognito integration is implemented.

## Cognito Separation

Cognito should eventually provide authentication information required to establish identity.

Application-specific data should remain in the application database.

Conceptually:

```text
Cognito
├── Authentication Identity
└── Authentication-related information

Application Database
├── Profile
├── Preferences
├── Allergies
├── Inventory
└── Saved Recipes
```

Avoid architecture where every application feature must independently query or modify Cognito.

## Recommendation Integration

This issue stores preference/allergy information.

It does **not** apply Recipe matching rules.

Conceptually:

```text
User Preferences
       │
       ▼
RecommendationService
       │
       ▼
Recipe Recommendations
```

and:

```text
User Allergies
       │
       ▼
RecommendationService
       │
       ▼
Allergy-Safe Filtering
```

The User module answers:

> What preferences/allergies does this User have?

The Recommendation/Search modules answer:

> How should those settings affect Recipe results?

Keep those responsibilities separate.

## Search / Filtering Integration

Recipe Search/Filtering may later use saved preferences as defaults.

Conceptually:

```text
User Profile
     │
     ├── Dietary Preferences
     ├── Cuisine Preferences
     └── Allergies
             │
             ▼
     Recipe Search / Filtering
```

Issue #2 only persists the User data.

It does not implement Recipe filtering.

## Inventory Integration

Inventory will later belong to the application User.

Conceptually:

```text
Application User
      │
      ▼
InventoryItem
      │
      ▼
Ingredient
```

Issue #2 establishes the User side of this relationship.

Inventory persistence itself belongs to the Inventory issue.

## Saved Recipe Integration

Saved Recipes will also belong to the application User.

Conceptually:

```text
Application User
      │
      ▼
SavedRecipe
      │
      ▼
Recipe
```

Issue #2 establishes the User identity/profile domain.

It does not implement Saved Recipes.

## Security Requirements

### Authentication

Protected User/Profile endpoints must require authenticated identity.

### Ownership

Users must only access their own private Profile/preferences/allergies through normal User-facing endpoints.

### Server-Side Authority

Authorization must be enforced by Django.

Do not rely on:

- Hidden frontend buttons
- Frontend routes
- JavaScript checks
- Client-supplied User IDs

for actual authorization.

### Field-Level Security

Not every Profile field should necessarily be client-editable.

For example:

```text
is_admin
```

must not become User-editable merely because it is returned by the API.

Use appropriate serializer/read-only field behavior and permissions.

### Input Validation

Validate:

- Profile updates
- Preference values/references
- Allergen references
- Duplicate relationships
- Unsupported fields
- Invalid IDs

### Authentication Data

Do not expose:

- Cognito secrets
- Authentication tokens
- Password hashes
- Signing secrets
- Internal authentication metadata not intended for clients

## Scalability / Performance Requirements

### User Lookup

Current-user requests should efficiently locate the application User associated with authenticated identity.

Avoid repeated unnecessary lookups during a single request.

### Profile Retrieval

Retrieving:

```text
Profile
Preferences
Allergies
```

should avoid obvious unnecessary query patterns.

Use appropriate Django relationship/query optimization where applicable.

### Indexing

Fields frequently used for:

- User identity lookup
- User ownership lookup
- Preference relationships
- Allergy relationships

should use appropriate database indexes/constraints.

Do not create redundant indexes where primary keys, foreign keys, or uniqueness constraints already provide the required indexing.

### Stateless Backend Design

Do not store application authentication/session state in a way that requires requests from one User to always reach one specific Django server.

Conceptually:

```text
Request
   │
   ├── Backend Instance A
   ├── Backend Instance B
   └── Backend Instance C
```

should remain compatible with the system architecture once authentication is integrated.

The application User's persistent data belongs in shared persistent storage, not process-local memory.

## Additional Acceptance Criteria

### Security

- [ ] Protected Profile endpoints require authentication
- [ ] Protected preference endpoints require authentication
- [ ] Protected allergy endpoints require authentication
- [ ] User identity comes from authenticated request context
- [ ] Normal User endpoints do not accept arbitrary ownership `user_id`
- [ ] Users cannot retrieve another User's private Profile through normal User endpoints
- [ ] Users cannot modify another User's preferences
- [ ] Users cannot modify another User's allergies
- [ ] Authorization is enforced by Django
- [ ] Administrative/security-sensitive fields are protected from unauthorized updates
- [ ] Invalid canonical references are rejected
- [ ] No authentication secrets are exposed

### Performance

- [ ] User/Profile queries avoid obvious unnecessary database queries
- [ ] Preference retrieval avoids obvious N+1 behavior
- [ ] Allergy retrieval avoids obvious N+1 behavior
- [ ] Appropriate User-owned relationships are indexed/constrained
- [ ] Persistent User data is not stored in process-local backend state
- [ ] Design remains compatible with multiple backend instances

## Dependencies

This task can be developed independently from:

- Ingredient Foundation
- Recipe Models & API
- Inventory
- Recommendation Engine

However, any shared preference/allergen models referenced by `docs/database-design.md` must follow that design rather than being duplicated.

The Recommendation module will later depend on the User preference/allergy information established here.

Conceptually:

```text
User Profile & Preferences
           │
           ├─────────────┐
           │             │
           ▼             ▼
      Inventory     Search / Filtering
           │             │
           └──────┬──────┘
                  ▼
       Recommendation Engine
```

Amazon Cognito integration will be handled separately.

Conceptually:

```text
Cognito Integration
        │
        ▼
Authenticated Identity
        │
        ▼
Application User
```

Issue #2 should remain ready for that integration without implementing it prematurely.

## Important

Keep these responsibilities separate:

```text
Cognito
   │
   └── Authentication

Users App
   │
   ├── Application User
   ├── Profile
   ├── Preferences
   └── Allergies

Inventory App
   │
   └── User Ingredient Inventory

Recipe App
   │
   └── Recipe Data

Recommendation App
   │
   └── Recipe Matching
```

The Users app should not become a general-purpose location for all User-related business logic.

A feature belonging to a User does not automatically mean it belongs inside `apps/users/`.

For example:

```text
User has Inventory
```

does not mean:

```text
Inventory logic belongs in users/views.py
```

The Inventory domain should remain separate.

## Do NOT

- Implement a separate authentication architecture
- Replace Amazon Cognito with another authentication provider
- Implement username/password authentication specifically for this task
- Implement Google authentication as part of this task
- Implement Cognito integration prematurely
- Trust client-supplied email as authenticated identity
- Trust arbitrary client-supplied `user_id` values
- Allow Users to modify another User's Profile
- Allow Users to modify administrative fields without authorization
- Store application Profile/preferences primarily in Cognito
- Store Inventory primarily in Cognito
- Store Saved Recipes primarily in Cognito
- Store User authentication state only in Django process memory
- Create duplicate canonical preference/allergen models where shared models already exist
- Silently create canonical preference/allergen records from invalid IDs
- Implement Recipe filtering inside the Users app
- Implement Recommendation logic inside the Users app
- Implement Inventory functionality inside the Users app
- Implement Saved Recipes functionality inside the Users app
- Implement AI-based preference detection
- Modify unrelated Django apps
- Change shared architecture/API contracts without discussing it with the team

## Acceptance Criteria

### Application User / Profile

- [ ] Application User/Profile information can be stored
- [ ] Application User/Profile information can be retrieved
- [ ] Supported Profile fields can be updated
- [ ] Protected/read-only fields cannot be modified without authorization
- [ ] Profile response follows `docs/api-design.md`
- [ ] Required migrations are included

### Preferences

- [ ] Dietary preferences can be stored
- [ ] Dietary preferences can be retrieved
- [ ] Dietary preferences can be updated
- [ ] Cuisine preferences can be stored
- [ ] Cuisine preferences can be retrieved
- [ ] Cuisine preferences can be updated
- [ ] Users may have zero preferences
- [ ] Duplicate preference relationships are prevented where applicable
- [ ] Invalid preference values/references are rejected

### Allergies

- [ ] User allergies can be stored
- [ ] User allergies can be retrieved
- [ ] User allergies can be updated
- [ ] Users may have zero allergies
- [ ] Allergies remain distinct from general preferences
- [ ] Duplicate User/allergen relationships are prevented where applicable
- [ ] Invalid Allergen references are rejected

### API

- [ ] `GET /api/users/me/` works for authenticated Users
- [ ] `PATCH /api/users/me/` updates supported fields
- [ ] Preference retrieval works
- [ ] Preference updates work
- [ ] Allergy retrieval works
- [ ] Allergy updates work
- [ ] API responses follow `docs/api-design.md`
- [ ] API validation handles invalid input
- [ ] Unauthenticated access is rejected appropriately

### Security

- [ ] User identity is determined from authenticated request context
- [ ] Arbitrary `user_id` values are not trusted for ownership
- [ ] Users cannot modify another User's Profile
- [ ] Users cannot modify another User's preferences
- [ ] Users cannot modify another User's allergies
- [ ] Backend authorization remains authoritative
- [ ] Administrative/security-sensitive fields are protected
- [ ] Authentication-provider secrets are not exposed
- [ ] Architecture remains compatible with future Cognito integration

### Architecture

- [ ] Authentication and application User data remain separated
- [ ] User module does not implement Recommendation matching
- [ ] User module does not implement Inventory behavior
- [ ] User module does not implement Saved Recipes
- [ ] User preferences can later be consumed by Recommendation/Search services
- [ ] User allergies can later be consumed by Recommendation/Search services
- [ ] User data remains in persistent application storage
- [ ] Architecture remains compatible with multiple backend instances

### Performance / Scalability

- [ ] Profile retrieval avoids obvious unnecessary queries
- [ ] Preference retrieval avoids obvious N+1 behavior
- [ ] Allergy retrieval avoids obvious N+1 behavior
- [ ] Appropriate relationship constraints/indexes exist
- [ ] User identity lookup can be performed efficiently
- [ ] No server-instance affinity is introduced by this feature

### Testing / Quality

- [ ] Tests cover Profile retrieval
- [ ] Tests cover supported Profile updates
- [ ] Tests cover protected Profile fields
- [ ] Tests cover dietary preferences
- [ ] Tests cover cuisine preferences
- [ ] Tests cover allergies
- [ ] Tests cover empty preferences/allergies
- [ ] Tests cover duplicate prevention where applicable
- [ ] Tests cover invalid preference references
- [ ] Tests cover invalid Allergen references
- [ ] Tests cover unauthenticated requests
- [ ] Tests cover cross-user access attempts
- [ ] Tests cover ownership enforcement
- [ ] `python manage.py check` passes
- [ ] `python manage.py test` passes
- [ ] Existing functionality still works
- [ ] Implementation follows documented architecture

## Required Test Cases

At minimum, include tests for the following behaviors.

### Profile Retrieval

```text
Authenticated User A
        │
        ▼
GET /api/users/me/
        │
        ▼
User A Profile
```

Expected:

```text
200 OK
Own Profile returned
```

### Unauthenticated Profile Request

```text
Guest
  │
  ▼
GET /api/users/me/
```

Expected:

```text
Authentication Required
```

according to the project's API/authentication behavior.

### Profile Update

```text
Authenticated User
        │
        ▼
PATCH /api/users/me/

display_name = ""Alex""
```

Expected:

```text
Profile Updated
```

### Protected Field Update

Conceptually:

```json
{
  ""is_admin"": true
}
```

from a normal User.

Expected:

```text
Rejected or ignored according to documented serializer/API behavior.

User must not gain administrative privileges.
```

### Optional Preferences

Create a User with:

```text
Dietary Preferences: []
Cuisine Preferences: []
Allergies: []
```

Expected:

```text
Valid User
Profile remains usable
```

### Preference Update

```text
Existing:
Dietary → Halal

Update:
Dietary → Vegan
Cuisine → Korean
```

Expected:

```text
Saved preferences reflect the documented update semantics.
```

### Duplicate Preference

Attempt to associate the same preference twice.

Expected:

```text
No duplicate relationship is created.
```

### Allergy Update

```text
Existing:
Peanut
Dairy

Update:
Peanut
Shellfish
```

Expected according to the documented `PUT` semantics:

```text
Peanut
Shellfish
```

### Duplicate Allergy

Attempt:

```text
User #15 + Peanut
User #15 + Peanut
```

Expected:

```text
No duplicate User/allergen relationship.
```

### Invalid Allergen

Request:

```json
{
  ""allergen_ids"": [999999]
}
```

Expected:

```text
Validation Error
No arbitrary Allergen created
```

### Cross-User Access

```text
Authenticated User A
        │
        ▼
Attempt to access/modify User B's private data
```

Expected:

```text
Rejected
```

Normal current-user endpoints should not provide a mechanism for selecting User B in the first place.

### Arbitrary User ID

Attempt to send:

```json
{
  ""user_id"": 52,
  ""display_name"": ""Changed""
}
```

while authenticated as another User.

Expected:

```text
The supplied user_id does not change ownership.

User #52 is not modified.
```

### Query Efficiency

Create a User with multiple preferences and allergies.

Retrieve the relevant `/me/` endpoints.

Verify that retrieving the relationships does not generate one additional database query per preference/allergy item.

The exact query-count expectation should be based on the final implementation rather than an arbitrary number defined here.

## Before Submitting

Update the branch with the latest `main`.

Run:

```bash
cd backend
python manage.py check
python manage.py test
```

Manually verify the current-user endpoints according to the available development authentication/test setup:

```text
Authenticated User
      │
      ├── GET /api/users/me/
      ├── PATCH /api/users/me/
      ├── GET /api/users/me/preferences/
      ├── PATCH /api/users/me/preferences/
      ├── GET /api/users/me/allergies/
      └── PUT /api/users/me/allergies/
```

Verify:

```text
Own Profile
→ Allowed

Own Preferences
→ Allowed

Own Allergies
→ Allowed

Another User's Private Data
→ Not Accessible Through Normal User Endpoints
```

Also verify that a User with no preferences or allergies remains valid.

Then open a Pull Request into `main`.

**Do not push feature implementation directly to `main`.**

## Suggested Branch

`feature/users-profile`"
1,Backend: Implement Ingredient Foundation,open,sophia-dao,BurhanK1007,"backend, MVP",2026-09-29T03:42:03Z,2026-09-30T21:50:47Z,,https://github.com/sophia-dao/cloud_computing_proj/issues/1,"## Goal

Implement the canonical `Ingredient` foundation used throughout the application.

The `Ingredient` model will serve as the single shared source of ingredient identity across the system.

This is a foundational dependency for modules such as:

- Inventory
- Recipes
- Recommendations

Other modules must reference the canonical `Ingredient` model rather than creating their own ingredient representations.

---

## Where to Work

Backend code is located in:

`backend/`

The Ingredient Django app is located in:

`backend/apps/ingredients/`

Main files for this task:

- `backend/apps/ingredients/models.py` — Ingredient model
- `backend/apps/ingredients/serializers.py` — API serialization and validation
- `backend/apps/ingredients/views.py` — API views
- `backend/apps/ingredients/urls.py` — Ingredient API routes
- `backend/apps/ingredients/admin.py` — Django Admin registration
- `backend/apps/ingredients/tests/` — Ingredient tests

Some of these files or directories may not exist yet. Create them if needed while following the existing backend project structure.

Relevant documentation:

- `backend/README.md` — backend structure and development rules
- `docs/database-design.md` — database/model design
- `docs/api-design.md` — API contract
- `CONTRIBUTING.md` — development guidelines

---

## Tasks

- [ ] Create the canonical `Ingredient` Django model
- [ ] Add `name`
- [ ] Add optional `category`
- [ ] Ensure ingredient names are unique
- [ ] Register `Ingredient` with Django Admin
- [ ] Create ingredient serializer
- [ ] Implement ingredient list endpoint
- [ ] Implement case-insensitive ingredient search by name
- [ ] Implement ingredient detail endpoint
- [ ] Support pagination according to the shared API design
- [ ] Add tests

---

## Data Model

The `Ingredient` model should represent a canonical ingredient that can later be referenced by other modules.

Required fields:

- `id` — primary key
- `name` — required and unique
- `category` — optional

Example:

```text
Ingredient
├── id
├── name
└── category
```

Example ingredient:

```json
{
  ""id"": 1,
  ""name"": ""Chicken Breast"",
  ""category"": ""Poultry""
}
```

Ingredient identity should be based on the canonical database record and its ID.

---

## API

Expected endpoints:

```text
GET /api/ingredients/
GET /api/ingredients/?search=chicken
GET /api/ingredients/{id}/
```

### List Ingredients

```text
GET /api/ingredients/
```

Returns canonical ingredients using the pagination format defined by the shared API design.

### Search Ingredients

```text
GET /api/ingredients/?search=chicken
```

Search should:

- Be performed by the database
- Search the ingredient `name`
- Use case-insensitive partial matching
- Return canonical ingredient records/IDs
- Work with pagination

For example, searching for:

```text
chicken
```

may match:

```text
Chicken
Chicken Breast
Ground Chicken
```

The implementation should use Django ORM filtering or equivalent safe database querying.

Do not load all ingredients into application memory and filter them in Python.

### Ingredient Detail

```text
GET /api/ingredients/{id}/
```

Example response:

```json
{
  ""id"": 1,
  ""name"": ""Chicken Breast"",
  ""category"": ""Poultry""
}
```

A request for an ingredient ID that does not exist should return the appropriate `404` response.

---

## Security Requirements

Ingredient endpoints must follow the project's backend security practices.

### Input Validation

- Validate API input on the backend.
- Do not rely on frontend validation for security.
- Do not allow arbitrary client input to bypass serializer or API validation.
- Search parameters must be treated as untrusted user input.
- Use Django ORM filtering rather than constructing raw SQL from search input.
- Unexpected or malformed input must be handled safely without exposing internal application or database details.

### Data Integrity

- Ingredient names must satisfy the model's uniqueness constraint.
- Creation or modification of ingredient records must go through the appropriate Django model/serializer validation where applicable.
- Clients must not be able to provide or override canonical ingredient IDs.

---

## Scalability / Performance Requirements

The Ingredient API will be used by Inventory, Recipes, Recommendations, and ingredient autocomplete/search functionality, so it should be designed to support increasing dataset and request volume.

### Database Search

Ingredient search must be performed through database queries.

Do **not**:

1. Retrieve all ingredients
2. Load them into application memory
3. Filter them in Python

Filtering should occur at the database layer.

### Indexing

The `name` field must support efficient canonical ingredient lookup.

Because ingredient names are unique, the database uniqueness constraint should provide the index required for exact canonical-name lookup.

Do not add redundant indexes unnecessarily.

Advanced search optimizations such as:

- PostgreSQL trigram indexes
- Full-text search
- Elasticsearch/OpenSearch
- Dedicated search services

are outside the scope of the MVP and should only be introduced later if profiling/load testing demonstrates the need.

### Pagination

Ingredient list and search endpoints must support the pagination behavior defined in `docs/api-design.md`.

The API should not return an unbounded ingredient dataset in a single response.

### Query Efficiency

Avoid unnecessary database queries.

The endpoint should operate on Django QuerySets and allow filtering/pagination to occur before records are retrieved from the database.

These endpoints will later be included in system load testing so that scalability can be measured with actual statistics.

---

## Architecture

`Ingredient` is the canonical ingredient entity for the entire application.

Future relationships should follow this general structure:

```text
                 Ingredient
                    ↑
                    │
             ForeignKey
              ┌─────┴─────┐
              │           │
        InventoryItem  RecipeIngredient
```

Inventory and Recipe modules should reference the canonical `Ingredient` record through foreign keys rather than storing independent ingredient identities.

This allows the same ingredient ID to be reused throughout the system.

For example:

```text
Ingredient #42
""Chicken Breast""
```

can be referenced by both:

```text
InventoryItem → Ingredient #42
RecipeIngredient → Ingredient #42
```

This prevents duplicate ingredient representations across application modules.

---

## Additional Acceptance Criteria

- [ ] Ingredient search is performed through the database
- [ ] Search uses case-insensitive partial name matching
- [ ] Canonical ingredient lookup is appropriately indexed
- [ ] Large ingredient result sets can be paginated
- [ ] Invalid or unexpected search/input parameters are handled safely
- [ ] Search does not require loading all ingredients into application memory
- [ ] No unnecessary database queries are introduced

---

## Testing Requirements

Tests should cover at minimum:

- [ ] Ingredient model creation
- [ ] Optional category
- [ ] Ingredient name uniqueness
- [ ] Ingredient serialization
- [ ] Ingredient list endpoint
- [ ] Ingredient detail endpoint
- [ ] Nonexistent ingredient returns `404`
- [ ] Search by ingredient name
- [ ] Case-insensitive search
- [ ] Partial-name search
- [ ] Search with no matching results
- [ ] Pagination behavior
- [ ] Safe handling of malformed or unexpected search input

Tests should follow the project's existing testing conventions.

---

## Important

Use the shared canonical `Ingredient` model.

Other modules such as Inventory and Recipes should reference this model using foreign keys.

For the MVP, users will select canonical ingredients through search/autocomplete.

### Do NOT

- Create separate ingredient models for Recipes or Inventory
- Store independent ingredient names in modules that should reference the canonical model
- Implement AI ingredient recognition
- Implement fuzzy matching
- Implement ingredient aliases or synonyms
- Implement advanced ingredient normalization
- Implement full-text/trigram search unless separately approved
- Modify unrelated Django apps
- Change shared architecture or API contracts without discussing the change with the team

---

## Acceptance Criteria

- [ ] Ingredients can be created and stored
- [ ] Ingredient names are unique
- [ ] Ingredient category is optional
- [ ] Ingredients can be listed
- [ ] Ingredients can be searched by name
- [ ] Search is case-insensitive
- [ ] Search supports partial matches
- [ ] Ingredient detail can be retrieved by ID
- [ ] Unknown ingredient IDs return `404`
- [ ] API returns canonical ingredient IDs
- [ ] Large result sets can be paginated
- [ ] Search/filtering occurs at the database layer
- [ ] Backend input is validated safely
- [ ] Tests are included and pass
- [ ] `python manage.py check` passes
- [ ] Existing functionality still works

---

## Before Submitting

Run:

```bash
cd backend
python manage.py check
python manage.py test
```

All checks and tests must pass before submitting the Pull Request.

Then open a Pull Request into:

```text
main
```

---

## Suggested Branch

```text
feature/ingredients
```

## Dependencies

None.

This is a foundational backend issue and may be used as a dependency by later Inventory, Recipe, and Recommendation issues."
